-- MySQL dump 10.13  Distrib 5.7.31, for Linux (x86_64)
--
-- Host: localhost    Database: qmPlus
-- ------------------------------------------------------
-- Server version	5.7.31-0ubuntu0.16.04.1

/*!40101 SET @OLD_CHARACTER_SET_CLIENT=@@CHARACTER_SET_CLIENT */;
/*!40101 SET @OLD_CHARACTER_SET_RESULTS=@@CHARACTER_SET_RESULTS */;
/*!40101 SET @OLD_COLLATION_CONNECTION=@@COLLATION_CONNECTION */;
/*!40101 SET NAMES utf8 */;
/*!40103 SET @OLD_TIME_ZONE=@@TIME_ZONE */;
/*!40103 SET TIME_ZONE='+00:00' */;
/*!40014 SET @OLD_UNIQUE_CHECKS=@@UNIQUE_CHECKS, UNIQUE_CHECKS=0 */;
/*!40014 SET @OLD_FOREIGN_KEY_CHECKS=@@FOREIGN_KEY_CHECKS, FOREIGN_KEY_CHECKS=0 */;
/*!40101 SET @OLD_SQL_MODE=@@SQL_MODE, SQL_MODE='NO_AUTO_VALUE_ON_ZERO' */;
/*!40111 SET @OLD_SQL_NOTES=@@SQL_NOTES, SQL_NOTES=0 */;

--
-- Table structure for table `addresses`
--

DROP TABLE IF EXISTS `addresses`;
/*!40101 SET @saved_cs_client     = @@character_set_client */;
/*!40101 SET character_set_client = utf8 */;
CREATE TABLE `addresses` (
  `id` int(10) unsigned NOT NULL AUTO_INCREMENT,
  `create_at` timestamp NULL DEFAULT NULL,
  `update_at` timestamp NULL DEFAULT NULL,
  `deleted_at` timestamp NULL DEFAULT NULL,
  `address_name` varchar(255) DEFAULT NULL COMMENT '地址，精确到类似小区级别',
  `created_at` datetime DEFAULT NULL,
  `updated_at` datetime DEFAULT NULL,
  PRIMARY KEY (`id`) USING BTREE,
  KEY `idx_addresses_deleted_at` (`deleted_at`)
) ENGINE=InnoDB AUTO_INCREMENT=100 DEFAULT CHARSET=utf8 ROW_FORMAT=COMPACT COMMENT='地址表';
/*!40101 SET character_set_client = @saved_cs_client */;

--
-- Dumping data for table `addresses`
--

LOCK TABLES `addresses` WRITE;
/*!40000 ALTER TABLE `addresses` DISABLE KEYS */;
/*!40000 ALTER TABLE `addresses` ENABLE KEYS */;
UNLOCK TABLES;

--
-- Temporary table structure for view `authority_menu`
--

DROP TABLE IF EXISTS `authority_menu`;
/*!50001 DROP VIEW IF EXISTS `authority_menu`*/;
SET @saved_cs_client     = @@character_set_client;
SET character_set_client = utf8;
/*!50001 CREATE VIEW `authority_menu` AS SELECT 
 1 AS `id`,
 1 AS `created_at`,
 1 AS `updated_at`,
 1 AS `deleted_at`,
 1 AS `menu_level`,
 1 AS `parent_id`,
 1 AS `path`,
 1 AS `name`,
 1 AS `hidden`,
 1 AS `component`,
 1 AS `title`,
 1 AS `icon`,
 1 AS `nick_name`,
 1 AS `sort`,
 1 AS `authority_id`,
 1 AS `menu_id`,
 1 AS `keep_alive`,
 1 AS `default_menu`*/;
SET character_set_client = @saved_cs_client;

--
-- Table structure for table `casbin_rule`
--

DROP TABLE IF EXISTS `casbin_rule`;
/*!40101 SET @saved_cs_client     = @@character_set_client */;
/*!40101 SET character_set_client = utf8 */;
CREATE TABLE `casbin_rule` (
  `p_type` varchar(100) DEFAULT NULL,
  `v0` varchar(100) DEFAULT NULL,
  `v1` varchar(100) DEFAULT NULL,
  `v2` varchar(100) DEFAULT NULL,
  `v3` varchar(100) DEFAULT NULL,
  `v4` varchar(100) DEFAULT NULL,
  `v5` varchar(100) DEFAULT NULL
) ENGINE=InnoDB DEFAULT CHARSET=utf8 ROW_FORMAT=COMPACT;
/*!40101 SET character_set_client = @saved_cs_client */;

--
-- Dumping data for table `casbin_rule`
--

LOCK TABLES `casbin_rule` WRITE;
/*!40000 ALTER TABLE `casbin_rule` DISABLE KEYS */;
INSERT INTO `casbin_rule` VALUES ('p','8881','/base/login','POST','','',''),('p','8881','/base/register','POST','','',''),('p','8881','/api/createApi','POST','','',''),('p','8881','/api/getApiList','POST','','',''),('p','8881','/api/getApiById','POST','','',''),('p','8881','/api/deleteApi','POST','','',''),('p','8881','/api/updateApi','POST','','',''),('p','8881','/api/getAllApis','POST','','',''),('p','8881','/authority/createAuthority','POST','','',''),('p','8881','/authority/deleteAuthority','POST','','',''),('p','8881','/authority/getAuthorityList','POST','','',''),('p','8881','/authority/setDataAuthority','POST','','',''),('p','8881','/menu/getMenu','POST','','',''),('p','8881','/menu/getMenuList','POST','','',''),('p','8881','/menu/addBaseMenu','POST','','',''),('p','8881','/menu/getBaseMenuTree','POST','','',''),('p','8881','/menu/addMenuAuthority','POST','','',''),('p','8881','/menu/getMenuAuthority','POST','','',''),('p','8881','/menu/deleteBaseMenu','POST','','',''),('p','8881','/menu/updateBaseMenu','POST','','',''),('p','8881','/menu/getBaseMenuById','POST','','',''),('p','8881','/user/changePassword','POST','','',''),('p','8881','/user/uploadHeaderImg','POST','','',''),('p','8881','/user/getInfoList','POST','','',''),('p','8881','/user/getUserList','POST','','',''),('p','8881','/user/setUserAuthority','POST','','',''),('p','8881','/fileUploadAndDownload/upload','POST','','',''),('p','8881','/fileUploadAndDownload/getFileList','POST','','',''),('p','8881','/fileUploadAndDownload/deleteFile','POST','','',''),('p','8881','/casbin/updateCasbin','POST','','',''),('p','8881','/casbin/getPolicyPathByAuthorityId','POST','','',''),('p','8881','/jwt/jsonInBlacklist','POST','','',''),('p','8881','/system/getSystemConfig','POST','','',''),('p','8881','/system/setSystemConfig','POST','','',''),('p','8881','/customer/customer','POST','','',''),('p','8881','/customer/customer','PUT','','',''),('p','8881','/customer/customer','DELETE','','',''),('p','8881','/customer/customer','GET','','',''),('p','8881','/customer/customerList','GET','','',''),('p','9528','/base/login','POST','','',''),('p','9528','/base/register','POST','','',''),('p','9528','/api/createApi','POST','','',''),('p','9528','/api/getApiList','POST','','',''),('p','9528','/api/getApiById','POST','','',''),('p','9528','/api/deleteApi','POST','','',''),('p','9528','/api/updateApi','POST','','',''),('p','9528','/api/getAllApis','POST','','',''),('p','9528','/authority/createAuthority','POST','','',''),('p','9528','/authority/deleteAuthority','POST','','',''),('p','9528','/authority/getAuthorityList','POST','','',''),('p','9528','/authority/setDataAuthority','POST','','',''),('p','9528','/menu/getMenu','POST','','',''),('p','9528','/menu/getMenuList','POST','','',''),('p','9528','/menu/addBaseMenu','POST','','',''),('p','9528','/menu/getBaseMenuTree','POST','','',''),('p','9528','/menu/addMenuAuthority','POST','','',''),('p','9528','/menu/getMenuAuthority','POST','','',''),('p','9528','/menu/deleteBaseMenu','POST','','',''),('p','9528','/menu/updateBaseMenu','POST','','',''),('p','9528','/menu/getBaseMenuById','POST','','',''),('p','9528','/user/changePassword','POST','','',''),('p','9528','/user/uploadHeaderImg','POST','','',''),('p','9528','/user/getInfoList','POST','','',''),('p','9528','/user/getUserList','POST','','',''),('p','9528','/user/setUserAuthority','POST','','',''),('p','9528','/fileUploadAndDownload/upload','POST','','',''),('p','9528','/fileUploadAndDownload/getFileList','POST','','',''),('p','9528','/fileUploadAndDownload/deleteFile','POST','','',''),('p','9528','/casbin/updateCasbin','POST','','',''),('p','9528','/casbin/getPolicyPathByAuthorityId','POST','','',''),('p','9528','/jwt/jsonInBlacklist','POST','','',''),('p','9528','/system/getSystemConfig','POST','','',''),('p','9528','/system/setSystemConfig','POST','','',''),('p','9528','/customer/customer','POST','','',''),('p','9528','/customer/customer','PUT','','',''),('p','9528','/customer/customer','DELETE','','',''),('p','9528','/customer/customer','GET','','',''),('p','9528','/customer/customerList','GET','','',''),('p','9528','/autoCode/createTemp','POST','','',''),('p','888','/base/login','POST','','',''),('p','888','/base/register','POST','','',''),('p','888','/api/createApi','POST','','',''),('p','888','/api/getApiList','POST','','',''),('p','888','/api/getApiById','POST','','',''),('p','888','/api/deleteApi','POST','','',''),('p','888','/api/updateApi','POST','','',''),('p','888','/api/getAllApis','POST','','',''),('p','888','/authority/createAuthority','POST','','',''),('p','888','/authority/deleteAuthority','POST','','',''),('p','888','/authority/getAuthorityList','POST','','',''),('p','888','/authority/setDataAuthority','POST','','',''),('p','888','/authority/updateAuthority','PUT','','',''),('p','888','/authority/copyAuthority','POST','','',''),('p','888','/menu/getMenu','POST','','',''),('p','888','/menu/getMenuList','POST','','',''),('p','888','/menu/addBaseMenu','POST','','',''),('p','888','/menu/getBaseMenuTree','POST','','',''),('p','888','/menu/addMenuAuthority','POST','','',''),('p','888','/menu/getMenuAuthority','POST','','',''),('p','888','/menu/deleteBaseMenu','POST','','',''),('p','888','/menu/updateBaseMenu','POST','','',''),('p','888','/menu/getBaseMenuById','POST','','',''),('p','888','/user/changePassword','POST','','',''),('p','888','/user/uploadHeaderImg','POST','','',''),('p','888','/user/getInfoList','POST','','',''),('p','888','/user/getUserList','POST','','',''),('p','888','/user/setUserAuthority','POST','','',''),('p','888','/user/deleteUser','DELETE','','',''),('p','888','/fileUploadAndDownload/upload','POST','','',''),('p','888','/fileUploadAndDownload/getFileList','POST','','',''),('p','888','/fileUploadAndDownload/deleteFile','POST','','',''),('p','888','/casbin/updateCasbin','POST','','',''),('p','888','/casbin/getPolicyPathByAuthorityId','POST','','',''),('p','888','/casbin/casbinTest/:pathParam','GET','','',''),('p','888','/jwt/jsonInBlacklist','POST','','',''),('p','888','/system/getSystemConfig','POST','','',''),('p','888','/system/setSystemConfig','POST','','',''),('p','888','/customer/customer','POST','','',''),('p','888','/customer/customer','PUT','','',''),('p','888','/customer/customer','DELETE','','',''),('p','888','/customer/customer','GET','','',''),('p','888','/customer/customerList','GET','','',''),('p','888','/autoCode/createTemp','POST','','',''),('p','888','/autoCode/getTables','GET','','',''),('p','888','/autoCode/getDB','GET','','',''),('p','888','/autoCode/getColume','GET','','',''),('p','888','/sysDictionaryDetail/createSysDictionaryDetail','POST','','',''),('p','888','/sysDictionaryDetail/deleteSysDictionaryDetail','DELETE','','',''),('p','888','/sysDictionaryDetail/updateSysDictionaryDetail','PUT','','',''),('p','888','/sysDictionaryDetail/findSysDictionaryDetail','GET','','',''),('p','888','/sysDictionaryDetail/getSysDictionaryDetailList','GET','','',''),('p','888','/sysDictionary/createSysDictionary','POST','','',''),('p','888','/sysDictionary/deleteSysDictionary','DELETE','','',''),('p','888','/sysDictionary/updateSysDictionary','PUT','','',''),('p','888','/sysDictionary/findSysDictionary','GET','','',''),('p','888','/sysDictionary/getSysDictionaryList','GET','','',''),('p','888','/sysOperationRecord/createSysOperationRecord','POST','','',''),('p','888','/sysOperationRecord/deleteSysOperationRecord','DELETE','','',''),('p','888','/sysOperationRecord/updateSysOperationRecord','PUT','','',''),('p','888','/sysOperationRecord/findSysOperationRecord','GET','','',''),('p','888','/sysOperationRecord/getSysOperationRecordList','GET','','',''),('p','888','/sysOperationRecord/deleteSysOperationRecordByIds','DELETE','','',''),('p','888','/subject/getSubjectById','POST','','',''),('p','888','/subject/getSubjectList','POST','','',''),('p','888','/subject/createSubject','POST','','',''),('p','888','/subject/updateSubject','POST','','',''),('p','888','/subject/deleteSubject','POST','','',''),('p','888','/subject/getAllSubjects','POST','','',''),('p','888','/categories/createCategories','POST','','',''),('p','888','/categories/deleteCategories','DELETE','','',''),('p','888','/categories/deleteCategoriesByIds','DELETE','','',''),('p','888','/categories/updateCategories','PUT','','',''),('p','888','/categories/findCategories','GET','','',''),('p','888','/categories/getCategoriesList','GET','','','');
/*!40000 ALTER TABLE `casbin_rule` ENABLE KEYS */;
UNLOCK TABLES;

--
-- Table structure for table `categories`
--

DROP TABLE IF EXISTS `categories`;
/*!40101 SET @saved_cs_client     = @@character_set_client */;
/*!40101 SET character_set_client = utf8 */;
CREATE TABLE `categories` (
  `id` int(10) unsigned NOT NULL AUTO_INCREMENT,
  `create_at` timestamp NULL DEFAULT NULL,
  `update_at` timestamp NULL DEFAULT NULL,
  `deleted_at` timestamp NULL DEFAULT NULL,
  `category_subject_id` int(10) NOT NULL COMMENT '类别主体id',
  `category_name` varchar(50) DEFAULT NULL COMMENT '公司类别名',
  `created_at` datetime DEFAULT NULL,
  `updated_at` datetime DEFAULT NULL,
  `subject_id` int(11) DEFAULT NULL,
  PRIMARY KEY (`id`) USING BTREE,
  KEY `idx_categories_deleted_at` (`deleted_at`)
) ENGINE=InnoDB AUTO_INCREMENT=122 DEFAULT CHARSET=utf8 ROW_FORMAT=COMPACT COMMENT='电梯类别表';
/*!40101 SET character_set_client = @saved_cs_client */;

--
-- Dumping data for table `categories`
--

LOCK TABLES `categories` WRITE;
/*!40000 ALTER TABLE `categories` DISABLE KEYS */;
INSERT INTO `categories` VALUES (100,NULL,NULL,'2020-07-30 06:38:50',0,'','2020-07-30 14:13:35','2020-07-30 14:13:35',NULL),(101,NULL,NULL,NULL,100,'住宅客梯','2020-07-30 14:39:09','2020-07-30 14:39:09',NULL),(102,NULL,NULL,NULL,100,'住宅货梯','2020-07-30 17:05:44','2020-07-30 17:05:44',NULL),(103,NULL,NULL,NULL,100,'住宅扶梯','2020-07-30 17:06:15','2020-07-30 17:06:15',NULL),(104,NULL,NULL,NULL,100,'商场客梯','2020-07-30 17:06:57','2020-07-30 17:06:57',NULL),(105,NULL,NULL,NULL,100,'商场货梯','2020-07-30 17:07:06','2020-07-30 17:07:06',NULL),(106,NULL,NULL,NULL,100,'商场扶梯','2020-07-30 17:07:19','2020-07-30 17:07:19',NULL),(107,NULL,NULL,NULL,100,'医院客梯','2020-07-30 17:08:45','2020-07-30 17:08:45',NULL),(108,NULL,NULL,NULL,100,'医院货梯','2020-07-30 17:09:00','2020-07-30 17:09:00',NULL),(109,NULL,NULL,NULL,100,'医院扶梯','2020-07-30 17:09:11','2020-07-30 17:09:11',NULL),(110,NULL,NULL,NULL,100,'写字楼客梯','2020-07-30 17:10:24','2020-07-30 17:10:24',NULL),(111,NULL,NULL,NULL,100,'写字楼货梯','2020-07-30 17:10:33','2020-07-30 17:10:33',NULL),(112,NULL,NULL,NULL,100,'政府单位客梯','2020-07-30 17:11:54','2020-07-30 17:11:54',NULL),(113,NULL,NULL,NULL,100,'政府单位货梯','2020-07-30 17:12:03','2020-07-30 17:12:03',NULL),(114,NULL,NULL,NULL,101,'运营平台','2020-07-30 17:14:50','2020-07-30 17:14:50',NULL),(115,NULL,NULL,NULL,101,'物业','2020-07-30 17:16:21','2020-07-30 17:16:21',NULL),(116,NULL,NULL,NULL,101,'维保公司','2020-07-30 17:16:40','2020-07-30 17:16:40',NULL),(117,NULL,NULL,NULL,101,'电梯生产商','2020-07-30 17:17:15','2020-07-30 17:17:15',NULL),(118,NULL,NULL,NULL,101,'电梯年检单位','2020-07-30 17:18:20','2020-07-30 17:18:20',NULL),(119,NULL,NULL,NULL,101,'电梯安装公司','2020-07-30 17:18:37','2020-07-30 17:18:37',NULL),(120,NULL,NULL,NULL,101,'监督单位','2020-07-30 17:19:01','2020-07-30 17:19:01',NULL),(121,NULL,NULL,NULL,101,'电梯使用单位','2020-07-30 17:19:21','2020-07-30 17:19:21',NULL);
/*!40000 ALTER TABLE `categories` ENABLE KEYS */;
UNLOCK TABLES;

--
-- Table structure for table `category_subjects`
--

DROP TABLE IF EXISTS `category_subjects`;
/*!40101 SET @saved_cs_client     = @@character_set_client */;
/*!40101 SET character_set_client = utf8 */;
CREATE TABLE `category_subjects` (
  `id` int(10) unsigned NOT NULL AUTO_INCREMENT,
  `create_at` timestamp NULL DEFAULT NULL,
  `update_at` timestamp NULL DEFAULT NULL,
  `deleted_at` timestamp NULL DEFAULT NULL,
  `subject_name` varchar(50) DEFAULT NULL COMMENT '类别主体名',
  `created_at` datetime DEFAULT NULL,
  `updated_at` datetime DEFAULT NULL,
  PRIMARY KEY (`id`) USING BTREE,
  KEY `idx_category_subjects_deleted_at` (`deleted_at`)
) ENGINE=InnoDB AUTO_INCREMENT=107 DEFAULT CHARSET=utf8 ROW_FORMAT=COMPACT COMMENT='类别主体表，电梯/公司/记录/......';
/*!40101 SET character_set_client = @saved_cs_client */;

--
-- Dumping data for table `category_subjects`
--

LOCK TABLES `category_subjects` WRITE;
/*!40000 ALTER TABLE `category_subjects` DISABLE KEYS */;
INSERT INTO `category_subjects` VALUES (100,NULL,NULL,NULL,'电梯使用场景','2020-07-30 10:22:39','2020-07-30 17:12:55'),(101,NULL,NULL,NULL,'公司类别','2020-07-30 10:23:20','2020-07-30 10:23:20'),(102,NULL,NULL,NULL,'用户电梯关系','2020-07-30 10:24:48','2020-07-30 16:51:36'),(103,NULL,NULL,NULL,'电梯记录','2020-07-30 10:25:12','2020-07-30 17:13:10'),(104,NULL,NULL,NULL,'电梯故障来源','2020-07-30 10:25:35','2020-07-30 16:51:41'),(105,NULL,NULL,NULL,'电梯故障解除方式','2020-07-30 10:26:03','2020-07-30 16:51:46'),(106,NULL,NULL,NULL,'电梯故障原因','2020-07-30 10:26:22','2020-07-30 16:51:49');
/*!40000 ALTER TABLE `category_subjects` ENABLE KEYS */;
UNLOCK TABLES;

--
-- Table structure for table `companies`
--

DROP TABLE IF EXISTS `companies`;
/*!40101 SET @saved_cs_client     = @@character_set_client */;
/*!40101 SET character_set_client = utf8 */;
CREATE TABLE `companies` (
  `id` int(10) unsigned NOT NULL AUTO_INCREMENT,
  `create_at` timestamp NULL DEFAULT NULL,
  `update_at` timestamp NULL DEFAULT NULL,
  `deleted_at` timestamp NULL DEFAULT NULL,
  `full_name` varchar(50) DEFAULT NULL COMMENT '公司全称',
  `alias` varchar(50) DEFAULT NULL COMMENT '公司简称',
  `legal_person` varchar(50) DEFAULT NULL COMMENT '法人信息',
  `phone_number` varchar(20) DEFAULT NULL COMMENT '联系方式',
  `status` varchar(20) DEFAULT NULL COMMENT '公司状态',
  `reg_code` varchar(20) DEFAULT NULL COMMENT '工商注册号',
  `org_code` varchar(20) DEFAULT NULL COMMENT '组织机构号',
  `credit_code` varchar(20) DEFAULT NULL COMMENT '统一信用代码',
  `tax_code` varchar(20) DEFAULT NULL COMMENT '纳税人识别号',
  `address` varchar(255) DEFAULT NULL COMMENT '注册地址',
  `category_id` int(10) NOT NULL COMMENT '电梯类别',
  `created_at` datetime DEFAULT NULL,
  `updated_at` datetime DEFAULT NULL,
  PRIMARY KEY (`id`) USING BTREE,
  KEY `idx_companies_deleted_at` (`deleted_at`)
) ENGINE=InnoDB AUTO_INCREMENT=100 DEFAULT CHARSET=utf8 ROW_FORMAT=COMPACT COMMENT='公司表';
/*!40101 SET character_set_client = @saved_cs_client */;

--
-- Dumping data for table `companies`
--

LOCK TABLES `companies` WRITE;
/*!40000 ALTER TABLE `companies` DISABLE KEYS */;
/*!40000 ALTER TABLE `companies` ENABLE KEYS */;
UNLOCK TABLES;

--
-- Table structure for table `exa_customers`
--

DROP TABLE IF EXISTS `exa_customers`;
/*!40101 SET @saved_cs_client     = @@character_set_client */;
/*!40101 SET character_set_client = utf8 */;
CREATE TABLE `exa_customers` (
  `id` int(10) unsigned NOT NULL AUTO_INCREMENT,
  `created_at` timestamp NULL DEFAULT NULL,
  `updated_at` timestamp NULL DEFAULT NULL,
  `deleted_at` timestamp NULL DEFAULT NULL,
  `customer_name` varchar(255) COLLATE utf8mb4_bin DEFAULT NULL COMMENT '客户名',
  `customer_phone_data` varchar(255) CHARACTER SET utf8 DEFAULT NULL COMMENT '客户电话',
  `sys_user_id` int(10) unsigned DEFAULT NULL COMMENT '负责员工id',
  `sys_user_authority_id` varchar(255) CHARACTER SET utf8 DEFAULT NULL COMMENT '负责员工角色',
  PRIMARY KEY (`id`) USING BTREE,
  KEY `idx_exa_customers_deleted_at` (`deleted_at`) USING BTREE
) ENGINE=InnoDB AUTO_INCREMENT=2 DEFAULT CHARSET=utf8mb4 COLLATE=utf8mb4_bin ROW_FORMAT=COMPACT;
/*!40101 SET character_set_client = @saved_cs_client */;

--
-- Dumping data for table `exa_customers`
--

LOCK TABLES `exa_customers` WRITE;
/*!40000 ALTER TABLE `exa_customers` DISABLE KEYS */;
INSERT INTO `exa_customers` VALUES (1,'2020-02-25 10:01:48','2020-04-10 04:29:29',NULL,'测试客户','1761111111',10,'888');
/*!40000 ALTER TABLE `exa_customers` ENABLE KEYS */;
UNLOCK TABLES;

--
-- Table structure for table `exa_file_chunks`
--

DROP TABLE IF EXISTS `exa_file_chunks`;
/*!40101 SET @saved_cs_client     = @@character_set_client */;
/*!40101 SET character_set_client = utf8 */;
CREATE TABLE `exa_file_chunks` (
  `id` int(10) unsigned NOT NULL AUTO_INCREMENT,
  `created_at` timestamp NULL DEFAULT NULL,
  `updated_at` timestamp NULL DEFAULT NULL,
  `deleted_at` timestamp NULL DEFAULT NULL,
  `exa_file_id` int(10) unsigned DEFAULT NULL COMMENT '文件id',
  `file_chunk_path` varchar(255) DEFAULT NULL COMMENT '切片路径',
  `file_chunk_number` int(11) DEFAULT NULL COMMENT '切片标号',
  PRIMARY KEY (`id`) USING BTREE,
  KEY `idx_exa_file_chunks_deleted_at` (`deleted_at`) USING BTREE
) ENGINE=InnoDB DEFAULT CHARSET=utf8 ROW_FORMAT=COMPACT;
/*!40101 SET character_set_client = @saved_cs_client */;

--
-- Dumping data for table `exa_file_chunks`
--

LOCK TABLES `exa_file_chunks` WRITE;
/*!40000 ALTER TABLE `exa_file_chunks` DISABLE KEYS */;
/*!40000 ALTER TABLE `exa_file_chunks` ENABLE KEYS */;
UNLOCK TABLES;

--
-- Table structure for table `exa_file_upload_and_downloads`
--

DROP TABLE IF EXISTS `exa_file_upload_and_downloads`;
/*!40101 SET @saved_cs_client     = @@character_set_client */;
/*!40101 SET character_set_client = utf8 */;
CREATE TABLE `exa_file_upload_and_downloads` (
  `id` int(10) unsigned NOT NULL AUTO_INCREMENT,
  `created_at` timestamp NULL DEFAULT NULL,
  `updated_at` timestamp NULL DEFAULT NULL,
  `deleted_at` timestamp NULL DEFAULT NULL,
  `name` varchar(255) DEFAULT NULL COMMENT '文件名',
  `url` varchar(255) DEFAULT NULL COMMENT '文件URL',
  `tag` varchar(255) DEFAULT NULL COMMENT '文件类型',
  `key` varchar(255) DEFAULT NULL COMMENT '标记',
  PRIMARY KEY (`id`) USING BTREE,
  KEY `idx_file_upload_and_downloads_deleted_at` (`deleted_at`) USING BTREE,
  KEY `idx_exa_file_upload_and_downloads_deleted_at` (`deleted_at`) USING BTREE
) ENGINE=InnoDB AUTO_INCREMENT=20 DEFAULT CHARSET=utf8 ROW_FORMAT=COMPACT;
/*!40101 SET character_set_client = @saved_cs_client */;

--
-- Dumping data for table `exa_file_upload_and_downloads`
--

LOCK TABLES `exa_file_upload_and_downloads` WRITE;
/*!40000 ALTER TABLE `exa_file_upload_and_downloads` DISABLE KEYS */;
INSERT INTO `exa_file_upload_and_downloads` VALUES (17,'2020-04-26 03:51:39','2020-04-26 03:51:39',NULL,'10.png','http://qmplusimg.henrongyi.top/158787308910.png','png','158787308910.png'),(19,'2020-04-27 07:48:38','2020-04-27 07:48:38',NULL,'logo.png','http://qmplusimg.henrongyi.top/1587973709logo.png','png','1587973709logo.png');
/*!40000 ALTER TABLE `exa_file_upload_and_downloads` ENABLE KEYS */;
UNLOCK TABLES;

--
-- Table structure for table `exa_files`
--

DROP TABLE IF EXISTS `exa_files`;
/*!40101 SET @saved_cs_client     = @@character_set_client */;
/*!40101 SET character_set_client = utf8 */;
CREATE TABLE `exa_files` (
  `id` int(10) unsigned NOT NULL AUTO_INCREMENT,
  `created_at` timestamp NULL DEFAULT NULL,
  `updated_at` timestamp NULL DEFAULT NULL,
  `deleted_at` timestamp NULL DEFAULT NULL,
  `file_name` varchar(255) DEFAULT NULL COMMENT '文件名',
  `file_md5` varchar(255) DEFAULT NULL COMMENT '文件md5',
  `file_path` varchar(255) DEFAULT NULL COMMENT '文件路径',
  `chunk_total` int(11) DEFAULT NULL COMMENT '切片总数',
  `is_finish` tinyint(1) DEFAULT NULL COMMENT '是否完整',
  PRIMARY KEY (`id`) USING BTREE,
  KEY `idx_exa_files_deleted_at` (`deleted_at`) USING BTREE
) ENGINE=InnoDB DEFAULT CHARSET=utf8 ROW_FORMAT=COMPACT;
/*!40101 SET character_set_client = @saved_cs_client */;

--
-- Dumping data for table `exa_files`
--

LOCK TABLES `exa_files` WRITE;
/*!40000 ALTER TABLE `exa_files` DISABLE KEYS */;
/*!40000 ALTER TABLE `exa_files` ENABLE KEYS */;
UNLOCK TABLES;

--
-- Table structure for table `jwt_blacklists`
--

DROP TABLE IF EXISTS `jwt_blacklists`;
/*!40101 SET @saved_cs_client     = @@character_set_client */;
/*!40101 SET character_set_client = utf8 */;
CREATE TABLE `jwt_blacklists` (
  `id` int(10) unsigned NOT NULL AUTO_INCREMENT,
  `created_at` timestamp NULL DEFAULT NULL,
  `updated_at` timestamp NULL DEFAULT NULL,
  `deleted_at` timestamp NULL DEFAULT NULL,
  `jwt` text COMMENT 'jwt',
  PRIMARY KEY (`id`) USING BTREE,
  KEY `idx_jwt_blacklists_deleted_at` (`deleted_at`) USING BTREE
) ENGINE=InnoDB AUTO_INCREMENT=57 DEFAULT CHARSET=utf8 ROW_FORMAT=COMPACT;
/*!40101 SET character_set_client = @saved_cs_client */;

--
-- Dumping data for table `jwt_blacklists`
--

LOCK TABLES `jwt_blacklists` WRITE;
/*!40000 ALTER TABLE `jwt_blacklists` DISABLE KEYS */;
/*!40000 ALTER TABLE `jwt_blacklists` ENABLE KEYS */;
UNLOCK TABLES;

--
-- Table structure for table `lift_changes`
--

DROP TABLE IF EXISTS `lift_changes`;
/*!40101 SET @saved_cs_client     = @@character_set_client */;
/*!40101 SET character_set_client = utf8 */;
CREATE TABLE `lift_changes` (
  `id` int(10) unsigned NOT NULL AUTO_INCREMENT,
  `create_at` timestamp NULL DEFAULT NULL,
  `update_at` timestamp NULL DEFAULT NULL,
  `deleted_at` timestamp NULL DEFAULT NULL,
  `lift_id` int(10) unsigned NOT NULL COMMENT '电梯id',
  `content` varchar(255) DEFAULT NULL COMMENT '变更内容',
  `created_at` datetime DEFAULT NULL,
  `updated_at` datetime DEFAULT NULL,
  PRIMARY KEY (`id`) USING BTREE,
  KEY `idx_lift_changes_deleted_at` (`deleted_at`)
) ENGINE=InnoDB AUTO_INCREMENT=100 DEFAULT CHARSET=utf8 ROW_FORMAT=COMPACT COMMENT='电梯变更表';
/*!40101 SET character_set_client = @saved_cs_client */;

--
-- Dumping data for table `lift_changes`
--

LOCK TABLES `lift_changes` WRITE;
/*!40000 ALTER TABLE `lift_changes` DISABLE KEYS */;
/*!40000 ALTER TABLE `lift_changes` ENABLE KEYS */;
UNLOCK TABLES;

--
-- Table structure for table `lift_models`
--

DROP TABLE IF EXISTS `lift_models`;
/*!40101 SET @saved_cs_client     = @@character_set_client */;
/*!40101 SET character_set_client = utf8 */;
CREATE TABLE `lift_models` (
  `id` int(10) unsigned NOT NULL AUTO_INCREMENT,
  `create_at` timestamp NULL DEFAULT NULL,
  `update_at` timestamp NULL DEFAULT NULL,
  `deleted_at` timestamp NULL DEFAULT NULL,
  `factory_id` int(10) unsigned DEFAULT NULL COMMENT '电梯生产商id',
  `brand` varchar(50) DEFAULT NULL COMMENT '电梯品牌',
  `modal` varchar(50) DEFAULT NULL COMMENT '电梯型号',
  `load` int(11) DEFAULT NULL COMMENT '电梯载重',
  `created_at` datetime DEFAULT NULL,
  `updated_at` datetime DEFAULT NULL,
  PRIMARY KEY (`id`) USING BTREE,
  KEY `idx_lift_models_deleted_at` (`deleted_at`)
) ENGINE=InnoDB AUTO_INCREMENT=100 DEFAULT CHARSET=utf8 ROW_FORMAT=COMPACT COMMENT='电梯型号表';
/*!40101 SET character_set_client = @saved_cs_client */;

--
-- Dumping data for table `lift_models`
--

LOCK TABLES `lift_models` WRITE;
/*!40000 ALTER TABLE `lift_models` DISABLE KEYS */;
/*!40000 ALTER TABLE `lift_models` ENABLE KEYS */;
UNLOCK TABLES;

--
-- Table structure for table `lift_records`
--

DROP TABLE IF EXISTS `lift_records`;
/*!40101 SET @saved_cs_client     = @@character_set_client */;
/*!40101 SET character_set_client = utf8 */;
CREATE TABLE `lift_records` (
  `id` int(10) unsigned NOT NULL AUTO_INCREMENT,
  `create_at` timestamp NULL DEFAULT NULL,
  `update_at` timestamp NULL DEFAULT NULL,
  `deleted_at` timestamp NULL DEFAULT NULL,
  `lift_id` int(10) unsigned NOT NULL COMMENT '电梯id',
  `category_id` int(10) unsigned NOT NULL COMMENT '记录类别',
  `images` varchar(255) DEFAULT NULL COMMENT '图片记录',
  `content` varchar(255) DEFAULT NULL COMMENT '文字记录',
  `start_time` timestamp NULL DEFAULT NULL COMMENT '开始时间',
  `end_time` timestamp NULL DEFAULT NULL COMMENT '结束时间',
  `worker_id` int(10) unsigned NOT NULL COMMENT '操作人员',
  `recorder_id` int(10) unsigned NOT NULL COMMENT '记录人员',
  `created_at` datetime DEFAULT NULL,
  `updated_at` datetime DEFAULT NULL,
  PRIMARY KEY (`id`) USING BTREE,
  KEY `idx_lift_records_deleted_at` (`deleted_at`)
) ENGINE=InnoDB AUTO_INCREMENT=100 DEFAULT CHARSET=utf8 ROW_FORMAT=COMPACT COMMENT='电梯操作记录';
/*!40101 SET character_set_client = @saved_cs_client */;

--
-- Dumping data for table `lift_records`
--

LOCK TABLES `lift_records` WRITE;
/*!40000 ALTER TABLE `lift_records` DISABLE KEYS */;
/*!40000 ALTER TABLE `lift_records` ENABLE KEYS */;
UNLOCK TABLES;

--
-- Table structure for table `lift_troubles`
--

DROP TABLE IF EXISTS `lift_troubles`;
/*!40101 SET @saved_cs_client     = @@character_set_client */;
/*!40101 SET character_set_client = utf8 */;
CREATE TABLE `lift_troubles` (
  `id` int(10) unsigned NOT NULL AUTO_INCREMENT,
  `create_at` timestamp NULL DEFAULT NULL,
  `update_at` timestamp NULL DEFAULT NULL,
  `deleted_at` timestamp NULL DEFAULT NULL,
  `lift_id` int(10) unsigned NOT NULL COMMENT '电梯id',
  `from_category_id` int(10) unsigned NOT NULL COMMENT '故障来源类别',
  `start_time` timestamp NULL DEFAULT NULL COMMENT '故障开始时间',
  `start_user_id` int(10) DEFAULT NULL COMMENT '发起故障人员',
  `response_time` timestamp NULL DEFAULT NULL COMMENT '故障响应时间',
  `response_user_id` int(10) DEFAULT NULL COMMENT '故障响应人员',
  `scene_time` timestamp NULL DEFAULT NULL COMMENT '达到现场时间',
  `scene_user_id` int(10) DEFAULT NULL COMMENT '达到现场人员',
  `fix_time` timestamp NULL DEFAULT NULL COMMENT '解除故障时间',
  `fix_user_id` int(10) DEFAULT NULL COMMENT '解除故障人员',
  `fix_category_id` int(10) unsigned DEFAULT NULL COMMENT '解除故障方式类别',
  `reason_category_id` int(10) unsigned DEFAULT NULL COMMENT '故障原因类别',
  `content` varchar(255) DEFAULT NULL COMMENT '故障详情',
  `progress` int(10) unsigned NOT NULL DEFAULT '1' COMMENT '故障进度',
  `recorder_id` int(10) unsigned NOT NULL COMMENT '记录人员',
  `feedback_content` varchar(255) DEFAULT NULL COMMENT '反馈内容',
  `feedback_rate` int(10) unsigned NOT NULL DEFAULT '100' COMMENT '反馈评分',
  `created_at` datetime DEFAULT NULL,
  `updated_at` datetime DEFAULT NULL,
  PRIMARY KEY (`id`) USING BTREE,
  KEY `idx_lift_troubles_deleted_at` (`deleted_at`)
) ENGINE=InnoDB AUTO_INCREMENT=100 DEFAULT CHARSET=utf8 ROW_FORMAT=COMPACT COMMENT='电梯故障记录';
/*!40101 SET character_set_client = @saved_cs_client */;

--
-- Dumping data for table `lift_troubles`
--

LOCK TABLES `lift_troubles` WRITE;
/*!40000 ALTER TABLE `lift_troubles` DISABLE KEYS */;
/*!40000 ALTER TABLE `lift_troubles` ENABLE KEYS */;
UNLOCK TABLES;

--
-- Table structure for table `lifts`
--

DROP TABLE IF EXISTS `lifts`;
/*!40101 SET @saved_cs_client     = @@character_set_client */;
/*!40101 SET character_set_client = utf8 */;
CREATE TABLE `lifts` (
  `id` int(10) unsigned NOT NULL AUTO_INCREMENT,
  `create_at` timestamp NULL DEFAULT NULL,
  `update_at` timestamp NULL DEFAULT NULL,
  `deleted_at` timestamp NULL DEFAULT NULL,
  `nick_name` varchar(255) DEFAULT NULL COMMENT '电梯别名',
  `code` varchar(255) DEFAULT NULL COMMENT '电梯编号',
  `installer_id` int(10) unsigned DEFAULT NULL COMMENT '电梯安装公司id',
  `maintainer_id` int(10) unsigned DEFAULT NULL COMMENT '电梯维保公司id',
  `checker_id` int(10) unsigned DEFAULT NULL COMMENT '电梯年检公司id',
  `owner_id` int(10) unsigned DEFAULT NULL COMMENT '电梯使用公司id',
  `factory_time` timestamp NULL DEFAULT NULL COMMENT '电梯出厂时间',
  `install_time` timestamp NULL DEFAULT NULL COMMENT '电梯安装时间',
  `check_time` timestamp NULL DEFAULT NULL COMMENT '电梯年检时间',
  `lift_model_id` int(10) unsigned DEFAULT NULL COMMENT '电梯型号',
  `category_id` int(10) NOT NULL COMMENT '电梯类别',
  `floor_count` int(11) NOT NULL COMMENT '总楼层',
  `latitude` decimal(10,7) DEFAULT NULL COMMENT '电梯位置地理经度',
  `longitude` decimal(10,7) DEFAULT NULL COMMENT '电梯位置地理纬度',
  `address_id` int(10) DEFAULT NULL COMMENT '地址id',
  `region_id` int(11) DEFAULT NULL COMMENT '区域id',
  `building` varchar(50) DEFAULT NULL COMMENT '楼栋',
  `cell` int(11) DEFAULT NULL COMMENT '单元',
  `ad_device_id` int(10) unsigned DEFAULT NULL COMMENT '广告机设备id',
  `created_at` datetime DEFAULT NULL,
  `updated_at` datetime DEFAULT NULL,
  PRIMARY KEY (`id`) USING BTREE,
  KEY `idx_lifts_deleted_at` (`deleted_at`)
) ENGINE=InnoDB AUTO_INCREMENT=100 DEFAULT CHARSET=utf8 ROW_FORMAT=COMPACT COMMENT='电梯表';
/*!40101 SET character_set_client = @saved_cs_client */;

--
-- Dumping data for table `lifts`
--

LOCK TABLES `lifts` WRITE;
/*!40000 ALTER TABLE `lifts` DISABLE KEYS */;
/*!40000 ALTER TABLE `lifts` ENABLE KEYS */;
UNLOCK TABLES;

--
-- Table structure for table `regions`
--

DROP TABLE IF EXISTS `regions`;
/*!40101 SET @saved_cs_client     = @@character_set_client */;
/*!40101 SET character_set_client = utf8 */;
CREATE TABLE `regions` (
  `id` int(10) unsigned NOT NULL AUTO_INCREMENT,
  `create_at` timestamp NULL DEFAULT NULL,
  `update_at` timestamp NULL DEFAULT NULL,
  `deleted_at` timestamp NULL DEFAULT NULL,
  `province` varchar(50) DEFAULT NULL COMMENT '省份',
  `city` varchar(50) DEFAULT NULL COMMENT '城市',
  `district` varchar(50) DEFAULT NULL COMMENT '行政区',
  `created_at` datetime DEFAULT NULL,
  `updated_at` datetime DEFAULT NULL,
  PRIMARY KEY (`id`) USING BTREE,
  KEY `idx_regions_deleted_at` (`deleted_at`)
) ENGINE=InnoDB AUTO_INCREMENT=100 DEFAULT CHARSET=utf8 ROW_FORMAT=COMPACT COMMENT='区域表';
/*!40101 SET character_set_client = @saved_cs_client */;

--
-- Dumping data for table `regions`
--

LOCK TABLES `regions` WRITE;
/*!40000 ALTER TABLE `regions` DISABLE KEYS */;
/*!40000 ALTER TABLE `regions` ENABLE KEYS */;
UNLOCK TABLES;

--
-- Table structure for table `sys_apis`
--

DROP TABLE IF EXISTS `sys_apis`;
/*!40101 SET @saved_cs_client     = @@character_set_client */;
/*!40101 SET character_set_client = utf8 */;
CREATE TABLE `sys_apis` (
  `id` int(10) unsigned NOT NULL AUTO_INCREMENT,
  `created_at` timestamp NULL DEFAULT NULL,
  `updated_at` timestamp NULL DEFAULT NULL,
  `deleted_at` timestamp NULL DEFAULT NULL,
  `authority_id` int(10) unsigned DEFAULT NULL COMMENT '角色id',
  `path` varchar(255) DEFAULT NULL COMMENT '路由path',
  `description` varchar(255) DEFAULT NULL COMMENT '路由描述',
  `api_group` varchar(255) DEFAULT NULL COMMENT '路由分组',
  `method` varchar(255) DEFAULT 'POST' COMMENT '请求方法',
  PRIMARY KEY (`id`) USING BTREE,
  KEY `idx_apis_deleted_at` (`deleted_at`) USING BTREE,
  KEY `idx_sys_apis_deleted_at` (`deleted_at`) USING BTREE
) ENGINE=InnoDB AUTO_INCREMENT=118 DEFAULT CHARSET=utf8 ROW_FORMAT=COMPACT;
/*!40101 SET character_set_client = @saved_cs_client */;

--
-- Dumping data for table `sys_apis`
--

LOCK TABLES `sys_apis` WRITE;
/*!40000 ALTER TABLE `sys_apis` DISABLE KEYS */;
INSERT INTO `sys_apis` VALUES (1,'2019-09-28 03:23:49','2019-09-28 09:06:16',NULL,NULL,'/base/login','用户登录','base','POST'),(2,'2019-09-28 03:32:46','2019-09-28 09:06:11',NULL,NULL,'/base/register','用户注册','base','POST'),(3,'2019-09-28 03:33:41','2020-05-10 08:33:48',NULL,NULL,'/api/createApi','创建api','api','POST'),(4,'2019-09-28 06:09:04','2019-09-28 09:05:59',NULL,NULL,'/api/getApiList','获取api列表','api','POST'),(5,'2019-09-28 06:15:50','2019-09-28 09:05:53',NULL,NULL,'/api/getApiById','获取api详细信息','api','POST'),(7,'2019-09-28 06:19:26','2019-09-28 09:05:44',NULL,NULL,'/api/deleteApi','删除Api','api','POST'),(8,'2019-09-28 06:19:48','2019-09-28 09:05:39',NULL,NULL,'/api/updateApi','更新Api','api','POST'),(10,'2019-09-30 07:05:38','2019-09-30 07:05:38',NULL,NULL,'/api/getAllApis','获取所有api','api','POST'),(11,'2019-09-30 07:23:09','2019-09-30 07:23:09',NULL,NULL,'/authority/createAuthority','创建角色','authority','POST'),(12,'2019-09-30 07:23:33','2019-09-30 07:23:33',NULL,NULL,'/authority/deleteAuthority','删除角色','authority','POST'),(13,'2019-09-30 07:23:57','2019-09-30 07:23:57',NULL,NULL,'/authority/getAuthorityList','获取角色列表','authority','POST'),(14,'2019-09-30 07:24:20','2019-09-30 07:24:20',NULL,NULL,'/menu/getMenu','获取菜单树','menu','POST'),(15,'2019-09-30 07:24:50','2019-09-30 07:24:50',NULL,NULL,'/menu/getMenuList','分页获取基础menu列表','menu','POST'),(16,'2019-09-30 07:25:07','2019-09-30 07:25:07',NULL,NULL,'/menu/addBaseMenu','新增菜单','menu','POST'),(17,'2019-09-30 07:25:25','2019-09-30 07:25:25',NULL,NULL,'/menu/getBaseMenuTree','获取用户动态路由','menu','POST'),(18,'2019-09-30 07:25:53','2019-09-30 07:25:53',NULL,NULL,'/menu/addMenuAuthority','增加menu和角色关联关系','menu','POST'),(19,'2019-09-30 07:26:20','2019-09-30 07:26:20',NULL,NULL,'/menu/getMenuAuthority','获取指定角色menu','menu','POST'),(20,'2019-09-30 07:26:43','2019-09-30 07:26:43',NULL,NULL,'/menu/deleteBaseMenu','删除菜单','menu','POST'),(21,'2019-09-30 07:28:05','2019-09-30 07:28:05',NULL,NULL,'/menu/updateBaseMenu','更新菜单','menu','POST'),(22,'2019-09-30 07:28:21','2019-09-30 07:28:21',NULL,NULL,'/menu/getBaseMenuById','根据id获取菜单','menu','POST'),(23,'2019-09-30 07:29:19','2019-09-30 07:29:19',NULL,NULL,'/user/changePassword','修改密码','user','POST'),(24,'2019-09-30 07:29:33','2019-09-30 07:29:33',NULL,NULL,'/user/uploadHeaderImg','上传头像','user','POST'),(25,'2019-09-30 07:30:00','2019-09-30 07:30:00',NULL,NULL,'/user/getInfoList','分页获取用户列表','user','POST'),(28,'2019-10-09 07:15:17','2019-10-09 07:17:07',NULL,NULL,'/user/getUserList','获取用户列表','user','POST'),(29,'2019-10-09 15:01:40','2019-10-09 15:01:40',NULL,NULL,'/user/setUserAuthority','修改用户角色','user','POST'),(30,'2019-10-26 12:14:38','2019-10-26 12:14:38',NULL,NULL,'/fileUploadAndDownload/upload','文件上传示例','fileUploadAndDownload','POST'),(31,'2019-10-26 12:14:59','2019-10-26 12:14:59',NULL,NULL,'/fileUploadAndDownload/getFileList','获取上传文件列表','fileUploadAndDownload','POST'),(32,'2019-12-12 05:28:47','2019-12-12 05:28:47',NULL,NULL,'/casbin/updateCasbin','更改角色api权限','casbin','POST'),(33,'2019-12-12 05:28:59','2019-12-12 05:28:59',NULL,NULL,'/casbin/getPolicyPathByAuthorityId','获取权限列表','casbin','POST'),(34,'2019-12-12 09:02:15','2019-12-12 09:02:15',NULL,NULL,'/fileUploadAndDownload/deleteFile','删除文件','fileUploadAndDownload','POST'),(35,'2019-12-28 10:18:07','2019-12-28 10:18:07',NULL,NULL,'/jwt/jsonInBlacklist','jwt加入黑名单','jwt','POST'),(36,'2020-01-06 09:56:36','2020-01-06 09:56:36',NULL,NULL,'/authority/setDataAuthority','设置角色资源权限','authority','POST'),(37,'2020-01-13 06:04:05','2020-01-13 06:04:05',NULL,NULL,'/system/getSystemConfig','获取配置文件内容','system','POST'),(38,'2020-01-13 07:02:06','2020-01-13 07:02:06',NULL,NULL,'/system/setSystemConfig','设置配置文件内容','system','POST'),(39,'2020-02-25 07:32:39','2020-02-25 07:32:39',NULL,NULL,'/customer/customer','创建客户','customer','POST'),(40,'2020-02-25 07:32:51','2020-02-25 07:34:56',NULL,NULL,'/customer/customer','更新客户','customer','PUT'),(41,'2020-02-25 07:33:57','2020-02-25 07:33:57',NULL,NULL,'/customer/customer','删除客户','customer','DELETE'),(42,'2020-02-25 07:36:48','2020-02-25 07:37:16',NULL,NULL,'/customer/customer','获取单一客户','customer','GET'),(43,'2020-02-25 07:37:06','2020-02-25 07:37:06',NULL,NULL,'/customer/customerList','获取客户列表','customer','GET'),(44,'2020-03-12 06:36:54','2020-03-12 06:56:50',NULL,NULL,'/casbin/casbinTest/:pathParam','RESTFUL模式测试','casbin','GET'),(45,'2020-03-29 15:01:28','2020-03-29 15:01:28',NULL,NULL,'/autoCode/createTemp','自动化代码','autoCode','POST'),(46,'2020-04-15 04:46:58','2020-04-15 04:46:58',NULL,NULL,'/authority/updateAuthority','更新角色信息','authority','PUT'),(47,'2020-04-20 07:14:25','2020-04-20 07:14:25',NULL,NULL,'/authority/copyAuthority','拷贝角色','authority','POST'),(64,'2020-05-10 08:44:25','2020-05-10 08:44:25',NULL,NULL,'/user/deleteUser','删除用户','user','DELETE'),(81,'2020-06-23 10:40:50','2020-06-23 10:40:50',NULL,NULL,'/sysDictionaryDetail/createSysDictionaryDetail','新增字典内容','sysDictionaryDetail','POST'),(82,'2020-06-23 10:40:50','2020-06-23 10:40:50',NULL,NULL,'/sysDictionaryDetail/deleteSysDictionaryDetail','删除字典内容','sysDictionaryDetail','DELETE'),(83,'2020-06-23 10:40:50','2020-06-23 10:40:50',NULL,NULL,'/sysDictionaryDetail/updateSysDictionaryDetail','更新字典内容','sysDictionaryDetail','PUT'),(84,'2020-06-23 10:40:50','2020-06-23 10:40:50',NULL,NULL,'/sysDictionaryDetail/findSysDictionaryDetail','根据ID获取字典内容','sysDictionaryDetail','GET'),(85,'2020-06-23 10:40:50','2020-06-23 10:40:50',NULL,NULL,'/sysDictionaryDetail/getSysDictionaryDetailList','获取字典内容列表','sysDictionaryDetail','GET'),(86,'2020-06-23 10:48:13','2020-06-23 10:48:13',NULL,NULL,'/sysDictionary/createSysDictionary','新增字典','sysDictionary','POST'),(87,'2020-06-23 10:48:13','2020-06-23 10:48:13',NULL,NULL,'/sysDictionary/deleteSysDictionary','删除字典','sysDictionary','DELETE'),(88,'2020-06-23 10:48:13','2020-06-23 10:48:13',NULL,NULL,'/sysDictionary/updateSysDictionary','更新字典','sysDictionary','PUT'),(89,'2020-06-23 10:48:13','2020-06-23 10:48:13',NULL,NULL,'/sysDictionary/findSysDictionary','根据ID获取字典','sysDictionary','GET'),(90,'2020-06-23 10:48:13','2020-06-23 10:48:13',NULL,NULL,'/sysDictionary/getSysDictionaryList','获取字典列表','sysDictionary','GET'),(91,'2020-06-29 05:21:35','2020-06-29 05:21:35',NULL,NULL,'/sysOperationRecord/createSysOperationRecord','新增操作记录','sysOperationRecord','POST'),(92,'2020-06-29 05:21:35','2020-06-29 05:21:35',NULL,NULL,'/sysOperationRecord/deleteSysOperationRecord','删除操作记录','sysOperationRecord','DELETE'),(93,'2020-06-29 05:21:35','2020-06-29 05:21:35',NULL,NULL,'/sysOperationRecord/updateSysOperationRecord','更新操作记录','sysOperationRecord','PUT'),(94,'2020-06-29 05:21:35','2020-06-29 05:21:35',NULL,NULL,'/sysOperationRecord/findSysOperationRecord','根据ID获取操作记录','sysOperationRecord','GET'),(95,'2020-06-29 05:21:35','2020-06-29 05:21:35',NULL,NULL,'/sysOperationRecord/getSysOperationRecordList','获取操作记录列表','sysOperationRecord','GET'),(96,'2020-07-05 06:34:20','2020-07-05 06:34:20',NULL,NULL,'/autoCode/getTables','获取数据库表','autoCode','GET'),(97,'2020-07-05 07:02:07','2020-07-05 07:02:07',NULL,NULL,'/autoCode/getDB','获取所有数据库','autoCode','GET'),(98,'2020-07-05 08:32:08','2020-07-05 08:32:08',NULL,NULL,'/autoCode/getColume','获取所选table的所有字段','autoCode','GET'),(99,'2020-07-07 07:59:53','2020-07-07 07:59:53',NULL,NULL,'/sysOperationRecord/deleteSysOperationRecordByIds','批量删除操作历史','sysOperationRecord','DELETE'),(106,'2020-07-30 02:13:21','2020-07-30 02:13:21',NULL,NULL,'/subject/getSubjectById','getSubjectById','subject','POST'),(107,'2020-07-30 02:13:38','2020-07-30 02:13:38',NULL,NULL,'/subject/getSubjectList','getSubjectList','subject','POST'),(108,'2020-07-30 02:13:54','2020-07-30 02:13:54',NULL,NULL,'/subject/createSubject','createSubject','subject','POST'),(109,'2020-07-30 02:14:12','2020-07-30 02:14:12',NULL,NULL,'/subject/updateSubject','updateSubject','subject','POST'),(110,'2020-07-30 02:14:26','2020-07-30 02:14:26',NULL,NULL,'/subject/deleteSubject','deleteSubject','subject','POST'),(111,'2020-07-30 02:14:41','2020-07-30 02:14:41',NULL,NULL,'/subject/getAllSubjects','getAllSubjects','subject','POST'),(112,'2020-07-30 02:31:55','2020-07-30 02:31:55',NULL,NULL,'/categories/createCategories','新增categories表','categories','POST'),(113,'2020-07-30 02:31:55','2020-07-30 02:31:55',NULL,NULL,'/categories/deleteCategories','删除categories表','categories','DELETE'),(114,'2020-07-30 02:31:55','2020-07-30 02:31:55',NULL,NULL,'/categories/deleteCategoriesByIds','批量删除categories表','categories','DELETE'),(115,'2020-07-30 02:31:55','2020-07-30 02:31:55',NULL,NULL,'/categories/updateCategories','更新categories表','categories','PUT'),(116,'2020-07-30 02:31:56','2020-07-30 02:31:56',NULL,NULL,'/categories/findCategories','根据ID获取categories表','categories','GET'),(117,'2020-07-30 02:31:56','2020-07-30 02:31:56',NULL,NULL,'/categories/getCategoriesList','获取categories表列表','categories','GET');
/*!40000 ALTER TABLE `sys_apis` ENABLE KEYS */;
UNLOCK TABLES;

--
-- Table structure for table `sys_authorities`
--

DROP TABLE IF EXISTS `sys_authorities`;
/*!40101 SET @saved_cs_client     = @@character_set_client */;
/*!40101 SET character_set_client = utf8 */;
CREATE TABLE `sys_authorities` (
  `authority_id` varchar(255) NOT NULL COMMENT '角色id',
  `authority_name` varchar(255) DEFAULT NULL COMMENT '角色名',
  `parent_id` varchar(255) DEFAULT NULL COMMENT '父角色',
  `created_at` datetime DEFAULT NULL,
  `updated_at` datetime DEFAULT NULL,
  `deleted_at` datetime DEFAULT NULL,
  PRIMARY KEY (`authority_id`) USING BTREE,
  UNIQUE KEY `authority_id` (`authority_id`) USING BTREE,
  KEY `idx_sys_authorities_deleted_at` (`deleted_at`) USING BTREE
) ENGINE=InnoDB DEFAULT CHARSET=utf8 ROW_FORMAT=COMPACT;
/*!40101 SET character_set_client = @saved_cs_client */;

--
-- Dumping data for table `sys_authorities`
--

LOCK TABLES `sys_authorities` WRITE;
/*!40000 ALTER TABLE `sys_authorities` DISABLE KEYS */;
INSERT INTO `sys_authorities` VALUES ('888','普通用户','0','2020-04-04 11:44:56','2020-06-13 16:07:37',NULL),('8881','普通用户子角色','888','2020-04-04 11:44:56','2020-04-24 10:16:42',NULL),('9528','测试角色','0','2020-04-04 11:44:56','2020-04-24 10:16:42',NULL);
/*!40000 ALTER TABLE `sys_authorities` ENABLE KEYS */;
UNLOCK TABLES;

--
-- Table structure for table `sys_authority_menus`
--

DROP TABLE IF EXISTS `sys_authority_menus`;
/*!40101 SET @saved_cs_client     = @@character_set_client */;
/*!40101 SET character_set_client = utf8 */;
CREATE TABLE `sys_authority_menus` (
  `sys_authority_authority_id` varchar(255) NOT NULL COMMENT '角色id',
  `sys_base_menu_id` int(10) unsigned NOT NULL DEFAULT '0' COMMENT '菜单id',
  PRIMARY KEY (`sys_authority_authority_id`,`sys_base_menu_id`) USING BTREE,
  KEY `sys_authority_authority_id` (`sys_authority_authority_id`) USING BTREE
) ENGINE=InnoDB DEFAULT CHARSET=latin1 ROW_FORMAT=COMPACT;
/*!40101 SET character_set_client = @saved_cs_client */;

--
-- Dumping data for table `sys_authority_menus`
--

LOCK TABLES `sys_authority_menus` WRITE;
/*!40000 ALTER TABLE `sys_authority_menus` DISABLE KEYS */;
INSERT INTO `sys_authority_menus` VALUES ('888',1),('888',2),('888',3),('888',4),('888',5),('888',6),('888',17),('888',18),('888',19),('888',20),('888',21),('888',22),('888',23),('888',26),('888',33),('888',34),('888',38),('888',40),('888',41),('888',42),('888',50),('888',51),('888',52),('888',54),('888',55),('888',56),('8881',1),('8881',2),('8881',18),('8881',38),('8881',40),('8881',41),('8881',42),('9528',1),('9528',2),('9528',3),('9528',4),('9528',5),('9528',6),('9528',17),('9528',18),('9528',19),('9528',20),('9528',21),('9528',22),('9528',23),('9528',26),('9528',33),('9528',34),('9528',38),('9528',40),('9528',41),('9528',42);
/*!40000 ALTER TABLE `sys_authority_menus` ENABLE KEYS */;
UNLOCK TABLES;

--
-- Table structure for table `sys_base_menus`
--

DROP TABLE IF EXISTS `sys_base_menus`;
/*!40101 SET @saved_cs_client     = @@character_set_client */;
/*!40101 SET character_set_client = utf8 */;
CREATE TABLE `sys_base_menus` (
  `id` int(10) unsigned NOT NULL AUTO_INCREMENT,
  `created_at` timestamp NULL DEFAULT NULL,
  `updated_at` timestamp NULL DEFAULT NULL,
  `deleted_at` timestamp NULL DEFAULT NULL,
  `menu_level` int(10) unsigned DEFAULT NULL COMMENT '菜单等级（暂未使用）',
  `parent_id` int(10) unsigned DEFAULT NULL COMMENT '父菜单id',
  `path` varchar(255) DEFAULT NULL COMMENT '菜单path（路由path）',
  `name` varchar(255) DEFAULT NULL COMMENT '菜单name（路由name）',
  `hidden` tinyint(1) DEFAULT NULL COMMENT '是否在列表隐藏',
  `component` varchar(255) DEFAULT NULL COMMENT '组件位置',
  `title` varchar(255) DEFAULT NULL COMMENT '显示名字',
  `icon` varchar(255) DEFAULT NULL COMMENT '显示图标',
  `nick_name` varchar(255) DEFAULT NULL COMMENT '菜单别名',
  `sort` int(255) DEFAULT NULL COMMENT '排序',
  `keep_alive` tinyint(1) DEFAULT NULL COMMENT '是否缓存菜单内容',
  `default_menu` tinyint(1) DEFAULT NULL COMMENT '默认菜单（暂未使用）',
  PRIMARY KEY (`id`) USING BTREE,
  KEY `idx_base_menus_deleted_at` (`deleted_at`) USING BTREE,
  KEY `idx_sys_base_menus_deleted_at` (`deleted_at`) USING BTREE
) ENGINE=InnoDB AUTO_INCREMENT=57 DEFAULT CHARSET=utf8 ROW_FORMAT=COMPACT;
/*!40101 SET character_set_client = @saved_cs_client */;

--
-- Dumping data for table `sys_base_menus`
--

LOCK TABLES `sys_base_menus` WRITE;
/*!40000 ALTER TABLE `sys_base_menus` DISABLE KEYS */;
INSERT INTO `sys_base_menus` VALUES (1,'2019-09-19 14:05:18','2020-05-30 07:43:06',NULL,0,0,'dashboard','dashboard',0,'view/dashboard/index.vue','仪表盘','setting','仪表盘',1,0,0),(2,'2019-09-19 14:06:17','2020-05-10 13:31:50',NULL,0,0,'about','about',0,'view/about/index.vue','关于我们','info','测试菜单',7,0,0),(3,'2019-09-19 14:06:38','2020-04-24 02:16:43',NULL,0,0,'admin','superAdmin',0,'view/superAdmin/index.vue','超级管理员','user-solid','超级管理员',3,0,0),(4,'2019-09-19 14:11:53','2020-05-30 07:43:25',NULL,0,3,'authority','authority',0,'view/superAdmin/authority/authority.vue','角色管理','s-custom','角色管理',1,0,0),(5,'2019-09-19 14:13:18','2020-04-30 09:45:27',NULL,0,3,'menu','menu',0,'view/superAdmin/menu/menu.vue','菜单管理','s-order','菜单管理',2,1,0),(6,'2019-09-19 14:13:36','2020-04-24 02:16:43',NULL,0,3,'api','api',0,'view/superAdmin/api/api.vue','api管理','s-platform','api管理',3,1,0),(17,'2019-10-09 07:12:29','2020-04-24 02:16:43',NULL,0,3,'user','user',0,'view/superAdmin/user/user.vue','用户管理','coordinate','用户管理',4,0,0),(18,'2019-10-15 14:27:22','2020-05-10 13:31:36',NULL,0,0,'person','person',1,'view/person/person.vue','个人信息','message-solid','个人信息',4,0,0),(19,'2019-10-20 03:14:42','2020-04-24 02:16:43',NULL,0,0,'example','example',0,'view/example/index.vue','示例文件','s-management','示例文件',6,0,0),(20,'2019-10-20 03:18:11','2020-04-24 02:16:42',NULL,0,19,'table','table',0,'view/example/table/table.vue','表格示例','s-order','表格示例',1,0,0),(21,'2019-10-20 03:19:52','2020-04-24 02:16:43',NULL,0,19,'form','form',0,'view/example/form/form.vue','表单示例','document','表单示例',2,0,0),(22,'2019-10-20 03:22:19','2020-04-24 02:16:43',NULL,0,19,'rte','rte',0,'view/example/rte/rte.vue','富文本编辑器','reading','富文本编辑器',3,0,0),(23,'2019-10-20 03:23:39','2020-04-24 02:16:43',NULL,0,19,'excel','excel',0,'view/example/excel/excel.vue','excel导入导出','s-marketing','excel导入导出',4,0,0),(26,'2019-10-20 03:27:02','2020-04-24 02:16:43',NULL,0,19,'upload','upload',0,'view/example/upload/upload.vue','上传下载','upload','上传下载',5,0,0),(33,'2020-02-17 08:20:47','2020-04-24 02:16:43',NULL,0,19,'breakpoint','breakpoint',0,'view/example/breakpoint/breakpoint.vue','断点续传','upload','断点续传',6,0,0),(34,'2020-02-24 11:48:37','2020-04-24 02:16:43',NULL,0,19,'customer','customer',0,'view/example/customer/customer.vue','客户列表（资源示例）','s-custom','客户列表（资源示例）',7,0,0),(38,'2020-03-29 13:31:03','2020-04-24 02:16:43',NULL,0,0,'systemTools','systemTools',0,'view/systemTools/index.vue','系统工具','s-cooperation','系统工具',5,0,0),(40,'2020-03-29 13:35:10','2020-05-03 13:38:49',NULL,0,38,'autoCode','autoCode',0,'view/systemTools/autoCode/index.vue','代码生成器','cpu','代码生成器',1,1,0),(41,'2020-03-29 13:36:26','2020-05-03 13:38:43',NULL,0,38,'formCreate','formCreate',0,'view/systemTools/formCreate/index.vue','表单生成器','magic-stick','表单生成器',2,1,0),(42,'2020-04-02 06:19:36','2020-04-24 02:16:43',NULL,0,38,'system','system',0,'view/systemTools/system/system.vue','系统配置','s-operation','系统配置',3,0,0),(45,'2020-04-29 09:19:34','2020-07-04 10:27:22',NULL,0,0,'iconList','iconList',0,'view/iconList/index.vue','图标集合','star-on',NULL,2,0,0),(50,'2020-06-24 11:49:54','2020-06-28 12:34:47',NULL,0,3,'dictionary','dictionary',0,'view/superAdmin/dictionary/sysDictionary.vue','字典管理','notebook-2',NULL,5,0,0),(51,'2020-06-24 11:51:33','2020-06-28 12:35:04',NULL,0,3,'dictionaryDetail/:id','dictionaryDetail',1,'view/superAdmin/dictionary/sysDictionaryDetail.vue','字典详情','s-order',NULL,1,0,0),(52,'2020-06-29 05:31:17','2020-07-07 08:05:34',NULL,0,3,'operation','operation',0,'view/superAdmin/operation/sysOperationRecord.vue','操作历史','time',NULL,6,0,0),(54,'2020-07-30 02:05:03','2020-07-30 02:05:25',NULL,0,0,'category','category',0,'view/category/index.vue','类别管理','s-order',NULL,3,0,0),(55,'2020-07-30 02:06:20','2020-07-30 02:18:19',NULL,0,54,'subject','categorySubject',0,'view/category/subject/subject.vue','类别主体','s-shop',NULL,1,0,0),(56,'2020-07-30 02:08:20','2020-07-30 08:56:59',NULL,0,54,'categories','categoryItem',0,'view/category/categories/categories.vue','类别列表','money',NULL,2,0,0);
/*!40000 ALTER TABLE `sys_base_menus` ENABLE KEYS */;
UNLOCK TABLES;

--
-- Table structure for table `sys_data_authority_id`
--

DROP TABLE IF EXISTS `sys_data_authority_id`;
/*!40101 SET @saved_cs_client     = @@character_set_client */;
/*!40101 SET character_set_client = utf8 */;
CREATE TABLE `sys_data_authority_id` (
  `sys_authority_authority_id` varchar(255) NOT NULL COMMENT '角色id',
  `data_authority_id` varchar(255) NOT NULL COMMENT '拥有的资源角色id',
  PRIMARY KEY (`sys_authority_authority_id`,`data_authority_id`) USING BTREE,
  KEY `sys_authority_authority_id` (`sys_authority_authority_id`) USING BTREE,
  KEY `data_authority_id` (`data_authority_id`) USING BTREE
) ENGINE=InnoDB DEFAULT CHARSET=latin1 ROW_FORMAT=COMPACT;
/*!40101 SET character_set_client = @saved_cs_client */;

--
-- Dumping data for table `sys_data_authority_id`
--

LOCK TABLES `sys_data_authority_id` WRITE;
/*!40000 ALTER TABLE `sys_data_authority_id` DISABLE KEYS */;
INSERT INTO `sys_data_authority_id` VALUES ('888','888'),('888','8881'),('888','9528'),('888222','888'),('888222','8881'),('888222','9528'),('8883','888'),('8883','8881'),('8883','9528'),('9528','8881'),('9528','9528');
/*!40000 ALTER TABLE `sys_data_authority_id` ENABLE KEYS */;
UNLOCK TABLES;

--
-- Table structure for table `sys_dictionaries`
--

DROP TABLE IF EXISTS `sys_dictionaries`;
/*!40101 SET @saved_cs_client     = @@character_set_client */;
/*!40101 SET character_set_client = utf8 */;
CREATE TABLE `sys_dictionaries` (
  `id` int(10) unsigned NOT NULL AUTO_INCREMENT,
  `created_at` datetime DEFAULT NULL,
  `updated_at` datetime DEFAULT NULL,
  `deleted_at` datetime DEFAULT NULL,
  `name` varchar(255) DEFAULT NULL COMMENT '字典名（中）',
  `type` varchar(255) DEFAULT NULL COMMENT '字典名（英）',
  `status` tinyint(1) DEFAULT NULL COMMENT '状态',
  `desc` varchar(255) DEFAULT NULL COMMENT '描述',
  PRIMARY KEY (`id`) USING BTREE,
  KEY `idx_sys_dictionaries_deleted_at` (`deleted_at`) USING BTREE
) ENGINE=InnoDB AUTO_INCREMENT=8 DEFAULT CHARSET=utf8 ROW_FORMAT=COMPACT;
/*!40101 SET character_set_client = @saved_cs_client */;

--
-- Dumping data for table `sys_dictionaries`
--

LOCK TABLES `sys_dictionaries` WRITE;
/*!40000 ALTER TABLE `sys_dictionaries` DISABLE KEYS */;
INSERT INTO `sys_dictionaries` VALUES (2,'2020-06-24 20:44:00','2020-06-24 20:44:00',NULL,'性别','sex',1,'性别字典'),(3,'2020-07-05 15:27:31','2020-07-05 15:27:31',NULL,'数据库int类型','int',1,'int类型对应的数据库类型'),(4,'2020-07-05 15:33:07','2020-07-05 16:07:18',NULL,'数据库时间日期类型','time.Time',1,'数据库时间日期类型'),(5,'2020-07-05 15:34:23','2020-07-05 15:52:45',NULL,'数据库浮点型','float64',1,'数据库浮点型'),(6,'2020-07-05 15:35:05','2020-07-05 15:35:05',NULL,'数据库字符串','string',1,'数据库字符串'),(7,'2020-07-05 15:36:48','2020-07-05 15:36:48',NULL,'数据库bool类型','bool',1,'数据库bool类型');
/*!40000 ALTER TABLE `sys_dictionaries` ENABLE KEYS */;
UNLOCK TABLES;

--
-- Table structure for table `sys_dictionary_details`
--

DROP TABLE IF EXISTS `sys_dictionary_details`;
/*!40101 SET @saved_cs_client     = @@character_set_client */;
/*!40101 SET character_set_client = utf8 */;
CREATE TABLE `sys_dictionary_details` (
  `id` int(10) unsigned NOT NULL AUTO_INCREMENT,
  `created_at` datetime DEFAULT NULL,
  `updated_at` datetime DEFAULT NULL,
  `deleted_at` datetime DEFAULT NULL,
  `label` varchar(255) DEFAULT NULL COMMENT '展示值',
  `value` int(11) DEFAULT NULL COMMENT '字典值',
  `status` tinyint(1) DEFAULT NULL COMMENT '启用状态',
  `sort` int(11) DEFAULT NULL COMMENT '排序标记',
  `sys_dictionary_id` int(11) DEFAULT NULL COMMENT '关联标记',
  PRIMARY KEY (`id`) USING BTREE,
  KEY `idx_sys_dictionary_details_deleted_at` (`deleted_at`) USING BTREE
) ENGINE=InnoDB AUTO_INCREMENT=38 DEFAULT CHARSET=utf8 ROW_FORMAT=COMPACT;
/*!40101 SET character_set_client = @saved_cs_client */;

--
-- Dumping data for table `sys_dictionary_details`
--

LOCK TABLES `sys_dictionary_details` WRITE;
/*!40000 ALTER TABLE `sys_dictionary_details` DISABLE KEYS */;
INSERT INTO `sys_dictionary_details` VALUES (12,'2020-07-05 15:31:41','2020-07-05 15:31:41',NULL,'smallint',1,1,1,3),(13,'2020-07-05 15:31:52','2020-07-05 15:31:52',NULL,'mediumint',2,1,2,3),(14,'2020-07-05 15:32:04','2020-07-05 15:32:04',NULL,'int',3,1,3,3),(15,'2020-07-05 15:32:11','2020-07-05 15:32:11',NULL,'bigint',4,1,4,3),(19,'2020-07-05 15:33:16','2020-07-05 15:33:16',NULL,'data',0,1,0,4),(20,'2020-07-05 15:33:21','2020-07-05 15:33:21',NULL,'time',1,1,1,4),(21,'2020-07-05 15:33:25','2020-07-05 15:33:25',NULL,'year',2,1,2,4),(22,'2020-07-05 15:33:35','2020-07-05 15:33:35',NULL,'datetime',3,1,3,4),(23,'2020-07-05 15:33:42','2020-07-05 15:33:42',NULL,'timestamp',5,1,5,4),(24,'2020-07-05 15:34:30','2020-07-05 15:34:30',NULL,'float',0,1,0,5),(25,'2020-07-05 15:34:35','2020-07-05 15:34:35',NULL,'double',1,1,1,5),(26,'2020-07-05 15:34:41','2020-07-05 15:34:41',NULL,'decimal',2,1,2,5),(27,'2020-07-05 15:37:45','2020-07-05 15:37:45',NULL,'tinyint',0,1,0,7),(28,'2020-07-05 15:53:25','2020-07-05 15:53:25',NULL,'char',0,1,0,6),(29,'2020-07-05 15:53:29','2020-07-05 15:53:29',NULL,'varchar',1,1,1,6),(30,'2020-07-05 15:53:35','2020-07-05 15:53:35',NULL,'tinyblob',2,1,2,6),(31,'2020-07-05 15:53:40','2020-07-05 15:53:40',NULL,'tinytext',3,1,3,6),(32,'2020-07-05 15:53:48','2020-07-05 15:53:48',NULL,'text',4,1,4,6),(33,'2020-07-05 15:53:55','2020-07-05 15:53:55',NULL,'blob',5,1,5,6),(34,'2020-07-05 15:54:02','2020-07-05 15:54:02',NULL,'mediumblob',6,1,6,6),(35,'2020-07-05 15:54:09','2020-07-05 15:54:09',NULL,'mediumtext',7,1,7,6),(36,'2020-07-05 15:54:16','2020-07-05 15:54:16',NULL,'longblob',8,1,8,6),(37,'2020-07-05 15:54:24','2020-07-05 15:54:24',NULL,'longtext',9,1,9,6);
/*!40000 ALTER TABLE `sys_dictionary_details` ENABLE KEYS */;
UNLOCK TABLES;

--
-- Table structure for table `sys_operation_records`
--

DROP TABLE IF EXISTS `sys_operation_records`;
/*!40101 SET @saved_cs_client     = @@character_set_client */;
/*!40101 SET character_set_client = utf8 */;
CREATE TABLE `sys_operation_records` (
  `id` int(10) unsigned NOT NULL AUTO_INCREMENT,
  `created_at` datetime DEFAULT NULL,
  `updated_at` datetime DEFAULT NULL,
  `deleted_at` datetime DEFAULT NULL,
  `ip` varchar(255) COLLATE utf8mb4_bin DEFAULT NULL COMMENT '请求ip',
  `method` varchar(255) COLLATE utf8mb4_bin DEFAULT NULL COMMENT '请求方法',
  `path` varchar(255) COLLATE utf8mb4_bin DEFAULT NULL COMMENT '请求路由',
  `status` int(11) DEFAULT NULL COMMENT '状态',
  `latency` bigint(20) DEFAULT NULL,
  `agent` varchar(255) COLLATE utf8mb4_bin DEFAULT NULL,
  `error_message` varchar(255) COLLATE utf8mb4_bin DEFAULT NULL,
  `body` text COLLATE utf8mb4_bin COMMENT '请求Body',
  `user_id` int(11) DEFAULT NULL COMMENT '用户id',
  `resp` text COLLATE utf8mb4_bin COMMENT '响应Body',
  PRIMARY KEY (`id`) USING BTREE,
  KEY `idx_sys_operation_records_deleted_at` (`deleted_at`) USING BTREE
) ENGINE=InnoDB AUTO_INCREMENT=544 DEFAULT CHARSET=utf8mb4 COLLATE=utf8mb4_bin ROW_FORMAT=COMPACT;
/*!40101 SET character_set_client = @saved_cs_client */;

--
-- Dumping data for table `sys_operation_records`
--

LOCK TABLES `sys_operation_records` WRITE;
/*!40000 ALTER TABLE `sys_operation_records` DISABLE KEYS */;
INSERT INTO `sys_operation_records` VALUES (342,'2020-07-30 09:47:15','2020-07-30 09:47:15',NULL,'127.0.0.1','GET','/autoCode/getDB',200,313446,'Mozilla/5.0 (X11; Ubuntu; Linux x86_64; rv:78.0) Gecko/20100101 Firefox/78.0','','',10,'{\"code\":0,\"data\":{\"dbs\":[{\"database\":\"information_schema\"},{\"database\":\"mysql\"},{\"database\":\"performance_schema\"},{\"database\":\"qmPlus\"},{\"database\":\"sys\"}]},\"msg\":\"操作成功\"}'),(343,'2020-07-30 09:47:15','2020-07-30 09:47:15',NULL,'127.0.0.1','GET','/sysDictionary/findSysDictionary',200,761037,'Mozilla/5.0 (X11; Ubuntu; Linux x86_64; rv:78.0) Gecko/20100101 Firefox/78.0','','',10,'{\"code\":0,\"data\":{\"resysDictionary\":{\"ID\":5,\"CreatedAt\":\"2020-07-05T15:34:23+08:00\",\"UpdatedAt\":\"2020-07-05T15:52:45+08:00\",\"DeletedAt\":null,\"name\":\"数据库浮点型\",\"type\":\"float64\",\"status\":true,\"desc\":\"数据库浮点型\",\"sysDictionaryDetails\":[{\"ID\":24,\"CreatedAt\":\"2020-07-05T15:34:30+08:00\",\"UpdatedAt\":\"2020-07-05T15:34:30+08:00\",\"DeletedAt\":null,\"label\":\"float\",\"value\":0,\"status\":true,\"sort\":0,\"sysDictionaryID\":5},{\"ID\":25,\"CreatedAt\":\"2020-07-05T15:34:35+08:00\",\"UpdatedAt\":\"2020-07-05T15:34:35+08:00\",\"DeletedAt\":null,\"label\":\"double\",\"value\":1,\"status\":true,\"sort\":1,\"sysDictionaryID\":5},{\"ID\":26,\"CreatedAt\":\"2020-07-05T15:34:41+08:00\",\"UpdatedAt\":\"2020-07-05T15:34:41+08:00\",\"DeletedAt\":null,\"label\":\"decimal\",\"value\":2,\"status\":true,\"sort\":2,\"sysDictionaryID\":5}]}},\"msg\":\"操作成功\"}'),(344,'2020-07-30 09:47:15','2020-07-30 09:47:15',NULL,'127.0.0.1','GET','/sysDictionary/findSysDictionary',200,412391,'Mozilla/5.0 (X11; Ubuntu; Linux x86_64; rv:78.0) Gecko/20100101 Firefox/78.0','','',10,'{\"code\":0,\"data\":{\"resysDictionary\":{\"ID\":7,\"CreatedAt\":\"2020-07-05T15:36:48+08:00\",\"UpdatedAt\":\"2020-07-05T15:36:48+08:00\",\"DeletedAt\":null,\"name\":\"数据库bool类型\",\"type\":\"bool\",\"status\":true,\"desc\":\"数据库bool类型\",\"sysDictionaryDetails\":[{\"ID\":27,\"CreatedAt\":\"2020-07-05T15:37:45+08:00\",\"UpdatedAt\":\"2020-07-05T15:37:45+08:00\",\"DeletedAt\":null,\"label\":\"tinyint\",\"value\":0,\"status\":true,\"sort\":0,\"sysDictionaryID\":7}]}},\"msg\":\"操作成功\"}'),(345,'2020-07-30 09:47:15','2020-07-30 09:47:15',NULL,'127.0.0.1','GET','/sysDictionary/findSysDictionary',200,565504,'Mozilla/5.0 (X11; Ubuntu; Linux x86_64; rv:78.0) Gecko/20100101 Firefox/78.0','','',10,'{\"code\":0,\"data\":{\"resysDictionary\":{\"ID\":3,\"CreatedAt\":\"2020-07-05T15:27:31+08:00\",\"UpdatedAt\":\"2020-07-05T15:27:31+08:00\",\"DeletedAt\":null,\"name\":\"数据库int类型\",\"type\":\"int\",\"status\":true,\"desc\":\"int类型对应的数据库类型\",\"sysDictionaryDetails\":[{\"ID\":12,\"CreatedAt\":\"2020-07-05T15:31:41+08:00\",\"UpdatedAt\":\"2020-07-05T15:31:41+08:00\",\"DeletedAt\":null,\"label\":\"smallint\",\"value\":1,\"status\":true,\"sort\":1,\"sysDictionaryID\":3},{\"ID\":13,\"CreatedAt\":\"2020-07-05T15:31:52+08:00\",\"UpdatedAt\":\"2020-07-05T15:31:52+08:00\",\"DeletedAt\":null,\"label\":\"mediumint\",\"value\":2,\"status\":true,\"sort\":2,\"sysDictionaryID\":3},{\"ID\":14,\"CreatedAt\":\"2020-07-05T15:32:04+08:00\",\"UpdatedAt\":\"2020-07-05T15:32:04+08:00\",\"DeletedAt\":null,\"label\":\"int\",\"value\":3,\"status\":true,\"sort\":3,\"sysDictionaryID\":3},{\"ID\":15,\"CreatedAt\":\"2020-07-05T15:32:11+08:00\",\"UpdatedAt\":\"2020-07-05T15:32:11+08:00\",\"DeletedAt\":null,\"label\":\"bigint\",\"value\":4,\"status\":true,\"sort\":4,\"sysDictionaryID\":3}]}},\"msg\":\"操作成功\"}'),(346,'2020-07-30 09:47:15','2020-07-30 09:47:15',NULL,'127.0.0.1','GET','/sysDictionary/findSysDictionary',200,627764,'Mozilla/5.0 (X11; Ubuntu; Linux x86_64; rv:78.0) Gecko/20100101 Firefox/78.0','','',10,'{\"code\":0,\"data\":{\"resysDictionary\":{\"ID\":6,\"CreatedAt\":\"2020-07-05T15:35:05+08:00\",\"UpdatedAt\":\"2020-07-05T15:35:05+08:00\",\"DeletedAt\":null,\"name\":\"数据库字符串\",\"type\":\"string\",\"status\":true,\"desc\":\"数据库字符串\",\"sysDictionaryDetails\":[{\"ID\":28,\"CreatedAt\":\"2020-07-05T15:53:25+08:00\",\"UpdatedAt\":\"2020-07-05T15:53:25+08:00\",\"DeletedAt\":null,\"label\":\"char\",\"value\":0,\"status\":true,\"sort\":0,\"sysDictionaryID\":6},{\"ID\":29,\"CreatedAt\":\"2020-07-05T15:53:29+08:00\",\"UpdatedAt\":\"2020-07-05T15:53:29+08:00\",\"DeletedAt\":null,\"label\":\"varchar\",\"value\":1,\"status\":true,\"sort\":1,\"sysDictionaryID\":6},{\"ID\":30,\"CreatedAt\":\"2020-07-05T15:53:35+08:00\",\"UpdatedAt\":\"2020-07-05T15:53:35+08:00\",\"DeletedAt\":null,\"label\":\"tinyblob\",\"value\":2,\"status\":true,\"sort\":2,\"sysDictionaryID\":6},{\"ID\":31,\"CreatedAt\":\"2020-07-05T15:53:40+08:00\",\"UpdatedAt\":\"2020-07-05T15:53:40+08:00\",\"DeletedAt\":null,\"label\":\"tinytext\",\"value\":3,\"status\":true,\"sort\":3,\"sysDictionaryID\":6},{\"ID\":32,\"CreatedAt\":\"2020-07-05T15:53:48+08:00\",\"UpdatedAt\":\"2020-07-05T15:53:48+08:00\",\"DeletedAt\":null,\"label\":\"text\",\"value\":4,\"status\":true,\"sort\":4,\"sysDictionaryID\":6},{\"ID\":33,\"CreatedAt\":\"2020-07-05T15:53:55+08:00\",\"UpdatedAt\":\"2020-07-05T15:53:55+08:00\",\"DeletedAt\":null,\"label\":\"blob\",\"value\":5,\"status\":true,\"sort\":5,\"sysDictionaryID\":6},{\"ID\":34,\"CreatedAt\":\"2020-07-05T15:54:02+08:00\",\"UpdatedAt\":\"2020-07-05T15:54:02+08:00\",\"DeletedAt\":null,\"label\":\"mediumblob\",\"value\":6,\"status\":true,\"sort\":6,\"sysDictionaryID\":6},{\"ID\":35,\"CreatedAt\":\"2020-07-05T15:54:09+08:00\",\"UpdatedAt\":\"2020-07-05T15:54:09+08:00\",\"DeletedAt\":null,\"label\":\"mediumtext\",\"value\":7,\"status\":true,\"sort\":7,\"sysDictionaryID\":6},{\"ID\":36,\"CreatedAt\":\"2020-07-05T15:54:16+08:00\",\"UpdatedAt\":\"2020-07-05T15:54:16+08:00\",\"DeletedAt\":null,\"label\":\"longblob\",\"value\":8,\"status\":true,\"sort\":8,\"sysDictionaryID\":6},{\"ID\":37,\"CreatedAt\":\"2020-07-05T15:54:24+08:00\",\"UpdatedAt\":\"2020-07-05T15:54:24+08:00\",\"DeletedAt\":null,\"label\":\"longtext\",\"value\":9,\"status\":true,\"sort\":9,\"sysDictionaryID\":6}]}},\"msg\":\"操作成功\"}'),(347,'2020-07-30 09:47:15','2020-07-30 09:47:15',NULL,'127.0.0.1','GET','/sysDictionary/findSysDictionary',200,389160607,'Mozilla/5.0 (X11; Ubuntu; Linux x86_64; rv:78.0) Gecko/20100101 Firefox/78.0','','',10,'{\"code\":0,\"data\":{\"resysDictionary\":{\"ID\":4,\"CreatedAt\":\"2020-07-05T15:33:07+08:00\",\"UpdatedAt\":\"2020-07-05T16:07:18+08:00\",\"DeletedAt\":null,\"name\":\"数据库时间日期类型\",\"type\":\"time.Time\",\"status\":true,\"desc\":\"数据库时间日期类型\",\"sysDictionaryDetails\":[{\"ID\":19,\"CreatedAt\":\"2020-07-05T15:33:16+08:00\",\"UpdatedAt\":\"2020-07-05T15:33:16+08:00\",\"DeletedAt\":null,\"label\":\"data\",\"value\":0,\"status\":true,\"sort\":0,\"sysDictionaryID\":4},{\"ID\":20,\"CreatedAt\":\"2020-07-05T15:33:21+08:00\",\"UpdatedAt\":\"2020-07-05T15:33:21+08:00\",\"DeletedAt\":null,\"label\":\"time\",\"value\":1,\"status\":true,\"sort\":1,\"sysDictionaryID\":4},{\"ID\":21,\"CreatedAt\":\"2020-07-05T15:33:25+08:00\",\"UpdatedAt\":\"2020-07-05T15:33:25+08:00\",\"DeletedAt\":null,\"label\":\"year\",\"value\":2,\"status\":true,\"sort\":2,\"sysDictionaryID\":4},{\"ID\":22,\"CreatedAt\":\"2020-07-05T15:33:35+08:00\",\"UpdatedAt\":\"2020-07-05T15:33:35+08:00\",\"DeletedAt\":null,\"label\":\"datetime\",\"value\":3,\"status\":true,\"sort\":3,\"sysDictionaryID\":4},{\"ID\":23,\"CreatedAt\":\"2020-07-05T15:33:42+08:00\",\"UpdatedAt\":\"2020-07-05T15:33:42+08:00\",\"DeletedAt\":null,\"label\":\"timestamp\",\"value\":5,\"status\":true,\"sort\":5,\"sysDictionaryID\":4}]}},\"msg\":\"操作成功\"}'),(348,'2020-07-30 09:47:20','2020-07-30 09:47:20',NULL,'127.0.0.1','GET','/autoCode/getTables',200,528276,'Mozilla/5.0 (X11; Ubuntu; Linux x86_64; rv:78.0) Gecko/20100101 Firefox/78.0','','',10,'{\"code\":0,\"data\":{\"tables\":[{\"tableName\":\"authority_menu\"},{\"tableName\":\"casbin_rule\"},{\"tableName\":\"exa_customers\"},{\"tableName\":\"exa_file_chunks\"},{\"tableName\":\"exa_file_upload_and_downloads\"},{\"tableName\":\"exa_files\"},{\"tableName\":\"jwt_blacklists\"},{\"tableName\":\"sys_apis\"},{\"tableName\":\"sys_authorities\"},{\"tableName\":\"sys_authority_menus\"},{\"tableName\":\"sys_base_menus\"},{\"tableName\":\"sys_data_authority_id\"},{\"tableName\":\"sys_dictionaries\"},{\"tableName\":\"sys_dictionary_details\"},{\"tableName\":\"sys_operation_records\"},{\"tableName\":\"sys_users\"},{\"tableName\":\"sys_workflow_step_infos\"},{\"tableName\":\"sys_workflows\"}]},\"msg\":\"操作成功\"}'),(349,'2020-07-30 09:49:50','2020-07-30 09:49:50',NULL,'127.0.0.1','GET','/autoCode/getDB',200,257546,'Mozilla/5.0 (X11; Ubuntu; Linux x86_64; rv:78.0) Gecko/20100101 Firefox/78.0','','',10,'{\"code\":0,\"data\":{\"dbs\":[{\"database\":\"information_schema\"},{\"database\":\"mysql\"},{\"database\":\"performance_schema\"},{\"database\":\"qmPlus\"},{\"database\":\"sys\"}]},\"msg\":\"操作成功\"}'),(350,'2020-07-30 09:49:50','2020-07-30 09:49:50',NULL,'127.0.0.1','GET','/sysDictionary/findSysDictionary',200,1037180,'Mozilla/5.0 (X11; Ubuntu; Linux x86_64; rv:78.0) Gecko/20100101 Firefox/78.0','','',10,'{\"code\":0,\"data\":{\"resysDictionary\":{\"ID\":6,\"CreatedAt\":\"2020-07-05T15:35:05+08:00\",\"UpdatedAt\":\"2020-07-05T15:35:05+08:00\",\"DeletedAt\":null,\"name\":\"数据库字符串\",\"type\":\"string\",\"status\":true,\"desc\":\"数据库字符串\",\"sysDictionaryDetails\":[{\"ID\":28,\"CreatedAt\":\"2020-07-05T15:53:25+08:00\",\"UpdatedAt\":\"2020-07-05T15:53:25+08:00\",\"DeletedAt\":null,\"label\":\"char\",\"value\":0,\"status\":true,\"sort\":0,\"sysDictionaryID\":6},{\"ID\":29,\"CreatedAt\":\"2020-07-05T15:53:29+08:00\",\"UpdatedAt\":\"2020-07-05T15:53:29+08:00\",\"DeletedAt\":null,\"label\":\"varchar\",\"value\":1,\"status\":true,\"sort\":1,\"sysDictionaryID\":6},{\"ID\":30,\"CreatedAt\":\"2020-07-05T15:53:35+08:00\",\"UpdatedAt\":\"2020-07-05T15:53:35+08:00\",\"DeletedAt\":null,\"label\":\"tinyblob\",\"value\":2,\"status\":true,\"sort\":2,\"sysDictionaryID\":6},{\"ID\":31,\"CreatedAt\":\"2020-07-05T15:53:40+08:00\",\"UpdatedAt\":\"2020-07-05T15:53:40+08:00\",\"DeletedAt\":null,\"label\":\"tinytext\",\"value\":3,\"status\":true,\"sort\":3,\"sysDictionaryID\":6},{\"ID\":32,\"CreatedAt\":\"2020-07-05T15:53:48+08:00\",\"UpdatedAt\":\"2020-07-05T15:53:48+08:00\",\"DeletedAt\":null,\"label\":\"text\",\"value\":4,\"status\":true,\"sort\":4,\"sysDictionaryID\":6},{\"ID\":33,\"CreatedAt\":\"2020-07-05T15:53:55+08:00\",\"UpdatedAt\":\"2020-07-05T15:53:55+08:00\",\"DeletedAt\":null,\"label\":\"blob\",\"value\":5,\"status\":true,\"sort\":5,\"sysDictionaryID\":6},{\"ID\":34,\"CreatedAt\":\"2020-07-05T15:54:02+08:00\",\"UpdatedAt\":\"2020-07-05T15:54:02+08:00\",\"DeletedAt\":null,\"label\":\"mediumblob\",\"value\":6,\"status\":true,\"sort\":6,\"sysDictionaryID\":6},{\"ID\":35,\"CreatedAt\":\"2020-07-05T15:54:09+08:00\",\"UpdatedAt\":\"2020-07-05T15:54:09+08:00\",\"DeletedAt\":null,\"label\":\"mediumtext\",\"value\":7,\"status\":true,\"sort\":7,\"sysDictionaryID\":6},{\"ID\":36,\"CreatedAt\":\"2020-07-05T15:54:16+08:00\",\"UpdatedAt\":\"2020-07-05T15:54:16+08:00\",\"DeletedAt\":null,\"label\":\"longblob\",\"value\":8,\"status\":true,\"sort\":8,\"sysDictionaryID\":6},{\"ID\":37,\"CreatedAt\":\"2020-07-05T15:54:24+08:00\",\"UpdatedAt\":\"2020-07-05T15:54:24+08:00\",\"DeletedAt\":null,\"label\":\"longtext\",\"value\":9,\"status\":true,\"sort\":9,\"sysDictionaryID\":6}]}},\"msg\":\"操作成功\"}'),(351,'2020-07-30 09:49:50','2020-07-30 09:49:50',NULL,'127.0.0.1','GET','/sysDictionary/findSysDictionary',200,750849,'Mozilla/5.0 (X11; Ubuntu; Linux x86_64; rv:78.0) Gecko/20100101 Firefox/78.0','','',10,'{\"code\":0,\"data\":{\"resysDictionary\":{\"ID\":5,\"CreatedAt\":\"2020-07-05T15:34:23+08:00\",\"UpdatedAt\":\"2020-07-05T15:52:45+08:00\",\"DeletedAt\":null,\"name\":\"数据库浮点型\",\"type\":\"float64\",\"status\":true,\"desc\":\"数据库浮点型\",\"sysDictionaryDetails\":[{\"ID\":24,\"CreatedAt\":\"2020-07-05T15:34:30+08:00\",\"UpdatedAt\":\"2020-07-05T15:34:30+08:00\",\"DeletedAt\":null,\"label\":\"float\",\"value\":0,\"status\":true,\"sort\":0,\"sysDictionaryID\":5},{\"ID\":25,\"CreatedAt\":\"2020-07-05T15:34:35+08:00\",\"UpdatedAt\":\"2020-07-05T15:34:35+08:00\",\"DeletedAt\":null,\"label\":\"double\",\"value\":1,\"status\":true,\"sort\":1,\"sysDictionaryID\":5},{\"ID\":26,\"CreatedAt\":\"2020-07-05T15:34:41+08:00\",\"UpdatedAt\":\"2020-07-05T15:34:41+08:00\",\"DeletedAt\":null,\"label\":\"decimal\",\"value\":2,\"status\":true,\"sort\":2,\"sysDictionaryID\":5}]}},\"msg\":\"操作成功\"}'),(352,'2020-07-30 09:49:50','2020-07-30 09:49:50',NULL,'127.0.0.1','GET','/sysDictionary/findSysDictionary',200,236738815,'Mozilla/5.0 (X11; Ubuntu; Linux x86_64; rv:78.0) Gecko/20100101 Firefox/78.0','','',10,'{\"code\":0,\"data\":{\"resysDictionary\":{\"ID\":4,\"CreatedAt\":\"2020-07-05T15:33:07+08:00\",\"UpdatedAt\":\"2020-07-05T16:07:18+08:00\",\"DeletedAt\":null,\"name\":\"数据库时间日期类型\",\"type\":\"time.Time\",\"status\":true,\"desc\":\"数据库时间日期类型\",\"sysDictionaryDetails\":[{\"ID\":19,\"CreatedAt\":\"2020-07-05T15:33:16+08:00\",\"UpdatedAt\":\"2020-07-05T15:33:16+08:00\",\"DeletedAt\":null,\"label\":\"data\",\"value\":0,\"status\":true,\"sort\":0,\"sysDictionaryID\":4},{\"ID\":20,\"CreatedAt\":\"2020-07-05T15:33:21+08:00\",\"UpdatedAt\":\"2020-07-05T15:33:21+08:00\",\"DeletedAt\":null,\"label\":\"time\",\"value\":1,\"status\":true,\"sort\":1,\"sysDictionaryID\":4},{\"ID\":21,\"CreatedAt\":\"2020-07-05T15:33:25+08:00\",\"UpdatedAt\":\"2020-07-05T15:33:25+08:00\",\"DeletedAt\":null,\"label\":\"year\",\"value\":2,\"status\":true,\"sort\":2,\"sysDictionaryID\":4},{\"ID\":22,\"CreatedAt\":\"2020-07-05T15:33:35+08:00\",\"UpdatedAt\":\"2020-07-05T15:33:35+08:00\",\"DeletedAt\":null,\"label\":\"datetime\",\"value\":3,\"status\":true,\"sort\":3,\"sysDictionaryID\":4},{\"ID\":23,\"CreatedAt\":\"2020-07-05T15:33:42+08:00\",\"UpdatedAt\":\"2020-07-05T15:33:42+08:00\",\"DeletedAt\":null,\"label\":\"timestamp\",\"value\":5,\"status\":true,\"sort\":5,\"sysDictionaryID\":4}]}},\"msg\":\"操作成功\"}'),(353,'2020-07-30 09:49:50','2020-07-30 09:49:50',NULL,'127.0.0.1','GET','/sysDictionary/findSysDictionary',200,239394554,'Mozilla/5.0 (X11; Ubuntu; Linux x86_64; rv:78.0) Gecko/20100101 Firefox/78.0','','',10,'{\"code\":0,\"data\":{\"resysDictionary\":{\"ID\":7,\"CreatedAt\":\"2020-07-05T15:36:48+08:00\",\"UpdatedAt\":\"2020-07-05T15:36:48+08:00\",\"DeletedAt\":null,\"name\":\"数据库bool类型\",\"type\":\"bool\",\"status\":true,\"desc\":\"数据库bool类型\",\"sysDictionaryDetails\":[{\"ID\":27,\"CreatedAt\":\"2020-07-05T15:37:45+08:00\",\"UpdatedAt\":\"2020-07-05T15:37:45+08:00\",\"DeletedAt\":null,\"label\":\"tinyint\",\"value\":0,\"status\":true,\"sort\":0,\"sysDictionaryID\":7}]}},\"msg\":\"操作成功\"}'),(354,'2020-07-30 09:49:50','2020-07-30 09:49:50',NULL,'127.0.0.1','GET','/sysDictionary/findSysDictionary',200,239174906,'Mozilla/5.0 (X11; Ubuntu; Linux x86_64; rv:78.0) Gecko/20100101 Firefox/78.0','','',10,'{\"code\":0,\"data\":{\"resysDictionary\":{\"ID\":3,\"CreatedAt\":\"2020-07-05T15:27:31+08:00\",\"UpdatedAt\":\"2020-07-05T15:27:31+08:00\",\"DeletedAt\":null,\"name\":\"数据库int类型\",\"type\":\"int\",\"status\":true,\"desc\":\"int类型对应的数据库类型\",\"sysDictionaryDetails\":[{\"ID\":12,\"CreatedAt\":\"2020-07-05T15:31:41+08:00\",\"UpdatedAt\":\"2020-07-05T15:31:41+08:00\",\"DeletedAt\":null,\"label\":\"smallint\",\"value\":1,\"status\":true,\"sort\":1,\"sysDictionaryID\":3},{\"ID\":13,\"CreatedAt\":\"2020-07-05T15:31:52+08:00\",\"UpdatedAt\":\"2020-07-05T15:31:52+08:00\",\"DeletedAt\":null,\"label\":\"mediumint\",\"value\":2,\"status\":true,\"sort\":2,\"sysDictionaryID\":3},{\"ID\":14,\"CreatedAt\":\"2020-07-05T15:32:04+08:00\",\"UpdatedAt\":\"2020-07-05T15:32:04+08:00\",\"DeletedAt\":null,\"label\":\"int\",\"value\":3,\"status\":true,\"sort\":3,\"sysDictionaryID\":3},{\"ID\":15,\"CreatedAt\":\"2020-07-05T15:32:11+08:00\",\"UpdatedAt\":\"2020-07-05T15:32:11+08:00\",\"DeletedAt\":null,\"label\":\"bigint\",\"value\":4,\"status\":true,\"sort\":4,\"sysDictionaryID\":3}]}},\"msg\":\"操作成功\"}'),(355,'2020-07-30 09:49:53','2020-07-30 09:49:53',NULL,'127.0.0.1','GET','/autoCode/getTables',200,472202,'Mozilla/5.0 (X11; Ubuntu; Linux x86_64; rv:78.0) Gecko/20100101 Firefox/78.0','','',10,'{\"code\":0,\"data\":{\"tables\":[{\"tableName\":\"authority_menu\"},{\"tableName\":\"casbin_rule\"},{\"tableName\":\"exa_customers\"},{\"tableName\":\"exa_file_chunks\"},{\"tableName\":\"exa_file_upload_and_downloads\"},{\"tableName\":\"exa_files\"},{\"tableName\":\"jwt_blacklists\"},{\"tableName\":\"sys_apis\"},{\"tableName\":\"sys_authorities\"},{\"tableName\":\"sys_authority_menus\"},{\"tableName\":\"sys_base_menus\"},{\"tableName\":\"sys_data_authority_id\"},{\"tableName\":\"sys_dictionaries\"},{\"tableName\":\"sys_dictionary_details\"},{\"tableName\":\"sys_operation_records\"},{\"tableName\":\"sys_users\"},{\"tableName\":\"sys_workflow_step_infos\"},{\"tableName\":\"sys_workflows\"}]},\"msg\":\"操作成功\"}'),(356,'2020-07-30 10:00:42','2020-07-30 10:00:42',NULL,'127.0.0.1','GET','/autoCode/getDB',200,312129,'Mozilla/5.0 (X11; Ubuntu; Linux x86_64; rv:78.0) Gecko/20100101 Firefox/78.0','','',10,'{\"code\":0,\"data\":{\"dbs\":[{\"database\":\"information_schema\"},{\"database\":\"mysql\"},{\"database\":\"performance_schema\"},{\"database\":\"qmPlus\"},{\"database\":\"sys\"}]},\"msg\":\"操作成功\"}'),(357,'2020-07-30 10:00:42','2020-07-30 10:00:42',NULL,'127.0.0.1','GET','/sysDictionary/findSysDictionary',200,981507,'Mozilla/5.0 (X11; Ubuntu; Linux x86_64; rv:78.0) Gecko/20100101 Firefox/78.0','','',10,'{\"code\":0,\"data\":{\"resysDictionary\":{\"ID\":3,\"CreatedAt\":\"2020-07-05T15:27:31+08:00\",\"UpdatedAt\":\"2020-07-05T15:27:31+08:00\",\"DeletedAt\":null,\"name\":\"数据库int类型\",\"type\":\"int\",\"status\":true,\"desc\":\"int类型对应的数据库类型\",\"sysDictionaryDetails\":[{\"ID\":12,\"CreatedAt\":\"2020-07-05T15:31:41+08:00\",\"UpdatedAt\":\"2020-07-05T15:31:41+08:00\",\"DeletedAt\":null,\"label\":\"smallint\",\"value\":1,\"status\":true,\"sort\":1,\"sysDictionaryID\":3},{\"ID\":13,\"CreatedAt\":\"2020-07-05T15:31:52+08:00\",\"UpdatedAt\":\"2020-07-05T15:31:52+08:00\",\"DeletedAt\":null,\"label\":\"mediumint\",\"value\":2,\"status\":true,\"sort\":2,\"sysDictionaryID\":3},{\"ID\":14,\"CreatedAt\":\"2020-07-05T15:32:04+08:00\",\"UpdatedAt\":\"2020-07-05T15:32:04+08:00\",\"DeletedAt\":null,\"label\":\"int\",\"value\":3,\"status\":true,\"sort\":3,\"sysDictionaryID\":3},{\"ID\":15,\"CreatedAt\":\"2020-07-05T15:32:11+08:00\",\"UpdatedAt\":\"2020-07-05T15:32:11+08:00\",\"DeletedAt\":null,\"label\":\"bigint\",\"value\":4,\"status\":true,\"sort\":4,\"sysDictionaryID\":3}]}},\"msg\":\"操作成功\"}'),(358,'2020-07-30 10:00:42','2020-07-30 10:00:42',NULL,'127.0.0.1','GET','/sysDictionary/findSysDictionary',200,1934982,'Mozilla/5.0 (X11; Ubuntu; Linux x86_64; rv:78.0) Gecko/20100101 Firefox/78.0','','',10,'{\"code\":0,\"data\":{\"resysDictionary\":{\"ID\":6,\"CreatedAt\":\"2020-07-05T15:35:05+08:00\",\"UpdatedAt\":\"2020-07-05T15:35:05+08:00\",\"DeletedAt\":null,\"name\":\"数据库字符串\",\"type\":\"string\",\"status\":true,\"desc\":\"数据库字符串\",\"sysDictionaryDetails\":[{\"ID\":28,\"CreatedAt\":\"2020-07-05T15:53:25+08:00\",\"UpdatedAt\":\"2020-07-05T15:53:25+08:00\",\"DeletedAt\":null,\"label\":\"char\",\"value\":0,\"status\":true,\"sort\":0,\"sysDictionaryID\":6},{\"ID\":29,\"CreatedAt\":\"2020-07-05T15:53:29+08:00\",\"UpdatedAt\":\"2020-07-05T15:53:29+08:00\",\"DeletedAt\":null,\"label\":\"varchar\",\"value\":1,\"status\":true,\"sort\":1,\"sysDictionaryID\":6},{\"ID\":30,\"CreatedAt\":\"2020-07-05T15:53:35+08:00\",\"UpdatedAt\":\"2020-07-05T15:53:35+08:00\",\"DeletedAt\":null,\"label\":\"tinyblob\",\"value\":2,\"status\":true,\"sort\":2,\"sysDictionaryID\":6},{\"ID\":31,\"CreatedAt\":\"2020-07-05T15:53:40+08:00\",\"UpdatedAt\":\"2020-07-05T15:53:40+08:00\",\"DeletedAt\":null,\"label\":\"tinytext\",\"value\":3,\"status\":true,\"sort\":3,\"sysDictionaryID\":6},{\"ID\":32,\"CreatedAt\":\"2020-07-05T15:53:48+08:00\",\"UpdatedAt\":\"2020-07-05T15:53:48+08:00\",\"DeletedAt\":null,\"label\":\"text\",\"value\":4,\"status\":true,\"sort\":4,\"sysDictionaryID\":6},{\"ID\":33,\"CreatedAt\":\"2020-07-05T15:53:55+08:00\",\"UpdatedAt\":\"2020-07-05T15:53:55+08:00\",\"DeletedAt\":null,\"label\":\"blob\",\"value\":5,\"status\":true,\"sort\":5,\"sysDictionaryID\":6},{\"ID\":34,\"CreatedAt\":\"2020-07-05T15:54:02+08:00\",\"UpdatedAt\":\"2020-07-05T15:54:02+08:00\",\"DeletedAt\":null,\"label\":\"mediumblob\",\"value\":6,\"status\":true,\"sort\":6,\"sysDictionaryID\":6},{\"ID\":35,\"CreatedAt\":\"2020-07-05T15:54:09+08:00\",\"UpdatedAt\":\"2020-07-05T15:54:09+08:00\",\"DeletedAt\":null,\"label\":\"mediumtext\",\"value\":7,\"status\":true,\"sort\":7,\"sysDictionaryID\":6},{\"ID\":36,\"CreatedAt\":\"2020-07-05T15:54:16+08:00\",\"UpdatedAt\":\"2020-07-05T15:54:16+08:00\",\"DeletedAt\":null,\"label\":\"longblob\",\"value\":8,\"status\":true,\"sort\":8,\"sysDictionaryID\":6},{\"ID\":37,\"CreatedAt\":\"2020-07-05T15:54:24+08:00\",\"UpdatedAt\":\"2020-07-05T15:54:24+08:00\",\"DeletedAt\":null,\"label\":\"longtext\",\"value\":9,\"status\":true,\"sort\":9,\"sysDictionaryID\":6}]}},\"msg\":\"操作成功\"}'),(359,'2020-07-30 10:00:42','2020-07-30 10:00:42',NULL,'127.0.0.1','GET','/sysDictionary/findSysDictionary',200,687512,'Mozilla/5.0 (X11; Ubuntu; Linux x86_64; rv:78.0) Gecko/20100101 Firefox/78.0','','',10,'{\"code\":0,\"data\":{\"resysDictionary\":{\"ID\":5,\"CreatedAt\":\"2020-07-05T15:34:23+08:00\",\"UpdatedAt\":\"2020-07-05T15:52:45+08:00\",\"DeletedAt\":null,\"name\":\"数据库浮点型\",\"type\":\"float64\",\"status\":true,\"desc\":\"数据库浮点型\",\"sysDictionaryDetails\":[{\"ID\":24,\"CreatedAt\":\"2020-07-05T15:34:30+08:00\",\"UpdatedAt\":\"2020-07-05T15:34:30+08:00\",\"DeletedAt\":null,\"label\":\"float\",\"value\":0,\"status\":true,\"sort\":0,\"sysDictionaryID\":5},{\"ID\":25,\"CreatedAt\":\"2020-07-05T15:34:35+08:00\",\"UpdatedAt\":\"2020-07-05T15:34:35+08:00\",\"DeletedAt\":null,\"label\":\"double\",\"value\":1,\"status\":true,\"sort\":1,\"sysDictionaryID\":5},{\"ID\":26,\"CreatedAt\":\"2020-07-05T15:34:41+08:00\",\"UpdatedAt\":\"2020-07-05T15:34:41+08:00\",\"DeletedAt\":null,\"label\":\"decimal\",\"value\":2,\"status\":true,\"sort\":2,\"sysDictionaryID\":5}]}},\"msg\":\"操作成功\"}'),(360,'2020-07-30 10:00:42','2020-07-30 10:00:42',NULL,'127.0.0.1','GET','/sysDictionary/findSysDictionary',200,626821,'Mozilla/5.0 (X11; Ubuntu; Linux x86_64; rv:78.0) Gecko/20100101 Firefox/78.0','','',10,'{\"code\":0,\"data\":{\"resysDictionary\":{\"ID\":7,\"CreatedAt\":\"2020-07-05T15:36:48+08:00\",\"UpdatedAt\":\"2020-07-05T15:36:48+08:00\",\"DeletedAt\":null,\"name\":\"数据库bool类型\",\"type\":\"bool\",\"status\":true,\"desc\":\"数据库bool类型\",\"sysDictionaryDetails\":[{\"ID\":27,\"CreatedAt\":\"2020-07-05T15:37:45+08:00\",\"UpdatedAt\":\"2020-07-05T15:37:45+08:00\",\"DeletedAt\":null,\"label\":\"tinyint\",\"value\":0,\"status\":true,\"sort\":0,\"sysDictionaryID\":7}]}},\"msg\":\"操作成功\"}'),(361,'2020-07-30 10:00:42','2020-07-30 10:00:42',NULL,'127.0.0.1','GET','/sysDictionary/findSysDictionary',200,458830,'Mozilla/5.0 (X11; Ubuntu; Linux x86_64; rv:78.0) Gecko/20100101 Firefox/78.0','','',10,'{\"code\":0,\"data\":{\"resysDictionary\":{\"ID\":4,\"CreatedAt\":\"2020-07-05T15:33:07+08:00\",\"UpdatedAt\":\"2020-07-05T16:07:18+08:00\",\"DeletedAt\":null,\"name\":\"数据库时间日期类型\",\"type\":\"time.Time\",\"status\":true,\"desc\":\"数据库时间日期类型\",\"sysDictionaryDetails\":[{\"ID\":19,\"CreatedAt\":\"2020-07-05T15:33:16+08:00\",\"UpdatedAt\":\"2020-07-05T15:33:16+08:00\",\"DeletedAt\":null,\"label\":\"data\",\"value\":0,\"status\":true,\"sort\":0,\"sysDictionaryID\":4},{\"ID\":20,\"CreatedAt\":\"2020-07-05T15:33:21+08:00\",\"UpdatedAt\":\"2020-07-05T15:33:21+08:00\",\"DeletedAt\":null,\"label\":\"time\",\"value\":1,\"status\":true,\"sort\":1,\"sysDictionaryID\":4},{\"ID\":21,\"CreatedAt\":\"2020-07-05T15:33:25+08:00\",\"UpdatedAt\":\"2020-07-05T15:33:25+08:00\",\"DeletedAt\":null,\"label\":\"year\",\"value\":2,\"status\":true,\"sort\":2,\"sysDictionaryID\":4},{\"ID\":22,\"CreatedAt\":\"2020-07-05T15:33:35+08:00\",\"UpdatedAt\":\"2020-07-05T15:33:35+08:00\",\"DeletedAt\":null,\"label\":\"datetime\",\"value\":3,\"status\":true,\"sort\":3,\"sysDictionaryID\":4},{\"ID\":23,\"CreatedAt\":\"2020-07-05T15:33:42+08:00\",\"UpdatedAt\":\"2020-07-05T15:33:42+08:00\",\"DeletedAt\":null,\"label\":\"timestamp\",\"value\":5,\"status\":true,\"sort\":5,\"sysDictionaryID\":4}]}},\"msg\":\"操作成功\"}'),(362,'2020-07-30 10:00:47','2020-07-30 10:00:47',NULL,'127.0.0.1','GET','/autoCode/getTables',200,482882,'Mozilla/5.0 (X11; Ubuntu; Linux x86_64; rv:78.0) Gecko/20100101 Firefox/78.0','','',10,'{\"code\":0,\"data\":{\"tables\":[{\"tableName\":\"addresses\"},{\"tableName\":\"authority_menu\"},{\"tableName\":\"casbin_rule\"},{\"tableName\":\"categories\"},{\"tableName\":\"category_subjects\"},{\"tableName\":\"companies\"},{\"tableName\":\"exa_customers\"},{\"tableName\":\"exa_file_chunks\"},{\"tableName\":\"exa_file_upload_and_downloads\"},{\"tableName\":\"exa_files\"},{\"tableName\":\"jwt_blacklists\"},{\"tableName\":\"lift_changes\"},{\"tableName\":\"lift_models\"},{\"tableName\":\"lift_records\"},{\"tableName\":\"lift_troubles\"},{\"tableName\":\"lifts\"},{\"tableName\":\"regions\"},{\"tableName\":\"sys_apis\"},{\"tableName\":\"sys_authorities\"},{\"tableName\":\"sys_authority_menus\"},{\"tableName\":\"sys_base_menus\"},{\"tableName\":\"sys_data_authority_id\"},{\"tableName\":\"sys_dictionaries\"},{\"tableName\":\"sys_dictionary_details\"},{\"tableName\":\"sys_operation_records\"},{\"tableName\":\"sys_users\"},{\"tableName\":\"sys_workflow_step_infos\"},{\"tableName\":\"sys_workflows\"},{\"tableName\":\"user_admins\"},{\"tableName\":\"user_lifts\"}]},\"msg\":\"操作成功\"}'),(363,'2020-07-30 10:02:05','2020-07-30 10:02:05',NULL,'127.0.0.1','POST','/authority/getAuthorityList',200,2286733,'Mozilla/5.0 (X11; Ubuntu; Linux x86_64; rv:78.0) Gecko/20100101 Firefox/78.0','','{\"page\":1,\"pageSize\":999}',10,'{\"code\":0,\"data\":{\"list\":[{\"CreatedAt\":\"2020-04-04T11:44:56+08:00\",\"UpdatedAt\":\"2020-06-13T16:07:37+08:00\",\"DeletedAt\":null,\"authorityId\":\"888\",\"authorityName\":\"普通用户\",\"parentId\":\"0\",\"dataAuthorityId\":[{\"CreatedAt\":\"2020-04-04T11:44:56+08:00\",\"UpdatedAt\":\"2020-06-13T16:07:37+08:00\",\"DeletedAt\":null,\"authorityId\":\"888\",\"authorityName\":\"普通用户\",\"parentId\":\"0\",\"dataAuthorityId\":null,\"children\":null,\"menus\":null},{\"CreatedAt\":\"2020-04-04T11:44:56+08:00\",\"UpdatedAt\":\"2020-04-24T10:16:42+08:00\",\"DeletedAt\":null,\"authorityId\":\"8881\",\"authorityName\":\"普通用户子角色\",\"parentId\":\"888\",\"dataAuthorityId\":null,\"children\":null,\"menus\":null},{\"CreatedAt\":\"2020-04-04T11:44:56+08:00\",\"UpdatedAt\":\"2020-04-24T10:16:42+08:00\",\"DeletedAt\":null,\"authorityId\":\"9528\",\"authorityName\":\"测试角色\",\"parentId\":\"0\",\"dataAuthorityId\":null,\"children\":null,\"menus\":null}],\"children\":[{\"CreatedAt\":\"2020-04-04T11:44:56+08:00\",\"UpdatedAt\":\"2020-04-24T10:16:42+08:00\",\"DeletedAt\":null,\"authorityId\":\"8881\",\"authorityName\":\"普通用户子角色\",\"parentId\":\"888\",\"dataAuthorityId\":[],\"children\":[],\"menus\":null}],\"menus\":null},{\"CreatedAt\":\"2020-04-04T11:44:56+08:00\",\"UpdatedAt\":\"2020-04-24T10:16:42+08:00\",\"DeletedAt\":null,\"authorityId\":\"9528\",\"authorityName\":\"测试角色\",\"parentId\":\"0\",\"dataAuthorityId\":[{\"CreatedAt\":\"2020-04-04T11:44:56+08:00\",\"UpdatedAt\":\"2020-04-24T10:16:42+08:00\",\"DeletedAt\":null,\"authorityId\":\"8881\",\"authorityName\":\"普通用户子角色\",\"parentId\":\"888\",\"dataAuthorityId\":null,\"children\":null,\"menus\":null},{\"CreatedAt\":\"2020-04-04T11:44:56+08:00\",\"UpdatedAt\":\"2020-04-24T10:16:42+08:00\",\"DeletedAt\":null,\"authorityId\":\"9528\",\"authorityName\":\"测试角色\",\"parentId\":\"0\",\"dataAuthorityId\":null,\"children\":null,\"menus\":null}],\"children\":[],\"menus\":null}],\"total\":0,\"page\":1,\"pageSize\":999},\"msg\":\"操作成功\"}'),(364,'2020-07-30 10:14:45','2020-07-30 10:14:45',NULL,'127.0.0.1','POST','/authority/getAuthorityList',200,2071141,'Mozilla/5.0 (X11; Ubuntu; Linux x86_64; rv:78.0) Gecko/20100101 Firefox/78.0','','{\"page\":1,\"pageSize\":999}',10,'{\"code\":0,\"data\":{\"list\":[{\"CreatedAt\":\"2020-04-04T11:44:56+08:00\",\"UpdatedAt\":\"2020-06-13T16:07:37+08:00\",\"DeletedAt\":null,\"authorityId\":\"888\",\"authorityName\":\"普通用户\",\"parentId\":\"0\",\"dataAuthorityId\":[{\"CreatedAt\":\"2020-04-04T11:44:56+08:00\",\"UpdatedAt\":\"2020-06-13T16:07:37+08:00\",\"DeletedAt\":null,\"authorityId\":\"888\",\"authorityName\":\"普通用户\",\"parentId\":\"0\",\"dataAuthorityId\":null,\"children\":null,\"menus\":null},{\"CreatedAt\":\"2020-04-04T11:44:56+08:00\",\"UpdatedAt\":\"2020-04-24T10:16:42+08:00\",\"DeletedAt\":null,\"authorityId\":\"8881\",\"authorityName\":\"普通用户子角色\",\"parentId\":\"888\",\"dataAuthorityId\":null,\"children\":null,\"menus\":null},{\"CreatedAt\":\"2020-04-04T11:44:56+08:00\",\"UpdatedAt\":\"2020-04-24T10:16:42+08:00\",\"DeletedAt\":null,\"authorityId\":\"9528\",\"authorityName\":\"测试角色\",\"parentId\":\"0\",\"dataAuthorityId\":null,\"children\":null,\"menus\":null}],\"children\":[{\"CreatedAt\":\"2020-04-04T11:44:56+08:00\",\"UpdatedAt\":\"2020-04-24T10:16:42+08:00\",\"DeletedAt\":null,\"authorityId\":\"8881\",\"authorityName\":\"普通用户子角色\",\"parentId\":\"888\",\"dataAuthorityId\":[],\"children\":[],\"menus\":null}],\"menus\":null},{\"CreatedAt\":\"2020-04-04T11:44:56+08:00\",\"UpdatedAt\":\"2020-04-24T10:16:42+08:00\",\"DeletedAt\":null,\"authorityId\":\"9528\",\"authorityName\":\"测试角色\",\"parentId\":\"0\",\"dataAuthorityId\":[{\"CreatedAt\":\"2020-04-04T11:44:56+08:00\",\"UpdatedAt\":\"2020-04-24T10:16:42+08:00\",\"DeletedAt\":null,\"authorityId\":\"8881\",\"authorityName\":\"普通用户子角色\",\"parentId\":\"888\",\"dataAuthorityId\":null,\"children\":null,\"menus\":null},{\"CreatedAt\":\"2020-04-04T11:44:56+08:00\",\"UpdatedAt\":\"2020-04-24T10:16:42+08:00\",\"DeletedAt\":null,\"authorityId\":\"9528\",\"authorityName\":\"测试角色\",\"parentId\":\"0\",\"dataAuthorityId\":null,\"children\":null,\"menus\":null}],\"children\":[],\"menus\":null}],\"total\":0,\"page\":1,\"pageSize\":999},\"msg\":\"操作成功\"}'),(365,'2020-07-30 10:14:46','2020-07-30 10:14:46',NULL,'127.0.0.1','POST','/casbin/getPolicyPathByAuthorityId',200,2727565,'Mozilla/5.0 (X11; Ubuntu; Linux x86_64; rv:78.0) Gecko/20100101 Firefox/78.0','','{\"authorityId\":\"888\"}',10,'{\"code\":0,\"data\":{\"paths\":[{\"path\":\"/base/login\",\"method\":\"POST\"},{\"path\":\"/base/register\",\"method\":\"POST\"},{\"path\":\"/api/createApi\",\"method\":\"POST\"},{\"path\":\"/api/getApiList\",\"method\":\"POST\"},{\"path\":\"/api/getApiById\",\"method\":\"POST\"},{\"path\":\"/api/deleteApi\",\"method\":\"POST\"},{\"path\":\"/api/updateApi\",\"method\":\"POST\"},{\"path\":\"/api/getAllApis\",\"method\":\"POST\"},{\"path\":\"/authority/createAuthority\",\"method\":\"POST\"},{\"path\":\"/authority/deleteAuthority\",\"method\":\"POST\"},{\"path\":\"/authority/getAuthorityList\",\"method\":\"POST\"},{\"path\":\"/authority/setDataAuthority\",\"method\":\"POST\"},{\"path\":\"/authority/updateAuthority\",\"method\":\"PUT\"},{\"path\":\"/authority/copyAuthority\",\"method\":\"POST\"},{\"path\":\"/menu/getMenu\",\"method\":\"POST\"},{\"path\":\"/menu/getMenuList\",\"method\":\"POST\"},{\"path\":\"/menu/addBaseMenu\",\"method\":\"POST\"},{\"path\":\"/menu/getBaseMenuTree\",\"method\":\"POST\"},{\"path\":\"/menu/addMenuAuthority\",\"method\":\"POST\"},{\"path\":\"/menu/getMenuAuthority\",\"method\":\"POST\"},{\"path\":\"/menu/deleteBaseMenu\",\"method\":\"POST\"},{\"path\":\"/menu/updateBaseMenu\",\"method\":\"POST\"},{\"path\":\"/menu/getBaseMenuById\",\"method\":\"POST\"},{\"path\":\"/user/changePassword\",\"method\":\"POST\"},{\"path\":\"/user/uploadHeaderImg\",\"method\":\"POST\"},{\"path\":\"/user/getInfoList\",\"method\":\"POST\"},{\"path\":\"/user/getUserList\",\"method\":\"POST\"},{\"path\":\"/user/setUserAuthority\",\"method\":\"POST\"},{\"path\":\"/user/deleteUser\",\"method\":\"DELETE\"},{\"path\":\"/fileUploadAndDownload/upload\",\"method\":\"POST\"},{\"path\":\"/fileUploadAndDownload/getFileList\",\"method\":\"POST\"},{\"path\":\"/fileUploadAndDownload/deleteFile\",\"method\":\"POST\"},{\"path\":\"/casbin/updateCasbin\",\"method\":\"POST\"},{\"path\":\"/casbin/getPolicyPathByAuthorityId\",\"method\":\"POST\"},{\"path\":\"/casbin/casbinTest/:pathParam\",\"method\":\"GET\"},{\"path\":\"/jwt/jsonInBlacklist\",\"method\":\"POST\"},{\"path\":\"/system/getSystemConfig\",\"method\":\"POST\"},{\"path\":\"/system/setSystemConfig\",\"method\":\"POST\"},{\"path\":\"/customer/customer\",\"method\":\"POST\"},{\"path\":\"/customer/customer\",\"method\":\"PUT\"},{\"path\":\"/customer/customer\",\"method\":\"DELETE\"},{\"path\":\"/customer/customer\",\"method\":\"GET\"},{\"path\":\"/customer/customerList\",\"method\":\"GET\"},{\"path\":\"/autoCode/createTemp\",\"method\":\"POST\"},{\"path\":\"/autoCode/getTables\",\"method\":\"GET\"},{\"path\":\"/autoCode/getDB\",\"method\":\"GET\"},{\"path\":\"/autoCode/getColume\",\"method\":\"GET\"},{\"path\":\"/sysDictionaryDetail/createSysDictionaryDetail\",\"method\":\"POST\"},{\"path\":\"/sysDictionaryDetail/deleteSysDictionaryDetail\",\"method\":\"DELETE\"},{\"path\":\"/sysDictionaryDetail/updateSysDictionaryDetail\",\"method\":\"PUT\"},{\"path\":\"/sysDictionaryDetail/findSysDictionaryDetail\",\"method\":\"GET\"},{\"path\":\"/sysDictionaryDetail/getSysDictionaryDetailList\",\"method\":\"GET\"},{\"path\":\"/sysDictionary/createSysDictionary\",\"method\":\"POST\"},{\"path\":\"/sysDictionary/deleteSysDictionary\",\"method\":\"DELETE\"},{\"path\":\"/sysDictionary/updateSysDictionary\",\"method\":\"PUT\"},{\"path\":\"/sysDictionary/findSysDictionary\",\"method\":\"GET\"},{\"path\":\"/sysDictionary/getSysDictionaryList\",\"method\":\"GET\"},{\"path\":\"/sysOperationRecord/createSysOperationRecord\",\"method\":\"POST\"},{\"path\":\"/sysOperationRecord/deleteSysOperationRecord\",\"method\":\"DELETE\"},{\"path\":\"/sysOperationRecord/updateSysOperationRecord\",\"method\":\"PUT\"},{\"path\":\"/sysOperationRecord/findSysOperationRecord\",\"method\":\"GET\"},{\"path\":\"/sysOperationRecord/getSysOperationRecordList\",\"method\":\"GET\"},{\"path\":\"/sysOperationRecord/deleteSysOperationRecordByIds\",\"method\":\"DELETE\"},{\"path\":\"/sysOperationRecord/createSysOperationRecord\",\"method\":\"POST\"},{\"path\":\"/sysOperationRecord/deleteSysOperationRecord\",\"method\":\"DELETE\"},{\"path\":\"/sysOperationRecord/updateSysOperationRecord\",\"method\":\"PUT\"},{\"path\":\"/sysOperationRecord/findSysOperationRecord\",\"method\":\"GET\"},{\"path\":\"/sysOperationRecord/getSysOperationRecordList\",\"method\":\"GET\"},{\"path\":\"/sysOperationRecord/deleteSysOperationRecordByIds\",\"method\":\"DELETE\"},{\"path\":\"/autoCode/getTables\",\"method\":\"GET\"},{\"path\":\"/autoCode/getDB\",\"method\":\"GET\"},{\"path\":\"/autoCode/getColume\",\"method\":\"GET\"}]},\"msg\":\"操作成功\"}'),(366,'2020-07-30 10:15:19','2020-07-30 10:15:19',NULL,'127.0.0.1','POST','/casbin/updateCasbin',200,5000890011,'Mozilla/5.0 (X11; Ubuntu; Linux x86_64; rv:78.0) Gecko/20100101 Firefox/78.0','','{\"authorityId\":\"888\",\"casbinInfos\":[{\"path\":\"/base/login\",\"method\":\"POST\"},{\"path\":\"/base/register\",\"method\":\"POST\"},{\"path\":\"/api/createApi\",\"method\":\"POST\"},{\"path\":\"/api/getApiList\",\"method\":\"POST\"},{\"path\":\"/api/getApiById\",\"method\":\"POST\"},{\"path\":\"/api/deleteApi\",\"method\":\"POST\"},{\"path\":\"/api/updateApi\",\"method\":\"POST\"},{\"path\":\"/api/getAllApis\",\"method\":\"POST\"},{\"path\":\"/authority/createAuthority\",\"method\":\"POST\"},{\"path\":\"/authority/deleteAuthority\",\"method\":\"POST\"},{\"path\":\"/authority/getAuthorityList\",\"method\":\"POST\"},{\"path\":\"/authority/setDataAuthority\",\"method\":\"POST\"},{\"path\":\"/authority/updateAuthority\",\"method\":\"PUT\"},{\"path\":\"/authority/copyAuthority\",\"method\":\"POST\"},{\"path\":\"/menu/getMenu\",\"method\":\"POST\"},{\"path\":\"/menu/getMenuList\",\"method\":\"POST\"},{\"path\":\"/menu/addBaseMenu\",\"method\":\"POST\"},{\"path\":\"/menu/getBaseMenuTree\",\"method\":\"POST\"},{\"path\":\"/menu/addMenuAuthority\",\"method\":\"POST\"},{\"path\":\"/menu/getMenuAuthority\",\"method\":\"POST\"},{\"path\":\"/menu/deleteBaseMenu\",\"method\":\"POST\"},{\"path\":\"/menu/updateBaseMenu\",\"method\":\"POST\"},{\"path\":\"/menu/getBaseMenuById\",\"method\":\"POST\"},{\"path\":\"/user/changePassword\",\"method\":\"POST\"},{\"path\":\"/user/uploadHeaderImg\",\"method\":\"POST\"},{\"path\":\"/user/getInfoList\",\"method\":\"POST\"},{\"path\":\"/user/getUserList\",\"method\":\"POST\"},{\"path\":\"/user/setUserAuthority\",\"method\":\"POST\"},{\"path\":\"/user/deleteUser\",\"method\":\"DELETE\"},{\"path\":\"/fileUploadAndDownload/upload\",\"method\":\"POST\"},{\"path\":\"/fileUploadAndDownload/getFileList\",\"method\":\"POST\"},{\"path\":\"/fileUploadAndDownload/deleteFile\",\"method\":\"POST\"},{\"path\":\"/casbin/updateCasbin\",\"method\":\"POST\"},{\"path\":\"/casbin/getPolicyPathByAuthorityId\",\"method\":\"POST\"},{\"path\":\"/casbin/casbinTest/:pathParam\",\"method\":\"GET\"},{\"path\":\"/jwt/jsonInBlacklist\",\"method\":\"POST\"},{\"path\":\"/system/getSystemConfig\",\"method\":\"POST\"},{\"path\":\"/system/setSystemConfig\",\"method\":\"POST\"},{\"path\":\"/customer/customer\",\"method\":\"POST\"},{\"path\":\"/customer/customer\",\"method\":\"PUT\"},{\"path\":\"/customer/customer\",\"method\":\"DELETE\"},{\"path\":\"/customer/customer\",\"method\":\"GET\"},{\"path\":\"/customer/customerList\",\"method\":\"GET\"},{\"path\":\"/autoCode/createTemp\",\"method\":\"POST\"},{\"path\":\"/autoCode/getTables\",\"method\":\"GET\"},{\"path\":\"/autoCode/getDB\",\"method\":\"GET\"},{\"path\":\"/autoCode/getColume\",\"method\":\"GET\"},{\"path\":\"/sysDictionaryDetail/createSysDictionaryDetail\",\"method\":\"POST\"},{\"path\":\"/sysDictionaryDetail/deleteSysDictionaryDetail\",\"method\":\"DELETE\"},{\"path\":\"/sysDictionaryDetail/updateSysDictionaryDetail\",\"method\":\"PUT\"},{\"path\":\"/sysDictionaryDetail/findSysDictionaryDetail\",\"method\":\"GET\"},{\"path\":\"/sysDictionaryDetail/getSysDictionaryDetailList\",\"method\":\"GET\"},{\"path\":\"/sysDictionary/createSysDictionary\",\"method\":\"POST\"},{\"path\":\"/sysDictionary/deleteSysDictionary\",\"method\":\"DELETE\"},{\"path\":\"/sysDictionary/updateSysDictionary\",\"method\":\"PUT\"},{\"path\":\"/sysDictionary/findSysDictionary\",\"method\":\"GET\"},{\"path\":\"/sysDictionary/getSysDictionaryList\",\"method\":\"GET\"},{\"path\":\"/sysOperationRecord/createSysOperationRecord\",\"method\":\"POST\"},{\"path\":\"/sysOperationRecord/deleteSysOperationRecord\",\"method\":\"DELETE\"},{\"path\":\"/sysOperationRecord/updateSysOperationRecord\",\"method\":\"PUT\"},{\"path\":\"/sysOperationRecord/findSysOperationRecord\",\"method\":\"GET\"},{\"path\":\"/sysOperationRecord/getSysOperationRecordList\",\"method\":\"GET\"},{\"path\":\"/sysOperationRecord/deleteSysOperationRecordByIds\",\"method\":\"DELETE\"},{\"path\":\"/subject/getSubjectById\",\"method\":\"POST\"},{\"path\":\"/subject/getSubjectList\",\"method\":\"POST\"},{\"path\":\"/subject/createSubject\",\"method\":\"POST\"},{\"path\":\"/subject/updateSubject\",\"method\":\"POST\"},{\"path\":\"/subject/deleteSubject\",\"method\":\"POST\"},{\"path\":\"/subject/getAllSubjects\",\"method\":\"POST\"}]}',10,'{\"code\":0,\"data\":{},\"msg\":\"添加规则成功\"}'),(367,'2020-07-30 10:15:27','2020-07-30 10:15:27',NULL,'127.0.0.1','POST','/authority/getAuthorityList',200,1779264,'Mozilla/5.0 (X11; Ubuntu; Linux x86_64; rv:78.0) Gecko/20100101 Firefox/78.0','','{\"page\":1,\"pageSize\":999}',10,'{\"code\":0,\"data\":{\"list\":[{\"CreatedAt\":\"2020-04-04T11:44:56+08:00\",\"UpdatedAt\":\"2020-06-13T16:07:37+08:00\",\"DeletedAt\":null,\"authorityId\":\"888\",\"authorityName\":\"普通用户\",\"parentId\":\"0\",\"dataAuthorityId\":[{\"CreatedAt\":\"2020-04-04T11:44:56+08:00\",\"UpdatedAt\":\"2020-06-13T16:07:37+08:00\",\"DeletedAt\":null,\"authorityId\":\"888\",\"authorityName\":\"普通用户\",\"parentId\":\"0\",\"dataAuthorityId\":null,\"children\":null,\"menus\":null},{\"CreatedAt\":\"2020-04-04T11:44:56+08:00\",\"UpdatedAt\":\"2020-04-24T10:16:42+08:00\",\"DeletedAt\":null,\"authorityId\":\"8881\",\"authorityName\":\"普通用户子角色\",\"parentId\":\"888\",\"dataAuthorityId\":null,\"children\":null,\"menus\":null},{\"CreatedAt\":\"2020-04-04T11:44:56+08:00\",\"UpdatedAt\":\"2020-04-24T10:16:42+08:00\",\"DeletedAt\":null,\"authorityId\":\"9528\",\"authorityName\":\"测试角色\",\"parentId\":\"0\",\"dataAuthorityId\":null,\"children\":null,\"menus\":null}],\"children\":[{\"CreatedAt\":\"2020-04-04T11:44:56+08:00\",\"UpdatedAt\":\"2020-04-24T10:16:42+08:00\",\"DeletedAt\":null,\"authorityId\":\"8881\",\"authorityName\":\"普通用户子角色\",\"parentId\":\"888\",\"dataAuthorityId\":[],\"children\":[],\"menus\":null}],\"menus\":null},{\"CreatedAt\":\"2020-04-04T11:44:56+08:00\",\"UpdatedAt\":\"2020-04-24T10:16:42+08:00\",\"DeletedAt\":null,\"authorityId\":\"9528\",\"authorityName\":\"测试角色\",\"parentId\":\"0\",\"dataAuthorityId\":[{\"CreatedAt\":\"2020-04-04T11:44:56+08:00\",\"UpdatedAt\":\"2020-04-24T10:16:42+08:00\",\"DeletedAt\":null,\"authorityId\":\"8881\",\"authorityName\":\"普通用户子角色\",\"parentId\":\"888\",\"dataAuthorityId\":null,\"children\":null,\"menus\":null},{\"CreatedAt\":\"2020-04-04T11:44:56+08:00\",\"UpdatedAt\":\"2020-04-24T10:16:42+08:00\",\"DeletedAt\":null,\"authorityId\":\"9528\",\"authorityName\":\"测试角色\",\"parentId\":\"0\",\"dataAuthorityId\":null,\"children\":null,\"menus\":null}],\"children\":[],\"menus\":null}],\"total\":0,\"page\":1,\"pageSize\":999},\"msg\":\"操作成功\"}'),(368,'2020-07-30 10:16:17','2020-07-30 10:16:17',NULL,'127.0.0.1','POST','/authority/getAuthorityList',200,1463599,'Mozilla/5.0 (X11; Ubuntu; Linux x86_64; rv:78.0) Gecko/20100101 Firefox/78.0','','{\"page\":1,\"pageSize\":999}',10,'{\"code\":0,\"data\":{\"list\":[{\"CreatedAt\":\"2020-04-04T11:44:56+08:00\",\"UpdatedAt\":\"2020-06-13T16:07:37+08:00\",\"DeletedAt\":null,\"authorityId\":\"888\",\"authorityName\":\"普通用户\",\"parentId\":\"0\",\"dataAuthorityId\":[{\"CreatedAt\":\"2020-04-04T11:44:56+08:00\",\"UpdatedAt\":\"2020-06-13T16:07:37+08:00\",\"DeletedAt\":null,\"authorityId\":\"888\",\"authorityName\":\"普通用户\",\"parentId\":\"0\",\"dataAuthorityId\":null,\"children\":null,\"menus\":null},{\"CreatedAt\":\"2020-04-04T11:44:56+08:00\",\"UpdatedAt\":\"2020-04-24T10:16:42+08:00\",\"DeletedAt\":null,\"authorityId\":\"8881\",\"authorityName\":\"普通用户子角色\",\"parentId\":\"888\",\"dataAuthorityId\":null,\"children\":null,\"menus\":null},{\"CreatedAt\":\"2020-04-04T11:44:56+08:00\",\"UpdatedAt\":\"2020-04-24T10:16:42+08:00\",\"DeletedAt\":null,\"authorityId\":\"9528\",\"authorityName\":\"测试角色\",\"parentId\":\"0\",\"dataAuthorityId\":null,\"children\":null,\"menus\":null}],\"children\":[{\"CreatedAt\":\"2020-04-04T11:44:56+08:00\",\"UpdatedAt\":\"2020-04-24T10:16:42+08:00\",\"DeletedAt\":null,\"authorityId\":\"8881\",\"authorityName\":\"普通用户子角色\",\"parentId\":\"888\",\"dataAuthorityId\":[],\"children\":[],\"menus\":null}],\"menus\":null},{\"CreatedAt\":\"2020-04-04T11:44:56+08:00\",\"UpdatedAt\":\"2020-04-24T10:16:42+08:00\",\"DeletedAt\":null,\"authorityId\":\"9528\",\"authorityName\":\"测试角色\",\"parentId\":\"0\",\"dataAuthorityId\":[{\"CreatedAt\":\"2020-04-04T11:44:56+08:00\",\"UpdatedAt\":\"2020-04-24T10:16:42+08:00\",\"DeletedAt\":null,\"authorityId\":\"8881\",\"authorityName\":\"普通用户子角色\",\"parentId\":\"888\",\"dataAuthorityId\":null,\"children\":null,\"menus\":null},{\"CreatedAt\":\"2020-04-04T11:44:56+08:00\",\"UpdatedAt\":\"2020-04-24T10:16:42+08:00\",\"DeletedAt\":null,\"authorityId\":\"9528\",\"authorityName\":\"测试角色\",\"parentId\":\"0\",\"dataAuthorityId\":null,\"children\":null,\"menus\":null}],\"children\":[],\"menus\":null}],\"total\":0,\"page\":1,\"pageSize\":999},\"msg\":\"操作成功\"}'),(369,'2020-07-30 10:17:34','2020-07-30 10:17:34',NULL,'127.0.0.1','POST','/authority/getAuthorityList',200,1828988,'Mozilla/5.0 (X11; Ubuntu; Linux x86_64; rv:78.0) Gecko/20100101 Firefox/78.0','','{\"page\":1,\"pageSize\":999}',10,'{\"code\":0,\"data\":{\"list\":[{\"CreatedAt\":\"2020-04-04T11:44:56+08:00\",\"UpdatedAt\":\"2020-06-13T16:07:37+08:00\",\"DeletedAt\":null,\"authorityId\":\"888\",\"authorityName\":\"普通用户\",\"parentId\":\"0\",\"dataAuthorityId\":[{\"CreatedAt\":\"2020-04-04T11:44:56+08:00\",\"UpdatedAt\":\"2020-06-13T16:07:37+08:00\",\"DeletedAt\":null,\"authorityId\":\"888\",\"authorityName\":\"普通用户\",\"parentId\":\"0\",\"dataAuthorityId\":null,\"children\":null,\"menus\":null},{\"CreatedAt\":\"2020-04-04T11:44:56+08:00\",\"UpdatedAt\":\"2020-04-24T10:16:42+08:00\",\"DeletedAt\":null,\"authorityId\":\"8881\",\"authorityName\":\"普通用户子角色\",\"parentId\":\"888\",\"dataAuthorityId\":null,\"children\":null,\"menus\":null},{\"CreatedAt\":\"2020-04-04T11:44:56+08:00\",\"UpdatedAt\":\"2020-04-24T10:16:42+08:00\",\"DeletedAt\":null,\"authorityId\":\"9528\",\"authorityName\":\"测试角色\",\"parentId\":\"0\",\"dataAuthorityId\":null,\"children\":null,\"menus\":null}],\"children\":[{\"CreatedAt\":\"2020-04-04T11:44:56+08:00\",\"UpdatedAt\":\"2020-04-24T10:16:42+08:00\",\"DeletedAt\":null,\"authorityId\":\"8881\",\"authorityName\":\"普通用户子角色\",\"parentId\":\"888\",\"dataAuthorityId\":[],\"children\":[],\"menus\":null}],\"menus\":null},{\"CreatedAt\":\"2020-04-04T11:44:56+08:00\",\"UpdatedAt\":\"2020-04-24T10:16:42+08:00\",\"DeletedAt\":null,\"authorityId\":\"9528\",\"authorityName\":\"测试角色\",\"parentId\":\"0\",\"dataAuthorityId\":[{\"CreatedAt\":\"2020-04-04T11:44:56+08:00\",\"UpdatedAt\":\"2020-04-24T10:16:42+08:00\",\"DeletedAt\":null,\"authorityId\":\"8881\",\"authorityName\":\"普通用户子角色\",\"parentId\":\"888\",\"dataAuthorityId\":null,\"children\":null,\"menus\":null},{\"CreatedAt\":\"2020-04-04T11:44:56+08:00\",\"UpdatedAt\":\"2020-04-24T10:16:42+08:00\",\"DeletedAt\":null,\"authorityId\":\"9528\",\"authorityName\":\"测试角色\",\"parentId\":\"0\",\"dataAuthorityId\":null,\"children\":null,\"menus\":null}],\"children\":[],\"menus\":null}],\"total\":0,\"page\":1,\"pageSize\":999},\"msg\":\"操作成功\"}'),(370,'2020-07-30 10:17:38','2020-07-30 10:17:38',NULL,'127.0.0.1','POST','/authority/getAuthorityList',200,1546990,'Mozilla/5.0 (X11; Ubuntu; Linux x86_64; rv:78.0) Gecko/20100101 Firefox/78.0','','{\"page\":1,\"pageSize\":999}',10,'{\"code\":0,\"data\":{\"list\":[{\"CreatedAt\":\"2020-04-04T11:44:56+08:00\",\"UpdatedAt\":\"2020-06-13T16:07:37+08:00\",\"DeletedAt\":null,\"authorityId\":\"888\",\"authorityName\":\"普通用户\",\"parentId\":\"0\",\"dataAuthorityId\":[{\"CreatedAt\":\"2020-04-04T11:44:56+08:00\",\"UpdatedAt\":\"2020-06-13T16:07:37+08:00\",\"DeletedAt\":null,\"authorityId\":\"888\",\"authorityName\":\"普通用户\",\"parentId\":\"0\",\"dataAuthorityId\":null,\"children\":null,\"menus\":null},{\"CreatedAt\":\"2020-04-04T11:44:56+08:00\",\"UpdatedAt\":\"2020-04-24T10:16:42+08:00\",\"DeletedAt\":null,\"authorityId\":\"8881\",\"authorityName\":\"普通用户子角色\",\"parentId\":\"888\",\"dataAuthorityId\":null,\"children\":null,\"menus\":null},{\"CreatedAt\":\"2020-04-04T11:44:56+08:00\",\"UpdatedAt\":\"2020-04-24T10:16:42+08:00\",\"DeletedAt\":null,\"authorityId\":\"9528\",\"authorityName\":\"测试角色\",\"parentId\":\"0\",\"dataAuthorityId\":null,\"children\":null,\"menus\":null}],\"children\":[{\"CreatedAt\":\"2020-04-04T11:44:56+08:00\",\"UpdatedAt\":\"2020-04-24T10:16:42+08:00\",\"DeletedAt\":null,\"authorityId\":\"8881\",\"authorityName\":\"普通用户子角色\",\"parentId\":\"888\",\"dataAuthorityId\":[],\"children\":[],\"menus\":null}],\"menus\":null},{\"CreatedAt\":\"2020-04-04T11:44:56+08:00\",\"UpdatedAt\":\"2020-04-24T10:16:42+08:00\",\"DeletedAt\":null,\"authorityId\":\"9528\",\"authorityName\":\"测试角色\",\"parentId\":\"0\",\"dataAuthorityId\":[{\"CreatedAt\":\"2020-04-04T11:44:56+08:00\",\"UpdatedAt\":\"2020-04-24T10:16:42+08:00\",\"DeletedAt\":null,\"authorityId\":\"8881\",\"authorityName\":\"普通用户子角色\",\"parentId\":\"888\",\"dataAuthorityId\":null,\"children\":null,\"menus\":null},{\"CreatedAt\":\"2020-04-04T11:44:56+08:00\",\"UpdatedAt\":\"2020-04-24T10:16:42+08:00\",\"DeletedAt\":null,\"authorityId\":\"9528\",\"authorityName\":\"测试角色\",\"parentId\":\"0\",\"dataAuthorityId\":null,\"children\":null,\"menus\":null}],\"children\":[],\"menus\":null}],\"total\":0,\"page\":1,\"pageSize\":999},\"msg\":\"操作成功\"}'),(371,'2020-07-30 10:29:19','2020-07-30 10:29:19',NULL,'127.0.0.1','GET','/autoCode/getDB',200,309760,'Mozilla/5.0 (X11; Ubuntu; Linux x86_64; rv:78.0) Gecko/20100101 Firefox/78.0','','',10,'{\"code\":0,\"data\":{\"dbs\":[{\"database\":\"information_schema\"},{\"database\":\"mysql\"},{\"database\":\"performance_schema\"},{\"database\":\"qmPlus\"},{\"database\":\"sys\"}]},\"msg\":\"操作成功\"}'),(372,'2020-07-30 10:29:19','2020-07-30 10:29:19',NULL,'127.0.0.1','GET','/sysDictionary/findSysDictionary',200,1597388,'Mozilla/5.0 (X11; Ubuntu; Linux x86_64; rv:78.0) Gecko/20100101 Firefox/78.0','','',10,'{\"code\":0,\"data\":{\"resysDictionary\":{\"ID\":6,\"CreatedAt\":\"2020-07-05T15:35:05+08:00\",\"UpdatedAt\":\"2020-07-05T15:35:05+08:00\",\"DeletedAt\":null,\"name\":\"数据库字符串\",\"type\":\"string\",\"status\":true,\"desc\":\"数据库字符串\",\"sysDictionaryDetails\":[{\"ID\":28,\"CreatedAt\":\"2020-07-05T15:53:25+08:00\",\"UpdatedAt\":\"2020-07-05T15:53:25+08:00\",\"DeletedAt\":null,\"label\":\"char\",\"value\":0,\"status\":true,\"sort\":0,\"sysDictionaryID\":6},{\"ID\":29,\"CreatedAt\":\"2020-07-05T15:53:29+08:00\",\"UpdatedAt\":\"2020-07-05T15:53:29+08:00\",\"DeletedAt\":null,\"label\":\"varchar\",\"value\":1,\"status\":true,\"sort\":1,\"sysDictionaryID\":6},{\"ID\":30,\"CreatedAt\":\"2020-07-05T15:53:35+08:00\",\"UpdatedAt\":\"2020-07-05T15:53:35+08:00\",\"DeletedAt\":null,\"label\":\"tinyblob\",\"value\":2,\"status\":true,\"sort\":2,\"sysDictionaryID\":6},{\"ID\":31,\"CreatedAt\":\"2020-07-05T15:53:40+08:00\",\"UpdatedAt\":\"2020-07-05T15:53:40+08:00\",\"DeletedAt\":null,\"label\":\"tinytext\",\"value\":3,\"status\":true,\"sort\":3,\"sysDictionaryID\":6},{\"ID\":32,\"CreatedAt\":\"2020-07-05T15:53:48+08:00\",\"UpdatedAt\":\"2020-07-05T15:53:48+08:00\",\"DeletedAt\":null,\"label\":\"text\",\"value\":4,\"status\":true,\"sort\":4,\"sysDictionaryID\":6},{\"ID\":33,\"CreatedAt\":\"2020-07-05T15:53:55+08:00\",\"UpdatedAt\":\"2020-07-05T15:53:55+08:00\",\"DeletedAt\":null,\"label\":\"blob\",\"value\":5,\"status\":true,\"sort\":5,\"sysDictionaryID\":6},{\"ID\":34,\"CreatedAt\":\"2020-07-05T15:54:02+08:00\",\"UpdatedAt\":\"2020-07-05T15:54:02+08:00\",\"DeletedAt\":null,\"label\":\"mediumblob\",\"value\":6,\"status\":true,\"sort\":6,\"sysDictionaryID\":6},{\"ID\":35,\"CreatedAt\":\"2020-07-05T15:54:09+08:00\",\"UpdatedAt\":\"2020-07-05T15:54:09+08:00\",\"DeletedAt\":null,\"label\":\"mediumtext\",\"value\":7,\"status\":true,\"sort\":7,\"sysDictionaryID\":6},{\"ID\":36,\"CreatedAt\":\"2020-07-05T15:54:16+08:00\",\"UpdatedAt\":\"2020-07-05T15:54:16+08:00\",\"DeletedAt\":null,\"label\":\"longblob\",\"value\":8,\"status\":true,\"sort\":8,\"sysDictionaryID\":6},{\"ID\":37,\"CreatedAt\":\"2020-07-05T15:54:24+08:00\",\"UpdatedAt\":\"2020-07-05T15:54:24+08:00\",\"DeletedAt\":null,\"label\":\"longtext\",\"value\":9,\"status\":true,\"sort\":9,\"sysDictionaryID\":6}]}},\"msg\":\"操作成功\"}'),(373,'2020-07-30 10:29:19','2020-07-30 10:29:19',NULL,'127.0.0.1','GET','/sysDictionary/findSysDictionary',200,1096251,'Mozilla/5.0 (X11; Ubuntu; Linux x86_64; rv:78.0) Gecko/20100101 Firefox/78.0','','',10,'{\"code\":0,\"data\":{\"resysDictionary\":{\"ID\":3,\"CreatedAt\":\"2020-07-05T15:27:31+08:00\",\"UpdatedAt\":\"2020-07-05T15:27:31+08:00\",\"DeletedAt\":null,\"name\":\"数据库int类型\",\"type\":\"int\",\"status\":true,\"desc\":\"int类型对应的数据库类型\",\"sysDictionaryDetails\":[{\"ID\":12,\"CreatedAt\":\"2020-07-05T15:31:41+08:00\",\"UpdatedAt\":\"2020-07-05T15:31:41+08:00\",\"DeletedAt\":null,\"label\":\"smallint\",\"value\":1,\"status\":true,\"sort\":1,\"sysDictionaryID\":3},{\"ID\":13,\"CreatedAt\":\"2020-07-05T15:31:52+08:00\",\"UpdatedAt\":\"2020-07-05T15:31:52+08:00\",\"DeletedAt\":null,\"label\":\"mediumint\",\"value\":2,\"status\":true,\"sort\":2,\"sysDictionaryID\":3},{\"ID\":14,\"CreatedAt\":\"2020-07-05T15:32:04+08:00\",\"UpdatedAt\":\"2020-07-05T15:32:04+08:00\",\"DeletedAt\":null,\"label\":\"int\",\"value\":3,\"status\":true,\"sort\":3,\"sysDictionaryID\":3},{\"ID\":15,\"CreatedAt\":\"2020-07-05T15:32:11+08:00\",\"UpdatedAt\":\"2020-07-05T15:32:11+08:00\",\"DeletedAt\":null,\"label\":\"bigint\",\"value\":4,\"status\":true,\"sort\":4,\"sysDictionaryID\":3}]}},\"msg\":\"操作成功\"}'),(374,'2020-07-30 10:29:19','2020-07-30 10:29:19',NULL,'127.0.0.1','GET','/sysDictionary/findSysDictionary',200,465687,'Mozilla/5.0 (X11; Ubuntu; Linux x86_64; rv:78.0) Gecko/20100101 Firefox/78.0','','',10,'{\"code\":0,\"data\":{\"resysDictionary\":{\"ID\":5,\"CreatedAt\":\"2020-07-05T15:34:23+08:00\",\"UpdatedAt\":\"2020-07-05T15:52:45+08:00\",\"DeletedAt\":null,\"name\":\"数据库浮点型\",\"type\":\"float64\",\"status\":true,\"desc\":\"数据库浮点型\",\"sysDictionaryDetails\":[{\"ID\":24,\"CreatedAt\":\"2020-07-05T15:34:30+08:00\",\"UpdatedAt\":\"2020-07-05T15:34:30+08:00\",\"DeletedAt\":null,\"label\":\"float\",\"value\":0,\"status\":true,\"sort\":0,\"sysDictionaryID\":5},{\"ID\":25,\"CreatedAt\":\"2020-07-05T15:34:35+08:00\",\"UpdatedAt\":\"2020-07-05T15:34:35+08:00\",\"DeletedAt\":null,\"label\":\"double\",\"value\":1,\"status\":true,\"sort\":1,\"sysDictionaryID\":5},{\"ID\":26,\"CreatedAt\":\"2020-07-05T15:34:41+08:00\",\"UpdatedAt\":\"2020-07-05T15:34:41+08:00\",\"DeletedAt\":null,\"label\":\"decimal\",\"value\":2,\"status\":true,\"sort\":2,\"sysDictionaryID\":5}]}},\"msg\":\"操作成功\"}'),(375,'2020-07-30 10:29:19','2020-07-30 10:29:19',NULL,'127.0.0.1','GET','/sysDictionary/findSysDictionary',200,532393,'Mozilla/5.0 (X11; Ubuntu; Linux x86_64; rv:78.0) Gecko/20100101 Firefox/78.0','','',10,'{\"code\":0,\"data\":{\"resysDictionary\":{\"ID\":7,\"CreatedAt\":\"2020-07-05T15:36:48+08:00\",\"UpdatedAt\":\"2020-07-05T15:36:48+08:00\",\"DeletedAt\":null,\"name\":\"数据库bool类型\",\"type\":\"bool\",\"status\":true,\"desc\":\"数据库bool类型\",\"sysDictionaryDetails\":[{\"ID\":27,\"CreatedAt\":\"2020-07-05T15:37:45+08:00\",\"UpdatedAt\":\"2020-07-05T15:37:45+08:00\",\"DeletedAt\":null,\"label\":\"tinyint\",\"value\":0,\"status\":true,\"sort\":0,\"sysDictionaryID\":7}]}},\"msg\":\"操作成功\"}'),(376,'2020-07-30 10:29:19','2020-07-30 10:29:19',NULL,'127.0.0.1','GET','/sysDictionary/findSysDictionary',200,687236,'Mozilla/5.0 (X11; Ubuntu; Linux x86_64; rv:78.0) Gecko/20100101 Firefox/78.0','','',10,'{\"code\":0,\"data\":{\"resysDictionary\":{\"ID\":4,\"CreatedAt\":\"2020-07-05T15:33:07+08:00\",\"UpdatedAt\":\"2020-07-05T16:07:18+08:00\",\"DeletedAt\":null,\"name\":\"数据库时间日期类型\",\"type\":\"time.Time\",\"status\":true,\"desc\":\"数据库时间日期类型\",\"sysDictionaryDetails\":[{\"ID\":19,\"CreatedAt\":\"2020-07-05T15:33:16+08:00\",\"UpdatedAt\":\"2020-07-05T15:33:16+08:00\",\"DeletedAt\":null,\"label\":\"data\",\"value\":0,\"status\":true,\"sort\":0,\"sysDictionaryID\":4},{\"ID\":20,\"CreatedAt\":\"2020-07-05T15:33:21+08:00\",\"UpdatedAt\":\"2020-07-05T15:33:21+08:00\",\"DeletedAt\":null,\"label\":\"time\",\"value\":1,\"status\":true,\"sort\":1,\"sysDictionaryID\":4},{\"ID\":21,\"CreatedAt\":\"2020-07-05T15:33:25+08:00\",\"UpdatedAt\":\"2020-07-05T15:33:25+08:00\",\"DeletedAt\":null,\"label\":\"year\",\"value\":2,\"status\":true,\"sort\":2,\"sysDictionaryID\":4},{\"ID\":22,\"CreatedAt\":\"2020-07-05T15:33:35+08:00\",\"UpdatedAt\":\"2020-07-05T15:33:35+08:00\",\"DeletedAt\":null,\"label\":\"datetime\",\"value\":3,\"status\":true,\"sort\":3,\"sysDictionaryID\":4},{\"ID\":23,\"CreatedAt\":\"2020-07-05T15:33:42+08:00\",\"UpdatedAt\":\"2020-07-05T15:33:42+08:00\",\"DeletedAt\":null,\"label\":\"timestamp\",\"value\":5,\"status\":true,\"sort\":5,\"sysDictionaryID\":4}]}},\"msg\":\"操作成功\"}'),(377,'2020-07-30 10:29:22','2020-07-30 10:29:22',NULL,'127.0.0.1','GET','/autoCode/getTables',200,483436,'Mozilla/5.0 (X11; Ubuntu; Linux x86_64; rv:78.0) Gecko/20100101 Firefox/78.0','','',10,'{\"code\":0,\"data\":{\"tables\":[{\"tableName\":\"addresses\"},{\"tableName\":\"authority_menu\"},{\"tableName\":\"casbin_rule\"},{\"tableName\":\"categories\"},{\"tableName\":\"category_subjects\"},{\"tableName\":\"companies\"},{\"tableName\":\"exa_customers\"},{\"tableName\":\"exa_file_chunks\"},{\"tableName\":\"exa_file_upload_and_downloads\"},{\"tableName\":\"exa_files\"},{\"tableName\":\"jwt_blacklists\"},{\"tableName\":\"lift_changes\"},{\"tableName\":\"lift_models\"},{\"tableName\":\"lift_records\"},{\"tableName\":\"lift_troubles\"},{\"tableName\":\"lifts\"},{\"tableName\":\"regions\"},{\"tableName\":\"sys_apis\"},{\"tableName\":\"sys_authorities\"},{\"tableName\":\"sys_authority_menus\"},{\"tableName\":\"sys_base_menus\"},{\"tableName\":\"sys_data_authority_id\"},{\"tableName\":\"sys_dictionaries\"},{\"tableName\":\"sys_dictionary_details\"},{\"tableName\":\"sys_operation_records\"},{\"tableName\":\"sys_users\"},{\"tableName\":\"sys_workflow_step_infos\"},{\"tableName\":\"sys_workflows\"},{\"tableName\":\"user_admins\"},{\"tableName\":\"user_lifts\"}]},\"msg\":\"操作成功\"}'),(378,'2020-07-30 10:29:29','2020-07-30 10:29:29',NULL,'127.0.0.1','GET','/autoCode/getColume',200,166989340,'Mozilla/5.0 (X11; Ubuntu; Linux x86_64; rv:78.0) Gecko/20100101 Firefox/78.0','','',10,'{\"code\":0,\"data\":{\"columes\":[{\"columeName\":\"id\",\"dataType\":\"int\",\"dataTypeLong\":\"10\",\"columeComment\":\"\"},{\"columeName\":\"create_at\",\"dataType\":\"timestamp\",\"dataTypeLong\":\"\",\"columeComment\":\"\"},{\"columeName\":\"update_at\",\"dataType\":\"timestamp\",\"dataTypeLong\":\"\",\"columeComment\":\"\"},{\"columeName\":\"deleted_at\",\"dataType\":\"timestamp\",\"dataTypeLong\":\"\",\"columeComment\":\"\"},{\"columeName\":\"category_subject_id\",\"dataType\":\"int\",\"dataTypeLong\":\"10\",\"columeComment\":\"类别主体id\"},{\"columeName\":\"category_name\",\"dataType\":\"varchar\",\"dataTypeLong\":\"50\",\"columeComment\":\"公司类别名\"},{\"columeName\":\"created_at\",\"dataType\":\"datetime\",\"dataTypeLong\":\"\",\"columeComment\":\"\"},{\"columeName\":\"updated_at\",\"dataType\":\"datetime\",\"dataTypeLong\":\"\",\"columeComment\":\"\"}]},\"msg\":\"操作成功\"}'),(379,'2020-07-30 10:47:56','2020-07-30 10:47:56',NULL,'127.0.0.1','POST','/authority/getAuthorityList',200,1866157,'Mozilla/5.0 (X11; Ubuntu; Linux x86_64; rv:78.0) Gecko/20100101 Firefox/78.0','','{\"page\":1,\"pageSize\":999}',10,'{\"code\":0,\"data\":{\"list\":[{\"CreatedAt\":\"2020-04-04T11:44:56+08:00\",\"UpdatedAt\":\"2020-06-13T16:07:37+08:00\",\"DeletedAt\":null,\"authorityId\":\"888\",\"authorityName\":\"普通用户\",\"parentId\":\"0\",\"dataAuthorityId\":[{\"CreatedAt\":\"2020-04-04T11:44:56+08:00\",\"UpdatedAt\":\"2020-06-13T16:07:37+08:00\",\"DeletedAt\":null,\"authorityId\":\"888\",\"authorityName\":\"普通用户\",\"parentId\":\"0\",\"dataAuthorityId\":null,\"children\":null,\"menus\":null},{\"CreatedAt\":\"2020-04-04T11:44:56+08:00\",\"UpdatedAt\":\"2020-04-24T10:16:42+08:00\",\"DeletedAt\":null,\"authorityId\":\"8881\",\"authorityName\":\"普通用户子角色\",\"parentId\":\"888\",\"dataAuthorityId\":null,\"children\":null,\"menus\":null},{\"CreatedAt\":\"2020-04-04T11:44:56+08:00\",\"UpdatedAt\":\"2020-04-24T10:16:42+08:00\",\"DeletedAt\":null,\"authorityId\":\"9528\",\"authorityName\":\"测试角色\",\"parentId\":\"0\",\"dataAuthorityId\":null,\"children\":null,\"menus\":null}],\"children\":[{\"CreatedAt\":\"2020-04-04T11:44:56+08:00\",\"UpdatedAt\":\"2020-04-24T10:16:42+08:00\",\"DeletedAt\":null,\"authorityId\":\"8881\",\"authorityName\":\"普通用户子角色\",\"parentId\":\"888\",\"dataAuthorityId\":[],\"children\":[],\"menus\":null}],\"menus\":null},{\"CreatedAt\":\"2020-04-04T11:44:56+08:00\",\"UpdatedAt\":\"2020-04-24T10:16:42+08:00\",\"DeletedAt\":null,\"authorityId\":\"9528\",\"authorityName\":\"测试角色\",\"parentId\":\"0\",\"dataAuthorityId\":[{\"CreatedAt\":\"2020-04-04T11:44:56+08:00\",\"UpdatedAt\":\"2020-04-24T10:16:42+08:00\",\"DeletedAt\":null,\"authorityId\":\"8881\",\"authorityName\":\"普通用户子角色\",\"parentId\":\"888\",\"dataAuthorityId\":null,\"children\":null,\"menus\":null},{\"CreatedAt\":\"2020-04-04T11:44:56+08:00\",\"UpdatedAt\":\"2020-04-24T10:16:42+08:00\",\"DeletedAt\":null,\"authorityId\":\"9528\",\"authorityName\":\"测试角色\",\"parentId\":\"0\",\"dataAuthorityId\":null,\"children\":null,\"menus\":null}],\"children\":[],\"menus\":null}],\"total\":0,\"page\":1,\"pageSize\":999},\"msg\":\"操作成功\"}'),(380,'2020-07-30 10:55:44','2020-07-30 10:55:44',NULL,'127.0.0.1','POST','/authority/getAuthorityList',200,1688814,'Mozilla/5.0 (X11; Ubuntu; Linux x86_64; rv:78.0) Gecko/20100101 Firefox/78.0','','{\"page\":1,\"pageSize\":999}',10,'{\"code\":0,\"data\":{\"list\":[{\"CreatedAt\":\"2020-04-04T11:44:56+08:00\",\"UpdatedAt\":\"2020-06-13T16:07:37+08:00\",\"DeletedAt\":null,\"authorityId\":\"888\",\"authorityName\":\"普通用户\",\"parentId\":\"0\",\"dataAuthorityId\":[{\"CreatedAt\":\"2020-04-04T11:44:56+08:00\",\"UpdatedAt\":\"2020-06-13T16:07:37+08:00\",\"DeletedAt\":null,\"authorityId\":\"888\",\"authorityName\":\"普通用户\",\"parentId\":\"0\",\"dataAuthorityId\":null,\"children\":null,\"menus\":null},{\"CreatedAt\":\"2020-04-04T11:44:56+08:00\",\"UpdatedAt\":\"2020-04-24T10:16:42+08:00\",\"DeletedAt\":null,\"authorityId\":\"8881\",\"authorityName\":\"普通用户子角色\",\"parentId\":\"888\",\"dataAuthorityId\":null,\"children\":null,\"menus\":null},{\"CreatedAt\":\"2020-04-04T11:44:56+08:00\",\"UpdatedAt\":\"2020-04-24T10:16:42+08:00\",\"DeletedAt\":null,\"authorityId\":\"9528\",\"authorityName\":\"测试角色\",\"parentId\":\"0\",\"dataAuthorityId\":null,\"children\":null,\"menus\":null}],\"children\":[{\"CreatedAt\":\"2020-04-04T11:44:56+08:00\",\"UpdatedAt\":\"2020-04-24T10:16:42+08:00\",\"DeletedAt\":null,\"authorityId\":\"8881\",\"authorityName\":\"普通用户子角色\",\"parentId\":\"888\",\"dataAuthorityId\":[],\"children\":[],\"menus\":null}],\"menus\":null},{\"CreatedAt\":\"2020-04-04T11:44:56+08:00\",\"UpdatedAt\":\"2020-04-24T10:16:42+08:00\",\"DeletedAt\":null,\"authorityId\":\"9528\",\"authorityName\":\"测试角色\",\"parentId\":\"0\",\"dataAuthorityId\":[{\"CreatedAt\":\"2020-04-04T11:44:56+08:00\",\"UpdatedAt\":\"2020-04-24T10:16:42+08:00\",\"DeletedAt\":null,\"authorityId\":\"8881\",\"authorityName\":\"普通用户子角色\",\"parentId\":\"888\",\"dataAuthorityId\":null,\"children\":null,\"menus\":null},{\"CreatedAt\":\"2020-04-04T11:44:56+08:00\",\"UpdatedAt\":\"2020-04-24T10:16:42+08:00\",\"DeletedAt\":null,\"authorityId\":\"9528\",\"authorityName\":\"测试角色\",\"parentId\":\"0\",\"dataAuthorityId\":null,\"children\":null,\"menus\":null}],\"children\":[],\"menus\":null}],\"total\":0,\"page\":1,\"pageSize\":999},\"msg\":\"操作成功\"}'),(381,'2020-07-30 10:55:46','2020-07-30 10:55:46',NULL,'127.0.0.1','POST','/casbin/getPolicyPathByAuthorityId',200,2262648,'Mozilla/5.0 (X11; Ubuntu; Linux x86_64; rv:78.0) Gecko/20100101 Firefox/78.0','','{\"authorityId\":\"888\"}',10,'{\"code\":0,\"data\":{\"paths\":[{\"path\":\"/base/login\",\"method\":\"POST\"},{\"path\":\"/base/register\",\"method\":\"POST\"},{\"path\":\"/api/createApi\",\"method\":\"POST\"},{\"path\":\"/api/getApiList\",\"method\":\"POST\"},{\"path\":\"/api/getApiById\",\"method\":\"POST\"},{\"path\":\"/api/deleteApi\",\"method\":\"POST\"},{\"path\":\"/api/updateApi\",\"method\":\"POST\"},{\"path\":\"/api/getAllApis\",\"method\":\"POST\"},{\"path\":\"/authority/createAuthority\",\"method\":\"POST\"},{\"path\":\"/authority/deleteAuthority\",\"method\":\"POST\"},{\"path\":\"/authority/getAuthorityList\",\"method\":\"POST\"},{\"path\":\"/authority/setDataAuthority\",\"method\":\"POST\"},{\"path\":\"/authority/updateAuthority\",\"method\":\"PUT\"},{\"path\":\"/authority/copyAuthority\",\"method\":\"POST\"},{\"path\":\"/menu/getMenu\",\"method\":\"POST\"},{\"path\":\"/menu/getMenuList\",\"method\":\"POST\"},{\"path\":\"/menu/addBaseMenu\",\"method\":\"POST\"},{\"path\":\"/menu/getBaseMenuTree\",\"method\":\"POST\"},{\"path\":\"/menu/addMenuAuthority\",\"method\":\"POST\"},{\"path\":\"/menu/getMenuAuthority\",\"method\":\"POST\"},{\"path\":\"/menu/deleteBaseMenu\",\"method\":\"POST\"},{\"path\":\"/menu/updateBaseMenu\",\"method\":\"POST\"},{\"path\":\"/menu/getBaseMenuById\",\"method\":\"POST\"},{\"path\":\"/user/changePassword\",\"method\":\"POST\"},{\"path\":\"/user/uploadHeaderImg\",\"method\":\"POST\"},{\"path\":\"/user/getInfoList\",\"method\":\"POST\"},{\"path\":\"/user/getUserList\",\"method\":\"POST\"},{\"path\":\"/user/setUserAuthority\",\"method\":\"POST\"},{\"path\":\"/user/deleteUser\",\"method\":\"DELETE\"},{\"path\":\"/fileUploadAndDownload/upload\",\"method\":\"POST\"},{\"path\":\"/fileUploadAndDownload/getFileList\",\"method\":\"POST\"},{\"path\":\"/fileUploadAndDownload/deleteFile\",\"method\":\"POST\"},{\"path\":\"/casbin/updateCasbin\",\"method\":\"POST\"},{\"path\":\"/casbin/getPolicyPathByAuthorityId\",\"method\":\"POST\"},{\"path\":\"/casbin/casbinTest/:pathParam\",\"method\":\"GET\"},{\"path\":\"/jwt/jsonInBlacklist\",\"method\":\"POST\"},{\"path\":\"/system/getSystemConfig\",\"method\":\"POST\"},{\"path\":\"/system/setSystemConfig\",\"method\":\"POST\"},{\"path\":\"/customer/customer\",\"method\":\"POST\"},{\"path\":\"/customer/customer\",\"method\":\"PUT\"},{\"path\":\"/customer/customer\",\"method\":\"DELETE\"},{\"path\":\"/customer/customer\",\"method\":\"GET\"},{\"path\":\"/customer/customerList\",\"method\":\"GET\"},{\"path\":\"/autoCode/createTemp\",\"method\":\"POST\"},{\"path\":\"/autoCode/getTables\",\"method\":\"GET\"},{\"path\":\"/autoCode/getDB\",\"method\":\"GET\"},{\"path\":\"/autoCode/getColume\",\"method\":\"GET\"},{\"path\":\"/sysDictionaryDetail/createSysDictionaryDetail\",\"method\":\"POST\"},{\"path\":\"/sysDictionaryDetail/deleteSysDictionaryDetail\",\"method\":\"DELETE\"},{\"path\":\"/sysDictionaryDetail/updateSysDictionaryDetail\",\"method\":\"PUT\"},{\"path\":\"/sysDictionaryDetail/findSysDictionaryDetail\",\"method\":\"GET\"},{\"path\":\"/sysDictionaryDetail/getSysDictionaryDetailList\",\"method\":\"GET\"},{\"path\":\"/sysDictionary/createSysDictionary\",\"method\":\"POST\"},{\"path\":\"/sysDictionary/deleteSysDictionary\",\"method\":\"DELETE\"},{\"path\":\"/sysDictionary/updateSysDictionary\",\"method\":\"PUT\"},{\"path\":\"/sysDictionary/findSysDictionary\",\"method\":\"GET\"},{\"path\":\"/sysDictionary/getSysDictionaryList\",\"method\":\"GET\"},{\"path\":\"/sysOperationRecord/createSysOperationRecord\",\"method\":\"POST\"},{\"path\":\"/sysOperationRecord/deleteSysOperationRecord\",\"method\":\"DELETE\"},{\"path\":\"/sysOperationRecord/updateSysOperationRecord\",\"method\":\"PUT\"},{\"path\":\"/sysOperationRecord/findSysOperationRecord\",\"method\":\"GET\"},{\"path\":\"/sysOperationRecord/getSysOperationRecordList\",\"method\":\"GET\"},{\"path\":\"/sysOperationRecord/deleteSysOperationRecordByIds\",\"method\":\"DELETE\"},{\"path\":\"/subject/getSubjectById\",\"method\":\"POST\"},{\"path\":\"/subject/getSubjectList\",\"method\":\"POST\"},{\"path\":\"/subject/createSubject\",\"method\":\"POST\"},{\"path\":\"/subject/updateSubject\",\"method\":\"POST\"},{\"path\":\"/subject/deleteSubject\",\"method\":\"POST\"},{\"path\":\"/subject/getAllSubjects\",\"method\":\"POST\"}]},\"msg\":\"操作成功\"}'),(382,'2020-07-30 10:56:04','2020-07-30 10:56:04',NULL,'127.0.0.1','POST','/casbin/updateCasbin',200,5467844145,'Mozilla/5.0 (X11; Ubuntu; Linux x86_64; rv:78.0) Gecko/20100101 Firefox/78.0','','{\"authorityId\":\"888\",\"casbinInfos\":[{\"path\":\"/base/login\",\"method\":\"POST\"},{\"path\":\"/base/register\",\"method\":\"POST\"},{\"path\":\"/api/createApi\",\"method\":\"POST\"},{\"path\":\"/api/getApiList\",\"method\":\"POST\"},{\"path\":\"/api/getApiById\",\"method\":\"POST\"},{\"path\":\"/api/deleteApi\",\"method\":\"POST\"},{\"path\":\"/api/updateApi\",\"method\":\"POST\"},{\"path\":\"/api/getAllApis\",\"method\":\"POST\"},{\"path\":\"/authority/createAuthority\",\"method\":\"POST\"},{\"path\":\"/authority/deleteAuthority\",\"method\":\"POST\"},{\"path\":\"/authority/getAuthorityList\",\"method\":\"POST\"},{\"path\":\"/authority/setDataAuthority\",\"method\":\"POST\"},{\"path\":\"/authority/updateAuthority\",\"method\":\"PUT\"},{\"path\":\"/authority/copyAuthority\",\"method\":\"POST\"},{\"path\":\"/menu/getMenu\",\"method\":\"POST\"},{\"path\":\"/menu/getMenuList\",\"method\":\"POST\"},{\"path\":\"/menu/addBaseMenu\",\"method\":\"POST\"},{\"path\":\"/menu/getBaseMenuTree\",\"method\":\"POST\"},{\"path\":\"/menu/addMenuAuthority\",\"method\":\"POST\"},{\"path\":\"/menu/getMenuAuthority\",\"method\":\"POST\"},{\"path\":\"/menu/deleteBaseMenu\",\"method\":\"POST\"},{\"path\":\"/menu/updateBaseMenu\",\"method\":\"POST\"},{\"path\":\"/menu/getBaseMenuById\",\"method\":\"POST\"},{\"path\":\"/user/changePassword\",\"method\":\"POST\"},{\"path\":\"/user/uploadHeaderImg\",\"method\":\"POST\"},{\"path\":\"/user/getInfoList\",\"method\":\"POST\"},{\"path\":\"/user/getUserList\",\"method\":\"POST\"},{\"path\":\"/user/setUserAuthority\",\"method\":\"POST\"},{\"path\":\"/user/deleteUser\",\"method\":\"DELETE\"},{\"path\":\"/fileUploadAndDownload/upload\",\"method\":\"POST\"},{\"path\":\"/fileUploadAndDownload/getFileList\",\"method\":\"POST\"},{\"path\":\"/fileUploadAndDownload/deleteFile\",\"method\":\"POST\"},{\"path\":\"/casbin/updateCasbin\",\"method\":\"POST\"},{\"path\":\"/casbin/getPolicyPathByAuthorityId\",\"method\":\"POST\"},{\"path\":\"/casbin/casbinTest/:pathParam\",\"method\":\"GET\"},{\"path\":\"/jwt/jsonInBlacklist\",\"method\":\"POST\"},{\"path\":\"/system/getSystemConfig\",\"method\":\"POST\"},{\"path\":\"/system/setSystemConfig\",\"method\":\"POST\"},{\"path\":\"/customer/customer\",\"method\":\"POST\"},{\"path\":\"/customer/customer\",\"method\":\"PUT\"},{\"path\":\"/customer/customer\",\"method\":\"DELETE\"},{\"path\":\"/customer/customer\",\"method\":\"GET\"},{\"path\":\"/customer/customerList\",\"method\":\"GET\"},{\"path\":\"/autoCode/createTemp\",\"method\":\"POST\"},{\"path\":\"/autoCode/getTables\",\"method\":\"GET\"},{\"path\":\"/autoCode/getDB\",\"method\":\"GET\"},{\"path\":\"/autoCode/getColume\",\"method\":\"GET\"},{\"path\":\"/sysDictionaryDetail/createSysDictionaryDetail\",\"method\":\"POST\"},{\"path\":\"/sysDictionaryDetail/deleteSysDictionaryDetail\",\"method\":\"DELETE\"},{\"path\":\"/sysDictionaryDetail/updateSysDictionaryDetail\",\"method\":\"PUT\"},{\"path\":\"/sysDictionaryDetail/findSysDictionaryDetail\",\"method\":\"GET\"},{\"path\":\"/sysDictionaryDetail/getSysDictionaryDetailList\",\"method\":\"GET\"},{\"path\":\"/sysDictionary/createSysDictionary\",\"method\":\"POST\"},{\"path\":\"/sysDictionary/deleteSysDictionary\",\"method\":\"DELETE\"},{\"path\":\"/sysDictionary/updateSysDictionary\",\"method\":\"PUT\"},{\"path\":\"/sysDictionary/findSysDictionary\",\"method\":\"GET\"},{\"path\":\"/sysDictionary/getSysDictionaryList\",\"method\":\"GET\"},{\"path\":\"/sysOperationRecord/createSysOperationRecord\",\"method\":\"POST\"},{\"path\":\"/sysOperationRecord/deleteSysOperationRecord\",\"method\":\"DELETE\"},{\"path\":\"/sysOperationRecord/updateSysOperationRecord\",\"method\":\"PUT\"},{\"path\":\"/sysOperationRecord/findSysOperationRecord\",\"method\":\"GET\"},{\"path\":\"/sysOperationRecord/getSysOperationRecordList\",\"method\":\"GET\"},{\"path\":\"/sysOperationRecord/deleteSysOperationRecordByIds\",\"method\":\"DELETE\"},{\"path\":\"/subject/getSubjectById\",\"method\":\"POST\"},{\"path\":\"/subject/getSubjectList\",\"method\":\"POST\"},{\"path\":\"/subject/createSubject\",\"method\":\"POST\"},{\"path\":\"/subject/updateSubject\",\"method\":\"POST\"},{\"path\":\"/subject/deleteSubject\",\"method\":\"POST\"},{\"path\":\"/subject/getAllSubjects\",\"method\":\"POST\"},{\"path\":\"/categories/createCategories\",\"method\":\"POST\"},{\"path\":\"/categories/deleteCategories\",\"method\":\"DELETE\"},{\"path\":\"/categories/deleteCategoriesByIds\",\"method\":\"DELETE\"},{\"path\":\"/categories/updateCategories\",\"method\":\"PUT\"},{\"path\":\"/categories/findCategories\",\"method\":\"GET\"},{\"path\":\"/categories/getCategoriesList\",\"method\":\"GET\"}]}',10,'{\"code\":0,\"data\":{},\"msg\":\"添加规则成功\"}'),(383,'2020-07-30 11:37:53','2020-07-30 11:37:53',NULL,'127.0.0.1','GET','/categories/getCategoriesList',200,291472,'Mozilla/5.0 (X11; Ubuntu; Linux x86_64; rv:79.0) Gecko/20100101 Firefox/79.0','','',10,'{\"code\":0,\"data\":{\"list\":[],\"total\":0,\"page\":1,\"pageSize\":10},\"msg\":\"操作成功\"}'),(384,'2020-07-30 13:12:39','2020-07-30 13:12:39',NULL,'127.0.0.1','POST','/authority/getAuthorityList',200,1696076,'Mozilla/5.0 (X11; Ubuntu; Linux x86_64; rv:79.0) Gecko/20100101 Firefox/79.0','','{\"page\":1,\"pageSize\":999}',10,'{\"code\":0,\"data\":{\"list\":[{\"CreatedAt\":\"2020-04-04T11:44:56+08:00\",\"UpdatedAt\":\"2020-06-13T16:07:37+08:00\",\"DeletedAt\":null,\"authorityId\":\"888\",\"authorityName\":\"普通用户\",\"parentId\":\"0\",\"dataAuthorityId\":[{\"CreatedAt\":\"2020-04-04T11:44:56+08:00\",\"UpdatedAt\":\"2020-06-13T16:07:37+08:00\",\"DeletedAt\":null,\"authorityId\":\"888\",\"authorityName\":\"普通用户\",\"parentId\":\"0\",\"dataAuthorityId\":null,\"children\":null,\"menus\":null},{\"CreatedAt\":\"2020-04-04T11:44:56+08:00\",\"UpdatedAt\":\"2020-04-24T10:16:42+08:00\",\"DeletedAt\":null,\"authorityId\":\"8881\",\"authorityName\":\"普通用户子角色\",\"parentId\":\"888\",\"dataAuthorityId\":null,\"children\":null,\"menus\":null},{\"CreatedAt\":\"2020-04-04T11:44:56+08:00\",\"UpdatedAt\":\"2020-04-24T10:16:42+08:00\",\"DeletedAt\":null,\"authorityId\":\"9528\",\"authorityName\":\"测试角色\",\"parentId\":\"0\",\"dataAuthorityId\":null,\"children\":null,\"menus\":null}],\"children\":[{\"CreatedAt\":\"2020-04-04T11:44:56+08:00\",\"UpdatedAt\":\"2020-04-24T10:16:42+08:00\",\"DeletedAt\":null,\"authorityId\":\"8881\",\"authorityName\":\"普通用户子角色\",\"parentId\":\"888\",\"dataAuthorityId\":[],\"children\":[],\"menus\":null}],\"menus\":null},{\"CreatedAt\":\"2020-04-04T11:44:56+08:00\",\"UpdatedAt\":\"2020-04-24T10:16:42+08:00\",\"DeletedAt\":null,\"authorityId\":\"9528\",\"authorityName\":\"测试角色\",\"parentId\":\"0\",\"dataAuthorityId\":[{\"CreatedAt\":\"2020-04-04T11:44:56+08:00\",\"UpdatedAt\":\"2020-04-24T10:16:42+08:00\",\"DeletedAt\":null,\"authorityId\":\"8881\",\"authorityName\":\"普通用户子角色\",\"parentId\":\"888\",\"dataAuthorityId\":null,\"children\":null,\"menus\":null},{\"CreatedAt\":\"2020-04-04T11:44:56+08:00\",\"UpdatedAt\":\"2020-04-24T10:16:42+08:00\",\"DeletedAt\":null,\"authorityId\":\"9528\",\"authorityName\":\"测试角色\",\"parentId\":\"0\",\"dataAuthorityId\":null,\"children\":null,\"menus\":null}],\"children\":[],\"menus\":null}],\"total\":0,\"page\":1,\"pageSize\":999},\"msg\":\"操作成功\"}'),(385,'2020-07-30 13:13:00','2020-07-30 13:13:00',NULL,'127.0.0.1','POST','/user/getUserList',200,656637,'Mozilla/5.0 (X11; Ubuntu; Linux x86_64; rv:79.0) Gecko/20100101 Firefox/79.0','','{\"page\":1,\"pageSize\":10}',10,'{\"code\":0,\"data\":{\"list\":[{\"ID\":10,\"CreatedAt\":\"2019-09-13T17:23:46+08:00\",\"UpdatedAt\":\"2020-06-26T21:17:50+08:00\",\"DeletedAt\":null,\"uuid\":\"ce0d6685-c15f-4126-a5b4-890bc9d2356d\",\"userName\":\"admin\",\"nickName\":\"超级管理员\",\"headerImg\":\"http://qmplusimg.henrongyi.top/1571627762timg.jpg\",\"authority\":{\"CreatedAt\":\"2020-04-04T11:44:56+08:00\",\"UpdatedAt\":\"2020-06-13T16:07:37+08:00\",\"DeletedAt\":null,\"authorityId\":\"888\",\"authorityName\":\"普通用户\",\"parentId\":\"0\",\"dataAuthorityId\":null,\"children\":null,\"menus\":null},\"authorityId\":\"888\"},{\"ID\":11,\"CreatedAt\":\"2019-09-13T17:27:29+08:00\",\"UpdatedAt\":\"2019-09-13T17:27:29+08:00\",\"DeletedAt\":null,\"uuid\":\"fd6ef79b-944c-4888-8377-abe2d2608858\",\"userName\":\"a303176530\",\"nickName\":\"QMPlusUser\",\"headerImg\":\"http://qmplusimg.henrongyi.top/1572075907logo.png\",\"authority\":{\"CreatedAt\":\"2020-04-04T11:44:56+08:00\",\"UpdatedAt\":\"2020-04-24T10:16:42+08:00\",\"DeletedAt\":null,\"authorityId\":\"9528\",\"authorityName\":\"测试角色\",\"parentId\":\"0\",\"dataAuthorityId\":null,\"children\":null,\"menus\":null},\"authorityId\":\"9528\"}],\"total\":2,\"page\":1,\"pageSize\":10},\"msg\":\"操作成功\"}'),(386,'2020-07-30 13:13:00','2020-07-30 13:13:00',NULL,'127.0.0.1','POST','/authority/getAuthorityList',200,1241599,'Mozilla/5.0 (X11; Ubuntu; Linux x86_64; rv:79.0) Gecko/20100101 Firefox/79.0','','{\"page\":1,\"pageSize\":999}',10,'{\"code\":0,\"data\":{\"list\":[{\"CreatedAt\":\"2020-04-04T11:44:56+08:00\",\"UpdatedAt\":\"2020-06-13T16:07:37+08:00\",\"DeletedAt\":null,\"authorityId\":\"888\",\"authorityName\":\"普通用户\",\"parentId\":\"0\",\"dataAuthorityId\":[{\"CreatedAt\":\"2020-04-04T11:44:56+08:00\",\"UpdatedAt\":\"2020-06-13T16:07:37+08:00\",\"DeletedAt\":null,\"authorityId\":\"888\",\"authorityName\":\"普通用户\",\"parentId\":\"0\",\"dataAuthorityId\":null,\"children\":null,\"menus\":null},{\"CreatedAt\":\"2020-04-04T11:44:56+08:00\",\"UpdatedAt\":\"2020-04-24T10:16:42+08:00\",\"DeletedAt\":null,\"authorityId\":\"8881\",\"authorityName\":\"普通用户子角色\",\"parentId\":\"888\",\"dataAuthorityId\":null,\"children\":null,\"menus\":null},{\"CreatedAt\":\"2020-04-04T11:44:56+08:00\",\"UpdatedAt\":\"2020-04-24T10:16:42+08:00\",\"DeletedAt\":null,\"authorityId\":\"9528\",\"authorityName\":\"测试角色\",\"parentId\":\"0\",\"dataAuthorityId\":null,\"children\":null,\"menus\":null}],\"children\":[{\"CreatedAt\":\"2020-04-04T11:44:56+08:00\",\"UpdatedAt\":\"2020-04-24T10:16:42+08:00\",\"DeletedAt\":null,\"authorityId\":\"8881\",\"authorityName\":\"普通用户子角色\",\"parentId\":\"888\",\"dataAuthorityId\":[],\"children\":[],\"menus\":null}],\"menus\":null},{\"CreatedAt\":\"2020-04-04T11:44:56+08:00\",\"UpdatedAt\":\"2020-04-24T10:16:42+08:00\",\"DeletedAt\":null,\"authorityId\":\"9528\",\"authorityName\":\"测试角色\",\"parentId\":\"0\",\"dataAuthorityId\":[{\"CreatedAt\":\"2020-04-04T11:44:56+08:00\",\"UpdatedAt\":\"2020-04-24T10:16:42+08:00\",\"DeletedAt\":null,\"authorityId\":\"8881\",\"authorityName\":\"普通用户子角色\",\"parentId\":\"888\",\"dataAuthorityId\":null,\"children\":null,\"menus\":null},{\"CreatedAt\":\"2020-04-04T11:44:56+08:00\",\"UpdatedAt\":\"2020-04-24T10:16:42+08:00\",\"DeletedAt\":null,\"authorityId\":\"9528\",\"authorityName\":\"测试角色\",\"parentId\":\"0\",\"dataAuthorityId\":null,\"children\":null,\"menus\":null}],\"children\":[],\"menus\":null}],\"total\":0,\"page\":1,\"pageSize\":999},\"msg\":\"操作成功\"}'),(387,'2020-07-30 13:13:34','2020-07-30 13:13:34',NULL,'127.0.0.1','GET','/sysDictionary/getSysDictionaryList',200,434077,'Mozilla/5.0 (X11; Ubuntu; Linux x86_64; rv:79.0) Gecko/20100101 Firefox/79.0','','',10,'{\"code\":0,\"data\":{\"list\":[{\"ID\":2,\"CreatedAt\":\"2020-06-24T20:44:00+08:00\",\"UpdatedAt\":\"2020-06-24T20:44:00+08:00\",\"DeletedAt\":null,\"name\":\"性别\",\"type\":\"sex\",\"status\":true,\"desc\":\"性别字典\",\"sysDictionaryDetails\":null},{\"ID\":3,\"CreatedAt\":\"2020-07-05T15:27:31+08:00\",\"UpdatedAt\":\"2020-07-05T15:27:31+08:00\",\"DeletedAt\":null,\"name\":\"数据库int类型\",\"type\":\"int\",\"status\":true,\"desc\":\"int类型对应的数据库类型\",\"sysDictionaryDetails\":null},{\"ID\":4,\"CreatedAt\":\"2020-07-05T15:33:07+08:00\",\"UpdatedAt\":\"2020-07-05T16:07:18+08:00\",\"DeletedAt\":null,\"name\":\"数据库时间日期类型\",\"type\":\"time.Time\",\"status\":true,\"desc\":\"数据库时间日期类型\",\"sysDictionaryDetails\":null},{\"ID\":5,\"CreatedAt\":\"2020-07-05T15:34:23+08:00\",\"UpdatedAt\":\"2020-07-05T15:52:45+08:00\",\"DeletedAt\":null,\"name\":\"数据库浮点型\",\"type\":\"float64\",\"status\":true,\"desc\":\"数据库浮点型\",\"sysDictionaryDetails\":null},{\"ID\":6,\"CreatedAt\":\"2020-07-05T15:35:05+08:00\",\"UpdatedAt\":\"2020-07-05T15:35:05+08:00\",\"DeletedAt\":null,\"name\":\"数据库字符串\",\"type\":\"string\",\"status\":true,\"desc\":\"数据库字符串\",\"sysDictionaryDetails\":null},{\"ID\":7,\"CreatedAt\":\"2020-07-05T15:36:48+08:00\",\"UpdatedAt\":\"2020-07-05T15:36:48+08:00\",\"DeletedAt\":null,\"name\":\"数据库bool类型\",\"type\":\"bool\",\"status\":true,\"desc\":\"数据库bool类型\",\"sysDictionaryDetails\":null}],\"total\":6,\"page\":1,\"pageSize\":10},\"msg\":\"操作成功\"}'),(388,'2020-07-30 13:14:48','2020-07-30 13:14:48',NULL,'127.0.0.1','GET','/sysDictionary/getSysDictionaryList',200,365973,'Mozilla/5.0 (X11; Ubuntu; Linux x86_64; rv:79.0) Gecko/20100101 Firefox/79.0','','',10,'{\"code\":0,\"data\":{\"list\":[{\"ID\":2,\"CreatedAt\":\"2020-06-24T20:44:00+08:00\",\"UpdatedAt\":\"2020-06-24T20:44:00+08:00\",\"DeletedAt\":null,\"name\":\"性别\",\"type\":\"sex\",\"status\":true,\"desc\":\"性别字典\",\"sysDictionaryDetails\":null},{\"ID\":3,\"CreatedAt\":\"2020-07-05T15:27:31+08:00\",\"UpdatedAt\":\"2020-07-05T15:27:31+08:00\",\"DeletedAt\":null,\"name\":\"数据库int类型\",\"type\":\"int\",\"status\":true,\"desc\":\"int类型对应的数据库类型\",\"sysDictionaryDetails\":null},{\"ID\":4,\"CreatedAt\":\"2020-07-05T15:33:07+08:00\",\"UpdatedAt\":\"2020-07-05T16:07:18+08:00\",\"DeletedAt\":null,\"name\":\"数据库时间日期类型\",\"type\":\"time.Time\",\"status\":true,\"desc\":\"数据库时间日期类型\",\"sysDictionaryDetails\":null},{\"ID\":5,\"CreatedAt\":\"2020-07-05T15:34:23+08:00\",\"UpdatedAt\":\"2020-07-05T15:52:45+08:00\",\"DeletedAt\":null,\"name\":\"数据库浮点型\",\"type\":\"float64\",\"status\":true,\"desc\":\"数据库浮点型\",\"sysDictionaryDetails\":null},{\"ID\":6,\"CreatedAt\":\"2020-07-05T15:35:05+08:00\",\"UpdatedAt\":\"2020-07-05T15:35:05+08:00\",\"DeletedAt\":null,\"name\":\"数据库字符串\",\"type\":\"string\",\"status\":true,\"desc\":\"数据库字符串\",\"sysDictionaryDetails\":null},{\"ID\":7,\"CreatedAt\":\"2020-07-05T15:36:48+08:00\",\"UpdatedAt\":\"2020-07-05T15:36:48+08:00\",\"DeletedAt\":null,\"name\":\"数据库bool类型\",\"type\":\"bool\",\"status\":true,\"desc\":\"数据库bool类型\",\"sysDictionaryDetails\":null}],\"total\":6,\"page\":1,\"pageSize\":10},\"msg\":\"操作成功\"}'),(389,'2020-07-30 13:14:53','2020-07-30 13:14:53',NULL,'127.0.0.1','POST','/user/getUserList',200,1674866,'Mozilla/5.0 (X11; Ubuntu; Linux x86_64; rv:79.0) Gecko/20100101 Firefox/79.0','','{\"page\":1,\"pageSize\":10}',10,'{\"code\":0,\"data\":{\"list\":[{\"ID\":10,\"CreatedAt\":\"2019-09-13T17:23:46+08:00\",\"UpdatedAt\":\"2020-06-26T21:17:50+08:00\",\"DeletedAt\":null,\"uuid\":\"ce0d6685-c15f-4126-a5b4-890bc9d2356d\",\"userName\":\"admin\",\"nickName\":\"超级管理员\",\"headerImg\":\"http://qmplusimg.henrongyi.top/1571627762timg.jpg\",\"authority\":{\"CreatedAt\":\"2020-04-04T11:44:56+08:00\",\"UpdatedAt\":\"2020-06-13T16:07:37+08:00\",\"DeletedAt\":null,\"authorityId\":\"888\",\"authorityName\":\"普通用户\",\"parentId\":\"0\",\"dataAuthorityId\":null,\"children\":null,\"menus\":null},\"authorityId\":\"888\"},{\"ID\":11,\"CreatedAt\":\"2019-09-13T17:27:29+08:00\",\"UpdatedAt\":\"2019-09-13T17:27:29+08:00\",\"DeletedAt\":null,\"uuid\":\"fd6ef79b-944c-4888-8377-abe2d2608858\",\"userName\":\"a303176530\",\"nickName\":\"QMPlusUser\",\"headerImg\":\"http://qmplusimg.henrongyi.top/1572075907logo.png\",\"authority\":{\"CreatedAt\":\"2020-04-04T11:44:56+08:00\",\"UpdatedAt\":\"2020-04-24T10:16:42+08:00\",\"DeletedAt\":null,\"authorityId\":\"9528\",\"authorityName\":\"测试角色\",\"parentId\":\"0\",\"dataAuthorityId\":null,\"children\":null,\"menus\":null},\"authorityId\":\"9528\"}],\"total\":2,\"page\":1,\"pageSize\":10},\"msg\":\"操作成功\"}'),(390,'2020-07-30 13:14:53','2020-07-30 13:14:53',NULL,'127.0.0.1','POST','/authority/getAuthorityList',200,1418596,'Mozilla/5.0 (X11; Ubuntu; Linux x86_64; rv:79.0) Gecko/20100101 Firefox/79.0','','{\"page\":1,\"pageSize\":999}',10,'{\"code\":0,\"data\":{\"list\":[{\"CreatedAt\":\"2020-04-04T11:44:56+08:00\",\"UpdatedAt\":\"2020-06-13T16:07:37+08:00\",\"DeletedAt\":null,\"authorityId\":\"888\",\"authorityName\":\"普通用户\",\"parentId\":\"0\",\"dataAuthorityId\":[{\"CreatedAt\":\"2020-04-04T11:44:56+08:00\",\"UpdatedAt\":\"2020-06-13T16:07:37+08:00\",\"DeletedAt\":null,\"authorityId\":\"888\",\"authorityName\":\"普通用户\",\"parentId\":\"0\",\"dataAuthorityId\":null,\"children\":null,\"menus\":null},{\"CreatedAt\":\"2020-04-04T11:44:56+08:00\",\"UpdatedAt\":\"2020-04-24T10:16:42+08:00\",\"DeletedAt\":null,\"authorityId\":\"8881\",\"authorityName\":\"普通用户子角色\",\"parentId\":\"888\",\"dataAuthorityId\":null,\"children\":null,\"menus\":null},{\"CreatedAt\":\"2020-04-04T11:44:56+08:00\",\"UpdatedAt\":\"2020-04-24T10:16:42+08:00\",\"DeletedAt\":null,\"authorityId\":\"9528\",\"authorityName\":\"测试角色\",\"parentId\":\"0\",\"dataAuthorityId\":null,\"children\":null,\"menus\":null}],\"children\":[{\"CreatedAt\":\"2020-04-04T11:44:56+08:00\",\"UpdatedAt\":\"2020-04-24T10:16:42+08:00\",\"DeletedAt\":null,\"authorityId\":\"8881\",\"authorityName\":\"普通用户子角色\",\"parentId\":\"888\",\"dataAuthorityId\":[],\"children\":[],\"menus\":null}],\"menus\":null},{\"CreatedAt\":\"2020-04-04T11:44:56+08:00\",\"UpdatedAt\":\"2020-04-24T10:16:42+08:00\",\"DeletedAt\":null,\"authorityId\":\"9528\",\"authorityName\":\"测试角色\",\"parentId\":\"0\",\"dataAuthorityId\":[{\"CreatedAt\":\"2020-04-04T11:44:56+08:00\",\"UpdatedAt\":\"2020-04-24T10:16:42+08:00\",\"DeletedAt\":null,\"authorityId\":\"8881\",\"authorityName\":\"普通用户子角色\",\"parentId\":\"888\",\"dataAuthorityId\":null,\"children\":null,\"menus\":null},{\"CreatedAt\":\"2020-04-04T11:44:56+08:00\",\"UpdatedAt\":\"2020-04-24T10:16:42+08:00\",\"DeletedAt\":null,\"authorityId\":\"9528\",\"authorityName\":\"测试角色\",\"parentId\":\"0\",\"dataAuthorityId\":null,\"children\":null,\"menus\":null}],\"children\":[],\"menus\":null}],\"total\":0,\"page\":1,\"pageSize\":999},\"msg\":\"操作成功\"}'),(391,'2020-07-30 13:19:24','2020-07-30 13:19:24',NULL,'127.0.0.1','GET','/categories/getCategoriesList',200,359185,'Mozilla/5.0 (X11; Ubuntu; Linux x86_64; rv:79.0) Gecko/20100101 Firefox/79.0','','',10,'{\"code\":0,\"data\":{\"list\":[],\"total\":0,\"page\":1,\"pageSize\":10},\"msg\":\"操作成功\"}'),(392,'2020-07-30 13:29:25','2020-07-30 13:29:25',NULL,'127.0.0.1','POST','/user/getUserList',200,554711,'Mozilla/5.0 (X11; Ubuntu; Linux x86_64; rv:79.0) Gecko/20100101 Firefox/79.0','','{\"page\":1,\"pageSize\":10}',10,'{\"code\":0,\"data\":{\"list\":[{\"ID\":10,\"CreatedAt\":\"2019-09-13T17:23:46+08:00\",\"UpdatedAt\":\"2020-06-26T21:17:50+08:00\",\"DeletedAt\":null,\"uuid\":\"ce0d6685-c15f-4126-a5b4-890bc9d2356d\",\"userName\":\"admin\",\"nickName\":\"超级管理员\",\"headerImg\":\"http://qmplusimg.henrongyi.top/1571627762timg.jpg\",\"authority\":{\"CreatedAt\":\"2020-04-04T11:44:56+08:00\",\"UpdatedAt\":\"2020-06-13T16:07:37+08:00\",\"DeletedAt\":null,\"authorityId\":\"888\",\"authorityName\":\"普通用户\",\"parentId\":\"0\",\"dataAuthorityId\":null,\"children\":null,\"menus\":null},\"authorityId\":\"888\"},{\"ID\":11,\"CreatedAt\":\"2019-09-13T17:27:29+08:00\",\"UpdatedAt\":\"2019-09-13T17:27:29+08:00\",\"DeletedAt\":null,\"uuid\":\"fd6ef79b-944c-4888-8377-abe2d2608858\",\"userName\":\"a303176530\",\"nickName\":\"QMPlusUser\",\"headerImg\":\"http://qmplusimg.henrongyi.top/1572075907logo.png\",\"authority\":{\"CreatedAt\":\"2020-04-04T11:44:56+08:00\",\"UpdatedAt\":\"2020-04-24T10:16:42+08:00\",\"DeletedAt\":null,\"authorityId\":\"9528\",\"authorityName\":\"测试角色\",\"parentId\":\"0\",\"dataAuthorityId\":null,\"children\":null,\"menus\":null},\"authorityId\":\"9528\"}],\"total\":2,\"page\":1,\"pageSize\":10},\"msg\":\"操作成功\"}'),(393,'2020-07-30 13:29:25','2020-07-30 13:29:25',NULL,'127.0.0.1','POST','/authority/getAuthorityList',200,1698662,'Mozilla/5.0 (X11; Ubuntu; Linux x86_64; rv:79.0) Gecko/20100101 Firefox/79.0','','{\"page\":1,\"pageSize\":999}',10,'{\"code\":0,\"data\":{\"list\":[{\"CreatedAt\":\"2020-04-04T11:44:56+08:00\",\"UpdatedAt\":\"2020-06-13T16:07:37+08:00\",\"DeletedAt\":null,\"authorityId\":\"888\",\"authorityName\":\"普通用户\",\"parentId\":\"0\",\"dataAuthorityId\":[{\"CreatedAt\":\"2020-04-04T11:44:56+08:00\",\"UpdatedAt\":\"2020-06-13T16:07:37+08:00\",\"DeletedAt\":null,\"authorityId\":\"888\",\"authorityName\":\"普通用户\",\"parentId\":\"0\",\"dataAuthorityId\":null,\"children\":null,\"menus\":null},{\"CreatedAt\":\"2020-04-04T11:44:56+08:00\",\"UpdatedAt\":\"2020-04-24T10:16:42+08:00\",\"DeletedAt\":null,\"authorityId\":\"8881\",\"authorityName\":\"普通用户子角色\",\"parentId\":\"888\",\"dataAuthorityId\":null,\"children\":null,\"menus\":null},{\"CreatedAt\":\"2020-04-04T11:44:56+08:00\",\"UpdatedAt\":\"2020-04-24T10:16:42+08:00\",\"DeletedAt\":null,\"authorityId\":\"9528\",\"authorityName\":\"测试角色\",\"parentId\":\"0\",\"dataAuthorityId\":null,\"children\":null,\"menus\":null}],\"children\":[{\"CreatedAt\":\"2020-04-04T11:44:56+08:00\",\"UpdatedAt\":\"2020-04-24T10:16:42+08:00\",\"DeletedAt\":null,\"authorityId\":\"8881\",\"authorityName\":\"普通用户子角色\",\"parentId\":\"888\",\"dataAuthorityId\":[],\"children\":[],\"menus\":null}],\"menus\":null},{\"CreatedAt\":\"2020-04-04T11:44:56+08:00\",\"UpdatedAt\":\"2020-04-24T10:16:42+08:00\",\"DeletedAt\":null,\"authorityId\":\"9528\",\"authorityName\":\"测试角色\",\"parentId\":\"0\",\"dataAuthorityId\":[{\"CreatedAt\":\"2020-04-04T11:44:56+08:00\",\"UpdatedAt\":\"2020-04-24T10:16:42+08:00\",\"DeletedAt\":null,\"authorityId\":\"8881\",\"authorityName\":\"普通用户子角色\",\"parentId\":\"888\",\"dataAuthorityId\":null,\"children\":null,\"menus\":null},{\"CreatedAt\":\"2020-04-04T11:44:56+08:00\",\"UpdatedAt\":\"2020-04-24T10:16:42+08:00\",\"DeletedAt\":null,\"authorityId\":\"9528\",\"authorityName\":\"测试角色\",\"parentId\":\"0\",\"dataAuthorityId\":null,\"children\":null,\"menus\":null}],\"children\":[],\"menus\":null}],\"total\":0,\"page\":1,\"pageSize\":999},\"msg\":\"操作成功\"}'),(394,'2020-07-30 13:29:26','2020-07-30 13:29:26',NULL,'127.0.0.1','GET','/sysDictionary/getSysDictionaryList',200,387928,'Mozilla/5.0 (X11; Ubuntu; Linux x86_64; rv:79.0) Gecko/20100101 Firefox/79.0','','',10,'{\"code\":0,\"data\":{\"list\":[{\"ID\":2,\"CreatedAt\":\"2020-06-24T20:44:00+08:00\",\"UpdatedAt\":\"2020-06-24T20:44:00+08:00\",\"DeletedAt\":null,\"name\":\"性别\",\"type\":\"sex\",\"status\":true,\"desc\":\"性别字典\",\"sysDictionaryDetails\":null},{\"ID\":3,\"CreatedAt\":\"2020-07-05T15:27:31+08:00\",\"UpdatedAt\":\"2020-07-05T15:27:31+08:00\",\"DeletedAt\":null,\"name\":\"数据库int类型\",\"type\":\"int\",\"status\":true,\"desc\":\"int类型对应的数据库类型\",\"sysDictionaryDetails\":null},{\"ID\":4,\"CreatedAt\":\"2020-07-05T15:33:07+08:00\",\"UpdatedAt\":\"2020-07-05T16:07:18+08:00\",\"DeletedAt\":null,\"name\":\"数据库时间日期类型\",\"type\":\"time.Time\",\"status\":true,\"desc\":\"数据库时间日期类型\",\"sysDictionaryDetails\":null},{\"ID\":5,\"CreatedAt\":\"2020-07-05T15:34:23+08:00\",\"UpdatedAt\":\"2020-07-05T15:52:45+08:00\",\"DeletedAt\":null,\"name\":\"数据库浮点型\",\"type\":\"float64\",\"status\":true,\"desc\":\"数据库浮点型\",\"sysDictionaryDetails\":null},{\"ID\":6,\"CreatedAt\":\"2020-07-05T15:35:05+08:00\",\"UpdatedAt\":\"2020-07-05T15:35:05+08:00\",\"DeletedAt\":null,\"name\":\"数据库字符串\",\"type\":\"string\",\"status\":true,\"desc\":\"数据库字符串\",\"sysDictionaryDetails\":null},{\"ID\":7,\"CreatedAt\":\"2020-07-05T15:36:48+08:00\",\"UpdatedAt\":\"2020-07-05T15:36:48+08:00\",\"DeletedAt\":null,\"name\":\"数据库bool类型\",\"type\":\"bool\",\"status\":true,\"desc\":\"数据库bool类型\",\"sysDictionaryDetails\":null}],\"total\":6,\"page\":1,\"pageSize\":10},\"msg\":\"操作成功\"}'),(395,'2020-07-30 13:36:09','2020-07-30 13:36:09',NULL,'127.0.0.1','GET','/categories/getCategoriesList',200,324218,'Mozilla/5.0 (X11; Ubuntu; Linux x86_64; rv:79.0) Gecko/20100101 Firefox/79.0','','',10,'{\"code\":0,\"data\":{\"list\":[],\"total\":0,\"page\":1,\"pageSize\":10},\"msg\":\"操作成功\"}'),(396,'2020-07-30 13:46:06','2020-07-30 13:46:06',NULL,'127.0.0.1','GET','/categories/getCategoriesList',200,273251,'Mozilla/5.0 (X11; Ubuntu; Linux x86_64; rv:79.0) Gecko/20100101 Firefox/79.0','','',10,'{\"code\":0,\"data\":{\"list\":[],\"total\":0,\"page\":1,\"pageSize\":10},\"msg\":\"操作成功\"}'),(397,'2020-07-30 13:46:15','2020-07-30 13:46:15',NULL,'127.0.0.1','GET','/categories/getCategoriesList',200,346099,'Mozilla/5.0 (X11; Ubuntu; Linux x86_64; rv:79.0) Gecko/20100101 Firefox/79.0','','',10,'{\"code\":0,\"data\":{\"list\":[],\"total\":0,\"page\":1,\"pageSize\":10},\"msg\":\"操作成功\"}'),(398,'2020-07-30 13:50:06','2020-07-30 13:50:06',NULL,'127.0.0.1','GET','/categories/getCategoriesList',200,389976,'Mozilla/5.0 (X11; Ubuntu; Linux x86_64; rv:79.0) Gecko/20100101 Firefox/79.0','','',10,'{\"code\":0,\"data\":{\"list\":[],\"total\":0,\"page\":1,\"pageSize\":10},\"msg\":\"操作成功\"}'),(399,'2020-07-30 13:57:44','2020-07-30 13:57:44',NULL,'127.0.0.1','GET','/categories/getCategoriesList',200,330253,'Mozilla/5.0 (X11; Ubuntu; Linux x86_64; rv:79.0) Gecko/20100101 Firefox/79.0','','',10,'{\"code\":0,\"data\":{\"list\":[],\"total\":0,\"page\":1,\"pageSize\":10},\"msg\":\"操作成功\"}'),(400,'2020-07-30 13:57:44','2020-07-30 13:57:44',NULL,'127.0.0.1','GET','/categories/getCategoriesList',200,324950,'Mozilla/5.0 (X11; Ubuntu; Linux x86_64; rv:79.0) Gecko/20100101 Firefox/79.0','','',10,'{\"code\":0,\"data\":{\"list\":[],\"total\":0,\"page\":1,\"pageSize\":10},\"msg\":\"操作成功\"}'),(401,'2020-07-30 13:57:44','2020-07-30 13:57:44',NULL,'127.0.0.1','GET','/categories/getCategoriesList',200,218733,'Mozilla/5.0 (X11; Ubuntu; Linux x86_64; rv:79.0) Gecko/20100101 Firefox/79.0','','',10,'{\"code\":0,\"data\":{\"list\":[],\"total\":0,\"page\":1,\"pageSize\":10},\"msg\":\"操作成功\"}'),(402,'2020-07-30 13:59:40','2020-07-30 13:59:40',NULL,'127.0.0.1','GET','/categories/getCategoriesList',200,361039,'Mozilla/5.0 (X11; Ubuntu; Linux x86_64; rv:79.0) Gecko/20100101 Firefox/79.0','','',10,'{\"code\":0,\"data\":{\"list\":[],\"total\":0,\"page\":1,\"pageSize\":10},\"msg\":\"操作成功\"}'),(403,'2020-07-30 14:02:28','2020-07-30 14:02:28',NULL,'127.0.0.1','GET','/categories/getCategoriesList',200,326903,'Mozilla/5.0 (X11; Ubuntu; Linux x86_64; rv:79.0) Gecko/20100101 Firefox/79.0','','',10,'{\"code\":0,\"data\":{\"list\":[],\"total\":0,\"page\":1,\"pageSize\":10},\"msg\":\"操作成功\"}'),(404,'2020-07-30 14:05:14','2020-07-30 14:05:14',NULL,'127.0.0.1','GET','/categories/getCategoriesList',200,394869,'Mozilla/5.0 (X11; Ubuntu; Linux x86_64; rv:79.0) Gecko/20100101 Firefox/79.0','','',10,'{\"code\":0,\"data\":{\"list\":[],\"total\":0,\"page\":1,\"pageSize\":10},\"msg\":\"操作成功\"}'),(405,'2020-07-30 14:06:58','2020-07-30 14:06:58',NULL,'127.0.0.1','GET','/categories/getCategoriesList',200,510517,'Mozilla/5.0 (X11; Ubuntu; Linux x86_64; rv:79.0) Gecko/20100101 Firefox/79.0','','',10,'{\"code\":0,\"data\":{\"list\":[],\"total\":0,\"page\":1,\"pageSize\":10},\"msg\":\"操作成功\"}'),(406,'2020-07-30 14:07:23','2020-07-30 14:07:23',NULL,'127.0.0.1','GET','/categories/getCategoriesList',200,296926,'Mozilla/5.0 (X11; Ubuntu; Linux x86_64; rv:79.0) Gecko/20100101 Firefox/79.0','','',10,'{\"code\":0,\"data\":{\"list\":[],\"total\":0,\"page\":1,\"pageSize\":10},\"msg\":\"操作成功\"}'),(407,'2020-07-30 14:09:27','2020-07-30 14:09:27',NULL,'127.0.0.1','GET','/categories/getCategoriesList',200,464223,'Mozilla/5.0 (X11; Ubuntu; Linux x86_64; rv:79.0) Gecko/20100101 Firefox/79.0','','',10,'{\"code\":0,\"data\":{\"list\":[],\"total\":0,\"page\":1,\"pageSize\":10},\"msg\":\"操作成功\"}'),(408,'2020-07-30 14:11:02','2020-07-30 14:11:02',NULL,'127.0.0.1','GET','/categories/getCategoriesList',200,325235,'Mozilla/5.0 (X11; Ubuntu; Linux x86_64; rv:79.0) Gecko/20100101 Firefox/79.0','','',10,'{\"code\":0,\"data\":{\"list\":[],\"total\":0,\"page\":1,\"pageSize\":10},\"msg\":\"操作成功\"}'),(409,'2020-07-30 14:12:51','2020-07-30 14:12:51',NULL,'127.0.0.1','GET','/categories/getCategoriesList',200,475710,'Mozilla/5.0 (X11; Ubuntu; Linux x86_64; rv:79.0) Gecko/20100101 Firefox/79.0','','',10,'{\"code\":0,\"data\":{\"list\":[],\"total\":0,\"page\":1,\"pageSize\":10},\"msg\":\"操作成功\"}'),(410,'2020-07-30 14:13:36','2020-07-30 14:13:36',NULL,'127.0.0.1','POST','/categories/createCategories',200,60322884,'Mozilla/5.0 (X11; Ubuntu; Linux x86_64; rv:79.0) Gecko/20100101 Firefox/79.0','','{\"categorySubjectId\":null,\"categoryName\":null}',10,'{\"code\":0,\"data\":{},\"msg\":\"创建成功\"}'),(411,'2020-07-30 14:13:36','2020-07-30 14:13:36',NULL,'127.0.0.1','GET','/categories/getCategoriesList',200,491709,'Mozilla/5.0 (X11; Ubuntu; Linux x86_64; rv:79.0) Gecko/20100101 Firefox/79.0','','',10,'{\"code\":0,\"data\":{\"list\":[{\"ID\":100,\"CreatedAt\":\"2020-07-30T14:13:35+08:00\",\"UpdatedAt\":\"2020-07-30T14:13:35+08:00\",\"DeletedAt\":null,\"CategorySubjectId\":0,\"CategorySubject\":{\"ID\":0,\"CreatedAt\":\"0001-01-01T00:00:00Z\",\"UpdatedAt\":\"0001-01-01T00:00:00Z\",\"DeletedAt\":null,\"SubjectName\":\"\"},\"CategoryName\":\"\"}],\"total\":1,\"page\":1,\"pageSize\":10},\"msg\":\"操作成功\"}'),(412,'2020-07-30 14:13:42','2020-07-30 14:13:42',NULL,'127.0.0.1','GET','/categories/findCategories',200,413753,'Mozilla/5.0 (X11; Ubuntu; Linux x86_64; rv:79.0) Gecko/20100101 Firefox/79.0','','',10,'{\"code\":0,\"data\":{\"recategories\":{\"ID\":100,\"CreatedAt\":\"2020-07-30T14:13:35+08:00\",\"UpdatedAt\":\"2020-07-30T14:13:35+08:00\",\"DeletedAt\":null,\"CategorySubjectId\":0,\"CategorySubject\":{\"ID\":0,\"CreatedAt\":\"0001-01-01T00:00:00Z\",\"UpdatedAt\":\"0001-01-01T00:00:00Z\",\"DeletedAt\":null,\"SubjectName\":\"\"},\"CategoryName\":\"\"}},\"msg\":\"操作成功\"}'),(413,'2020-07-30 14:14:20','2020-07-30 14:14:20',NULL,'127.0.0.1','GET','/categories/findCategories',200,424784,'Mozilla/5.0 (X11; Ubuntu; Linux x86_64; rv:79.0) Gecko/20100101 Firefox/79.0','','',10,'{\"code\":0,\"data\":{\"recategories\":{\"ID\":100,\"CreatedAt\":\"2020-07-30T14:13:35+08:00\",\"UpdatedAt\":\"2020-07-30T14:13:35+08:00\",\"DeletedAt\":null,\"CategorySubjectId\":0,\"CategorySubject\":{\"ID\":0,\"CreatedAt\":\"0001-01-01T00:00:00Z\",\"UpdatedAt\":\"0001-01-01T00:00:00Z\",\"DeletedAt\":null,\"SubjectName\":\"\"},\"CategoryName\":\"\"}},\"msg\":\"操作成功\"}'),(414,'2020-07-30 14:20:47','2020-07-30 14:20:47',NULL,'127.0.0.1','GET','/categories/getCategoriesList',200,336965,'Mozilla/5.0 (X11; Ubuntu; Linux x86_64; rv:79.0) Gecko/20100101 Firefox/79.0','','',10,'{\"code\":0,\"data\":{\"list\":[{\"ID\":100,\"CreatedAt\":\"2020-07-30T14:13:35+08:00\",\"UpdatedAt\":\"2020-07-30T14:13:35+08:00\",\"DeletedAt\":null,\"categorySubjectId\":0,\"categorySubject\":{\"ID\":0,\"CreatedAt\":\"0001-01-01T00:00:00Z\",\"UpdatedAt\":\"0001-01-01T00:00:00Z\",\"DeletedAt\":null,\"SubjectName\":\"\"},\"categoryName\":\"\"}],\"total\":1,\"page\":1,\"pageSize\":10},\"msg\":\"操作成功\"}'),(415,'2020-07-30 14:22:00','2020-07-30 14:22:00',NULL,'127.0.0.1','GET','/categories/getCategoriesList',200,386495,'Mozilla/5.0 (X11; Ubuntu; Linux x86_64; rv:79.0) Gecko/20100101 Firefox/79.0','','',10,'{\"code\":0,\"data\":{\"list\":[{\"ID\":100,\"CreatedAt\":\"2020-07-30T14:13:35+08:00\",\"UpdatedAt\":\"2020-07-30T14:13:35+08:00\",\"DeletedAt\":null,\"categorySubjectId\":0,\"categorySubject\":{\"ID\":0,\"CreatedAt\":\"0001-01-01T00:00:00Z\",\"UpdatedAt\":\"0001-01-01T00:00:00Z\",\"DeletedAt\":null,\"SubjectName\":\"\"},\"categoryName\":\"\"}],\"total\":1,\"page\":1,\"pageSize\":10},\"msg\":\"操作成功\"}'),(416,'2020-07-30 14:22:07','2020-07-30 14:22:07',NULL,'127.0.0.1','GET','/categories/findCategories',200,530263,'Mozilla/5.0 (X11; Ubuntu; Linux x86_64; rv:79.0) Gecko/20100101 Firefox/79.0','','',10,'{\"code\":0,\"data\":{\"recategories\":{\"ID\":100,\"CreatedAt\":\"2020-07-30T14:13:35+08:00\",\"UpdatedAt\":\"2020-07-30T14:13:35+08:00\",\"DeletedAt\":null,\"categorySubjectId\":0,\"categorySubject\":{\"ID\":0,\"CreatedAt\":\"0001-01-01T00:00:00Z\",\"UpdatedAt\":\"0001-01-01T00:00:00Z\",\"DeletedAt\":null,\"SubjectName\":\"\"},\"categoryName\":\"\"}},\"msg\":\"操作成功\"}'),(417,'2020-07-30 14:35:48','2020-07-30 14:35:48',NULL,'127.0.0.1','GET','/categories/getCategoriesList',200,352714,'Mozilla/5.0 (X11; Ubuntu; Linux x86_64; rv:79.0) Gecko/20100101 Firefox/79.0','','',10,'{\"code\":0,\"data\":{\"list\":[{\"ID\":100,\"CreatedAt\":\"2020-07-30T14:13:35+08:00\",\"UpdatedAt\":\"2020-07-30T14:13:35+08:00\",\"DeletedAt\":null,\"categorySubjectId\":0,\"categorySubject\":{\"ID\":0,\"CreatedAt\":\"0001-01-01T00:00:00Z\",\"UpdatedAt\":\"0001-01-01T00:00:00Z\",\"DeletedAt\":null,\"SubjectName\":\"\"},\"categoryName\":\"\"}],\"total\":1,\"page\":1,\"pageSize\":10},\"msg\":\"操作成功\"}'),(418,'2020-07-30 14:36:45','2020-07-30 14:36:45',NULL,'127.0.0.1','GET','/categories/getCategoriesList',200,364939,'Mozilla/5.0 (X11; Ubuntu; Linux x86_64; rv:79.0) Gecko/20100101 Firefox/79.0','','',10,'{\"code\":0,\"data\":{\"list\":[{\"ID\":100,\"CreatedAt\":\"2020-07-30T14:13:35+08:00\",\"UpdatedAt\":\"2020-07-30T14:13:35+08:00\",\"DeletedAt\":null,\"categorySubjectId\":0,\"categorySubject\":{\"ID\":0,\"CreatedAt\":\"0001-01-01T00:00:00Z\",\"UpdatedAt\":\"0001-01-01T00:00:00Z\",\"DeletedAt\":null,\"SubjectName\":\"\"},\"categoryName\":\"\"}],\"total\":1,\"page\":1,\"pageSize\":10},\"msg\":\"操作成功\"}'),(419,'2020-07-30 14:38:41','2020-07-30 14:38:41',NULL,'127.0.0.1','GET','/categories/getCategoriesList',200,441438,'Mozilla/5.0 (X11; Ubuntu; Linux x86_64; rv:79.0) Gecko/20100101 Firefox/79.0','','',10,'{\"code\":0,\"data\":{\"list\":[{\"ID\":100,\"CreatedAt\":\"2020-07-30T14:13:35+08:00\",\"UpdatedAt\":\"2020-07-30T14:13:35+08:00\",\"DeletedAt\":null,\"categorySubjectId\":0,\"categorySubject\":{\"ID\":0,\"CreatedAt\":\"0001-01-01T00:00:00Z\",\"UpdatedAt\":\"0001-01-01T00:00:00Z\",\"DeletedAt\":null,\"SubjectName\":\"\"},\"categoryName\":\"\"}],\"total\":1,\"page\":1,\"pageSize\":10},\"msg\":\"操作成功\"}'),(420,'2020-07-30 14:38:51','2020-07-30 14:38:51',NULL,'127.0.0.1','DELETE','/categories/deleteCategories',200,103780598,'Mozilla/5.0 (X11; Ubuntu; Linux x86_64; rv:79.0) Gecko/20100101 Firefox/79.0','','{\"ID\":100}',10,'{\"code\":0,\"data\":{},\"msg\":\"删除成功\"}'),(421,'2020-07-30 14:38:51','2020-07-30 14:38:51',NULL,'127.0.0.1','GET','/categories/getCategoriesList',200,307594,'Mozilla/5.0 (X11; Ubuntu; Linux x86_64; rv:79.0) Gecko/20100101 Firefox/79.0','','',10,'{\"code\":0,\"data\":{\"list\":[],\"total\":0,\"page\":1,\"pageSize\":10},\"msg\":\"操作成功\"}'),(422,'2020-07-30 14:39:10','2020-07-30 14:39:10',NULL,'127.0.0.1','POST','/categories/createCategories',200,291075202,'Mozilla/5.0 (X11; Ubuntu; Linux x86_64; rv:79.0) Gecko/20100101 Firefox/79.0','','{\"categorySubjectId\":100,\"categoryName\":\"住宅客梯\"}',10,'{\"code\":0,\"data\":{},\"msg\":\"创建成功\"}'),(423,'2020-07-30 14:39:10','2020-07-30 14:39:10',NULL,'127.0.0.1','GET','/categories/getCategoriesList',200,562978,'Mozilla/5.0 (X11; Ubuntu; Linux x86_64; rv:79.0) Gecko/20100101 Firefox/79.0','','',10,'{\"code\":0,\"data\":{\"list\":[{\"ID\":101,\"CreatedAt\":\"2020-07-30T14:39:09+08:00\",\"UpdatedAt\":\"2020-07-30T14:39:09+08:00\",\"DeletedAt\":null,\"categorySubjectId\":100,\"categorySubject\":{\"ID\":0,\"CreatedAt\":\"0001-01-01T00:00:00Z\",\"UpdatedAt\":\"0001-01-01T00:00:00Z\",\"DeletedAt\":null,\"SubjectName\":\"\"},\"categoryName\":\"住宅客梯\"}],\"total\":1,\"page\":1,\"pageSize\":10},\"msg\":\"操作成功\"}'),(424,'2020-07-30 14:46:12','2020-07-30 14:46:12',NULL,'127.0.0.1','POST','/authority/getAuthorityList',200,1678099,'Mozilla/5.0 (X11; Ubuntu; Linux x86_64; rv:79.0) Gecko/20100101 Firefox/79.0','','{\"page\":1,\"pageSize\":999}',10,'{\"code\":0,\"data\":{\"list\":[{\"CreatedAt\":\"2020-04-04T11:44:56+08:00\",\"UpdatedAt\":\"2020-06-13T16:07:37+08:00\",\"DeletedAt\":null,\"authorityId\":\"888\",\"authorityName\":\"普通用户\",\"parentId\":\"0\",\"dataAuthorityId\":[{\"CreatedAt\":\"2020-04-04T11:44:56+08:00\",\"UpdatedAt\":\"2020-06-13T16:07:37+08:00\",\"DeletedAt\":null,\"authorityId\":\"888\",\"authorityName\":\"普通用户\",\"parentId\":\"0\",\"dataAuthorityId\":null,\"children\":null,\"menus\":null},{\"CreatedAt\":\"2020-04-04T11:44:56+08:00\",\"UpdatedAt\":\"2020-04-24T10:16:42+08:00\",\"DeletedAt\":null,\"authorityId\":\"8881\",\"authorityName\":\"普通用户子角色\",\"parentId\":\"888\",\"dataAuthorityId\":null,\"children\":null,\"menus\":null},{\"CreatedAt\":\"2020-04-04T11:44:56+08:00\",\"UpdatedAt\":\"2020-04-24T10:16:42+08:00\",\"DeletedAt\":null,\"authorityId\":\"9528\",\"authorityName\":\"测试角色\",\"parentId\":\"0\",\"dataAuthorityId\":null,\"children\":null,\"menus\":null}],\"children\":[{\"CreatedAt\":\"2020-04-04T11:44:56+08:00\",\"UpdatedAt\":\"2020-04-24T10:16:42+08:00\",\"DeletedAt\":null,\"authorityId\":\"8881\",\"authorityName\":\"普通用户子角色\",\"parentId\":\"888\",\"dataAuthorityId\":[],\"children\":[],\"menus\":null}],\"menus\":null},{\"CreatedAt\":\"2020-04-04T11:44:56+08:00\",\"UpdatedAt\":\"2020-04-24T10:16:42+08:00\",\"DeletedAt\":null,\"authorityId\":\"9528\",\"authorityName\":\"测试角色\",\"parentId\":\"0\",\"dataAuthorityId\":[{\"CreatedAt\":\"2020-04-04T11:44:56+08:00\",\"UpdatedAt\":\"2020-04-24T10:16:42+08:00\",\"DeletedAt\":null,\"authorityId\":\"8881\",\"authorityName\":\"普通用户子角色\",\"parentId\":\"888\",\"dataAuthorityId\":null,\"children\":null,\"menus\":null},{\"CreatedAt\":\"2020-04-04T11:44:56+08:00\",\"UpdatedAt\":\"2020-04-24T10:16:42+08:00\",\"DeletedAt\":null,\"authorityId\":\"9528\",\"authorityName\":\"测试角色\",\"parentId\":\"0\",\"dataAuthorityId\":null,\"children\":null,\"menus\":null}],\"children\":[],\"menus\":null}],\"total\":0,\"page\":1,\"pageSize\":999},\"msg\":\"操作成功\"}'),(425,'2020-07-30 14:50:47','2020-07-30 14:50:47',NULL,'127.0.0.1','GET','/categories/getCategoriesList',200,430269,'Mozilla/5.0 (X11; Ubuntu; Linux x86_64; rv:79.0) Gecko/20100101 Firefox/79.0','','',10,'{\"code\":7,\"data\":{},\"msg\":\"获取数据失败，can\'t preload field CategorySubject for model.Category\"}'),(426,'2020-07-30 14:54:55','2020-07-30 14:54:55',NULL,'127.0.0.1','GET','/categories/getCategoriesList',200,418010,'Mozilla/5.0 (X11; Ubuntu; Linux x86_64; rv:79.0) Gecko/20100101 Firefox/79.0','','',10,'{\"code\":7,\"data\":{},\"msg\":\"获取数据失败，can\'t preload field CategorySubject for model.Category\"}'),(427,'2020-07-30 14:59:30','2020-07-30 14:59:30',NULL,'127.0.0.1','GET','/categories/getCategoriesList',200,424434,'Mozilla/5.0 (X11; Ubuntu; Linux x86_64; rv:79.0) Gecko/20100101 Firefox/79.0','','',10,'{\"code\":7,\"data\":{},\"msg\":\"获取数据失败，can\'t preload field CategorySubject for model.Category\"}'),(428,'2020-07-30 15:05:00','2020-07-30 15:05:00',NULL,'127.0.0.1','GET','/categories/getCategoriesList',200,263871,'Mozilla/5.0 (X11; Ubuntu; Linux x86_64; rv:79.0) Gecko/20100101 Firefox/79.0','','',10,'{\"code\":7,\"data\":{},\"msg\":\"获取数据失败，can\'t preload field CategorySubject for model.Category\"}'),(429,'2020-07-30 15:09:47','2020-07-30 15:09:47',NULL,'127.0.0.1','GET','/categories/getCategoriesList',200,378611,'Mozilla/5.0 (X11; Ubuntu; Linux x86_64; rv:79.0) Gecko/20100101 Firefox/79.0','','',10,'{\"code\":0,\"data\":{\"list\":[{\"ID\":101,\"CreatedAt\":\"2020-07-30T14:39:09+08:00\",\"UpdatedAt\":\"2020-07-30T14:39:09+08:00\",\"DeletedAt\":null,\"categorySubject\":{\"ID\":0,\"CreatedAt\":\"0001-01-01T00:00:00Z\",\"UpdatedAt\":\"0001-01-01T00:00:00Z\",\"DeletedAt\":null,\"SubjectName\":\"\"},\"categorySubjectId\":\"100\",\"categoryName\":\"住宅客梯\"}],\"total\":1,\"page\":1,\"pageSize\":10},\"msg\":\"操作成功\"}'),(430,'2020-07-30 15:13:28','2020-07-30 15:13:28',NULL,'127.0.0.1','GET','/categories/getCategoriesList',200,372779,'Mozilla/5.0 (X11; Ubuntu; Linux x86_64; rv:79.0) Gecko/20100101 Firefox/79.0','','',10,'{\"code\":7,\"data\":{},\"msg\":\"获取数据失败，can\'t preload field CategorySubject for model.Category\"}'),(431,'2020-07-30 15:19:26','2020-07-30 15:19:26',NULL,'127.0.0.1','GET','/categories/getCategoriesList',200,359694,'Mozilla/5.0 (X11; Ubuntu; Linux x86_64; rv:79.0) Gecko/20100101 Firefox/79.0','','',10,'{\"code\":7,\"data\":{},\"msg\":\"获取数据失败，can\'t preload field CategorySubject for model.Category\"}'),(432,'2020-07-30 15:23:17','2020-07-30 15:23:17',NULL,'127.0.0.1','GET','/categories/getCategoriesList',200,448357,'Mozilla/5.0 (X11; Ubuntu; Linux x86_64; rv:79.0) Gecko/20100101 Firefox/79.0','','',10,'{\"code\":7,\"data\":{},\"msg\":\"获取数据失败，can\'t preload field CategorySubject for model.Category\"}'),(433,'2020-07-30 15:27:57','2020-07-30 15:27:57',NULL,'127.0.0.1','GET','/categories/getCategoriesList',200,521837,'Mozilla/5.0 (X11; Ubuntu; Linux x86_64; rv:79.0) Gecko/20100101 Firefox/79.0','','',10,'{\"code\":7,\"data\":{},\"msg\":\"获取数据失败，can\'t preload field Subject for model.Category\"}'),(434,'2020-07-30 15:28:41','2020-07-30 15:28:41',NULL,'127.0.0.1','GET','/categories/getCategoriesList',200,456351,'Mozilla/5.0 (X11; Ubuntu; Linux x86_64; rv:79.0) Gecko/20100101 Firefox/79.0','','',10,'{\"code\":7,\"data\":{},\"msg\":\"获取数据失败，can\'t preload field Subject for model.Category\"}'),(435,'2020-07-30 15:47:32','2020-07-30 15:47:32',NULL,'127.0.0.1','GET','/categories/getCategoriesList',200,410002,'Mozilla/5.0 (X11; Ubuntu; Linux x86_64; rv:79.0) Gecko/20100101 Firefox/79.0','','',10,'{\"code\":0,\"data\":{\"list\":[{\"ID\":101,\"CreatedAt\":\"2020-07-30T14:39:09+08:00\",\"UpdatedAt\":\"2020-07-30T14:39:09+08:00\",\"DeletedAt\":null,\"categorySubject\":{\"ID\":0,\"CreatedAt\":\"0001-01-01T00:00:00Z\",\"UpdatedAt\":\"0001-01-01T00:00:00Z\",\"DeletedAt\":null,\"SubjectName\":\"\"},\"categorySubjectId\":0,\"categoryName\":\"住宅客梯\"}],\"total\":1,\"page\":1,\"pageSize\":10},\"msg\":\"操作成功\"}'),(436,'2020-07-30 15:47:57','2020-07-30 15:47:57',NULL,'127.0.0.1','GET','/categories/getCategoriesList',200,456845,'Mozilla/5.0 (X11; Ubuntu; Linux x86_64; rv:79.0) Gecko/20100101 Firefox/79.0','','',10,'{\"code\":0,\"data\":{\"list\":[{\"ID\":101,\"CreatedAt\":\"2020-07-30T14:39:09+08:00\",\"UpdatedAt\":\"2020-07-30T14:39:09+08:00\",\"DeletedAt\":null,\"categorySubject\":{\"ID\":0,\"CreatedAt\":\"0001-01-01T00:00:00Z\",\"UpdatedAt\":\"0001-01-01T00:00:00Z\",\"DeletedAt\":null,\"SubjectName\":\"\"},\"categorySubjectId\":0,\"categoryName\":\"住宅客梯\"}],\"total\":1,\"page\":1,\"pageSize\":10},\"msg\":\"操作成功\"}'),(437,'2020-07-30 15:48:02','2020-07-30 15:48:02',NULL,'127.0.0.1','GET','/categories/getCategoriesList',200,327595,'Mozilla/5.0 (X11; Ubuntu; Linux x86_64; rv:79.0) Gecko/20100101 Firefox/79.0','','',10,'{\"code\":0,\"data\":{\"list\":[{\"ID\":101,\"CreatedAt\":\"2020-07-30T14:39:09+08:00\",\"UpdatedAt\":\"2020-07-30T14:39:09+08:00\",\"DeletedAt\":null,\"categorySubject\":{\"ID\":0,\"CreatedAt\":\"0001-01-01T00:00:00Z\",\"UpdatedAt\":\"0001-01-01T00:00:00Z\",\"DeletedAt\":null,\"SubjectName\":\"\"},\"categorySubjectId\":0,\"categoryName\":\"住宅客梯\"}],\"total\":1,\"page\":1,\"pageSize\":10},\"msg\":\"操作成功\"}'),(438,'2020-07-30 15:50:23','2020-07-30 15:50:23',NULL,'127.0.0.1','GET','/categories/getCategoriesList',200,379095,'Mozilla/5.0 (X11; Ubuntu; Linux x86_64; rv:79.0) Gecko/20100101 Firefox/79.0','','',10,'{\"code\":7,\"data\":{},\"msg\":\"获取数据失败，can\'t preload field Subject for model.Category\"}'),(439,'2020-07-30 15:50:56','2020-07-30 15:50:56',NULL,'127.0.0.1','GET','/categories/getCategoriesList',200,729839,'Mozilla/5.0 (X11; Ubuntu; Linux x86_64; rv:79.0) Gecko/20100101 Firefox/79.0','','',10,'{\"code\":0,\"data\":{\"list\":[{\"ID\":101,\"CreatedAt\":\"2020-07-30T14:39:09+08:00\",\"UpdatedAt\":\"2020-07-30T14:39:09+08:00\",\"DeletedAt\":null,\"categorySubject\":{\"ID\":100,\"CreatedAt\":\"2020-07-30T10:22:39+08:00\",\"UpdatedAt\":\"2020-07-30T10:22:39+08:00\",\"DeletedAt\":null,\"SubjectName\":\"电梯类别\"},\"categorySubjectId\":100,\"categoryName\":\"住宅客梯\"}],\"total\":1,\"page\":1,\"pageSize\":10},\"msg\":\"操作成功\"}'),(440,'2020-07-30 15:53:45','2020-07-30 15:53:45',NULL,'127.0.0.1','GET','/categories/getCategoriesList',200,578132,'Mozilla/5.0 (X11; Ubuntu; Linux x86_64; rv:79.0) Gecko/20100101 Firefox/79.0','','',10,'{\"code\":0,\"data\":{\"list\":[{\"ID\":101,\"CreatedAt\":\"2020-07-30T14:39:09+08:00\",\"UpdatedAt\":\"2020-07-30T14:39:09+08:00\",\"DeletedAt\":null,\"categorySubject\":{\"ID\":100,\"CreatedAt\":\"2020-07-30T10:22:39+08:00\",\"UpdatedAt\":\"2020-07-30T10:22:39+08:00\",\"DeletedAt\":null,\"SubjectName\":\"电梯类别\"},\"categorySubjectId\":100,\"categoryName\":\"住宅客梯\"}],\"total\":1,\"page\":1,\"pageSize\":10},\"msg\":\"操作成功\"}'),(441,'2020-07-30 15:53:46','2020-07-30 15:53:46',NULL,'127.0.0.1','GET','/categories/findCategories',200,625742,'Mozilla/5.0 (X11; Ubuntu; Linux x86_64; rv:79.0) Gecko/20100101 Firefox/79.0','','',10,'{\"code\":0,\"data\":{\"recategories\":{\"ID\":101,\"CreatedAt\":\"2020-07-30T14:39:09+08:00\",\"UpdatedAt\":\"2020-07-30T14:39:09+08:00\",\"DeletedAt\":null,\"categorySubject\":{\"ID\":0,\"CreatedAt\":\"0001-01-01T00:00:00Z\",\"UpdatedAt\":\"0001-01-01T00:00:00Z\",\"DeletedAt\":null,\"SubjectName\":\"\"},\"categorySubjectId\":100,\"categoryName\":\"住宅客梯\"}},\"msg\":\"操作成功\"}'),(442,'2020-07-30 15:53:51','2020-07-30 15:53:51',NULL,'127.0.0.1','GET','/categories/getCategoriesList',200,777747,'Mozilla/5.0 (X11; Ubuntu; Linux x86_64; rv:79.0) Gecko/20100101 Firefox/79.0','','',10,'{\"code\":0,\"data\":{\"list\":[{\"ID\":101,\"CreatedAt\":\"2020-07-30T14:39:09+08:00\",\"UpdatedAt\":\"2020-07-30T14:39:09+08:00\",\"DeletedAt\":null,\"categorySubject\":{\"ID\":100,\"CreatedAt\":\"2020-07-30T10:22:39+08:00\",\"UpdatedAt\":\"2020-07-30T10:22:39+08:00\",\"DeletedAt\":null,\"SubjectName\":\"电梯类别\"},\"categorySubjectId\":100,\"categoryName\":\"住宅客梯\"}],\"total\":1,\"page\":1,\"pageSize\":10},\"msg\":\"操作成功\"}'),(443,'2020-07-30 15:54:39','2020-07-30 15:54:39',NULL,'127.0.0.1','GET','/categories/getCategoriesList',200,511613,'Mozilla/5.0 (X11; Ubuntu; Linux x86_64; rv:79.0) Gecko/20100101 Firefox/79.0','','',10,'{\"code\":0,\"data\":{\"list\":[{\"ID\":101,\"CreatedAt\":\"2020-07-30T14:39:09+08:00\",\"UpdatedAt\":\"2020-07-30T14:39:09+08:00\",\"DeletedAt\":null,\"categorySubject\":{\"ID\":100,\"CreatedAt\":\"2020-07-30T10:22:39+08:00\",\"UpdatedAt\":\"2020-07-30T10:22:39+08:00\",\"DeletedAt\":null,\"SubjectName\":\"电梯类别\"},\"categorySubjectId\":100,\"categoryName\":\"住宅客梯\"}],\"total\":1,\"page\":1,\"pageSize\":10},\"msg\":\"操作成功\"}'),(444,'2020-07-30 15:56:10','2020-07-30 15:56:10',NULL,'127.0.0.1','GET','/categories/findCategories',200,372386,'Mozilla/5.0 (X11; Ubuntu; Linux x86_64; rv:79.0) Gecko/20100101 Firefox/79.0','','',10,'{\"code\":0,\"data\":{\"recategories\":{\"ID\":101,\"CreatedAt\":\"2020-07-30T14:39:09+08:00\",\"UpdatedAt\":\"2020-07-30T14:39:09+08:00\",\"DeletedAt\":null,\"categorySubject\":{\"ID\":0,\"CreatedAt\":\"0001-01-01T00:00:00Z\",\"UpdatedAt\":\"0001-01-01T00:00:00Z\",\"DeletedAt\":null,\"SubjectName\":\"\"},\"categorySubjectId\":100,\"categoryName\":\"住宅客梯\"}},\"msg\":\"操作成功\"}'),(445,'2020-07-30 15:56:22','2020-07-30 15:56:22',NULL,'127.0.0.1','GET','/categories/findCategories',200,588476,'Mozilla/5.0 (X11; Ubuntu; Linux x86_64; rv:79.0) Gecko/20100101 Firefox/79.0','','',10,'{\"code\":0,\"data\":{\"recategories\":{\"ID\":101,\"CreatedAt\":\"2020-07-30T14:39:09+08:00\",\"UpdatedAt\":\"2020-07-30T14:39:09+08:00\",\"DeletedAt\":null,\"categorySubject\":{\"ID\":0,\"CreatedAt\":\"0001-01-01T00:00:00Z\",\"UpdatedAt\":\"0001-01-01T00:00:00Z\",\"DeletedAt\":null,\"SubjectName\":\"\"},\"categorySubjectId\":100,\"categoryName\":\"住宅客梯\"}},\"msg\":\"操作成功\"}'),(446,'2020-07-30 15:58:32','2020-07-30 15:58:32',NULL,'127.0.0.1','GET','/categories/getCategoriesList',200,676715,'Mozilla/5.0 (X11; Ubuntu; Linux x86_64; rv:79.0) Gecko/20100101 Firefox/79.0','','',10,'{\"code\":0,\"data\":{\"list\":[{\"ID\":101,\"CreatedAt\":\"2020-07-30T14:39:09+08:00\",\"UpdatedAt\":\"2020-07-30T14:39:09+08:00\",\"DeletedAt\":null,\"categorySubject\":{\"ID\":100,\"CreatedAt\":\"2020-07-30T10:22:39+08:00\",\"UpdatedAt\":\"2020-07-30T10:22:39+08:00\",\"DeletedAt\":null,\"SubjectName\":\"电梯类别\"},\"categorySubjectId\":100,\"categoryName\":\"住宅客梯\"}],\"total\":1,\"page\":1,\"pageSize\":10},\"msg\":\"操作成功\"}'),(447,'2020-07-30 16:01:51','2020-07-30 16:01:51',NULL,'127.0.0.1','GET','/categories/getCategoriesList',200,527956,'Mozilla/5.0 (X11; Ubuntu; Linux x86_64; rv:79.0) Gecko/20100101 Firefox/79.0','','',10,'{\"code\":0,\"data\":{\"list\":[{\"ID\":101,\"CreatedAt\":\"2020-07-30T14:39:09+08:00\",\"UpdatedAt\":\"2020-07-30T14:39:09+08:00\",\"DeletedAt\":null,\"categorySubject\":{\"ID\":100,\"CreatedAt\":\"2020-07-30T10:22:39+08:00\",\"UpdatedAt\":\"2020-07-30T10:22:39+08:00\",\"DeletedAt\":null,\"subjectName\":\"电梯类别\"},\"categorySubjectId\":100,\"categoryName\":\"住宅客梯\"}],\"total\":1,\"page\":1,\"pageSize\":10},\"msg\":\"操作成功\"}'),(448,'2020-07-30 16:07:01','2020-07-30 16:07:01',NULL,'127.0.0.1','GET','/categories/getCategoriesList',200,590358,'Mozilla/5.0 (X11; Ubuntu; Linux x86_64; rv:79.0) Gecko/20100101 Firefox/79.0','','',10,'{\"code\":0,\"data\":{\"list\":[{\"ID\":101,\"CreatedAt\":\"2020-07-30T14:39:09+08:00\",\"UpdatedAt\":\"2020-07-30T14:39:09+08:00\",\"DeletedAt\":null,\"categorySubject\":{\"ID\":100,\"CreatedAt\":\"2020-07-30T10:22:39+08:00\",\"UpdatedAt\":\"2020-07-30T10:22:39+08:00\",\"DeletedAt\":null,\"subjectName\":\"电梯类别\"},\"categorySubjectId\":100,\"categoryName\":\"住宅客梯\"}],\"total\":1,\"page\":1,\"pageSize\":10},\"msg\":\"操作成功\"}'),(449,'2020-07-30 16:07:07','2020-07-30 16:07:07',NULL,'127.0.0.1','GET','/categories/getCategoriesList',200,602890,'Mozilla/5.0 (X11; Ubuntu; Linux x86_64; rv:79.0) Gecko/20100101 Firefox/79.0','','',10,'{\"code\":0,\"data\":{\"list\":[{\"ID\":101,\"CreatedAt\":\"2020-07-30T14:39:09+08:00\",\"UpdatedAt\":\"2020-07-30T14:39:09+08:00\",\"DeletedAt\":null,\"categorySubject\":{\"ID\":100,\"CreatedAt\":\"2020-07-30T10:22:39+08:00\",\"UpdatedAt\":\"2020-07-30T10:22:39+08:00\",\"DeletedAt\":null,\"subjectName\":\"电梯类别\"},\"categorySubjectId\":100,\"categoryName\":\"住宅客梯\"}],\"total\":1,\"page\":1,\"pageSize\":10},\"msg\":\"操作成功\"}'),(450,'2020-07-30 16:07:11','2020-07-30 16:07:11',NULL,'127.0.0.1','GET','/categories/getCategoriesList',200,529403,'Mozilla/5.0 (X11; Ubuntu; Linux x86_64; rv:79.0) Gecko/20100101 Firefox/79.0','','',10,'{\"code\":0,\"data\":{\"list\":[{\"ID\":101,\"CreatedAt\":\"2020-07-30T14:39:09+08:00\",\"UpdatedAt\":\"2020-07-30T14:39:09+08:00\",\"DeletedAt\":null,\"categorySubject\":{\"ID\":100,\"CreatedAt\":\"2020-07-30T10:22:39+08:00\",\"UpdatedAt\":\"2020-07-30T10:22:39+08:00\",\"DeletedAt\":null,\"subjectName\":\"电梯类别\"},\"categorySubjectId\":100,\"categoryName\":\"住宅客梯\"}],\"total\":1,\"page\":1,\"pageSize\":10},\"msg\":\"操作成功\"}'),(451,'2020-07-30 16:08:58','2020-07-30 16:08:58',NULL,'127.0.0.1','GET','/categories/getCategoriesList',200,527530,'Mozilla/5.0 (X11; Ubuntu; Linux x86_64; rv:79.0) Gecko/20100101 Firefox/79.0','','',10,'{\"code\":0,\"data\":{\"list\":[{\"ID\":101,\"CreatedAt\":\"2020-07-30T14:39:09+08:00\",\"UpdatedAt\":\"2020-07-30T14:39:09+08:00\",\"DeletedAt\":null,\"categorySubject\":{\"ID\":100,\"CreatedAt\":\"2020-07-30T10:22:39+08:00\",\"UpdatedAt\":\"2020-07-30T16:08:56+08:00\",\"DeletedAt\":null,\"subjectName\":\"电梯用途\"},\"categorySubjectId\":100,\"categoryName\":\"住宅客梯\"}],\"total\":1,\"page\":1,\"pageSize\":10},\"msg\":\"操作成功\"}'),(452,'2020-07-30 16:09:16','2020-07-30 16:09:16',NULL,'127.0.0.1','GET','/categories/getCategoriesList',200,519913,'Mozilla/5.0 (X11; Ubuntu; Linux x86_64; rv:79.0) Gecko/20100101 Firefox/79.0','','',10,'{\"code\":0,\"data\":{\"list\":[{\"ID\":101,\"CreatedAt\":\"2020-07-30T14:39:09+08:00\",\"UpdatedAt\":\"2020-07-30T14:39:09+08:00\",\"DeletedAt\":null,\"categorySubject\":{\"ID\":100,\"CreatedAt\":\"2020-07-30T10:22:39+08:00\",\"UpdatedAt\":\"2020-07-30T16:08:56+08:00\",\"DeletedAt\":null,\"subjectName\":\"电梯用途\"},\"categorySubjectId\":100,\"categoryName\":\"住宅客梯\"}],\"total\":1,\"page\":1,\"pageSize\":10},\"msg\":\"操作成功\"}'),(453,'2020-07-30 16:10:26','2020-07-30 16:10:26',NULL,'127.0.0.1','GET','/categories/getCategoriesList',200,538661,'Mozilla/5.0 (X11; Ubuntu; Linux x86_64; rv:79.0) Gecko/20100101 Firefox/79.0','','',10,'{\"code\":0,\"data\":{\"list\":[{\"ID\":101,\"CreatedAt\":\"2020-07-30T14:39:09+08:00\",\"UpdatedAt\":\"2020-07-30T14:39:09+08:00\",\"DeletedAt\":null,\"categorySubject\":{\"ID\":100,\"CreatedAt\":\"2020-07-30T10:22:39+08:00\",\"UpdatedAt\":\"2020-07-30T16:08:56+08:00\",\"DeletedAt\":null,\"subjectName\":\"电梯用途\"},\"categorySubjectId\":100,\"categoryName\":\"住宅客梯\"}],\"total\":1,\"page\":1,\"pageSize\":10},\"msg\":\"操作成功\"}'),(454,'2020-07-30 16:10:55','2020-07-30 16:10:55',NULL,'127.0.0.1','GET','/categories/findCategories',200,399040,'Mozilla/5.0 (X11; Ubuntu; Linux x86_64; rv:79.0) Gecko/20100101 Firefox/79.0','','',10,'{\"code\":0,\"data\":{\"recategories\":{\"ID\":101,\"CreatedAt\":\"2020-07-30T14:39:09+08:00\",\"UpdatedAt\":\"2020-07-30T14:39:09+08:00\",\"DeletedAt\":null,\"categorySubject\":{\"ID\":0,\"CreatedAt\":\"0001-01-01T00:00:00Z\",\"UpdatedAt\":\"0001-01-01T00:00:00Z\",\"DeletedAt\":null,\"subjectName\":\"\"},\"categorySubjectId\":100,\"categoryName\":\"住宅客梯\"}},\"msg\":\"操作成功\"}'),(455,'2020-07-30 16:11:23','2020-07-30 16:11:23',NULL,'127.0.0.1','GET','/categories/findCategories',200,456358,'Mozilla/5.0 (X11; Ubuntu; Linux x86_64; rv:79.0) Gecko/20100101 Firefox/79.0','','',10,'{\"code\":0,\"data\":{\"recategories\":{\"ID\":101,\"CreatedAt\":\"2020-07-30T14:39:09+08:00\",\"UpdatedAt\":\"2020-07-30T14:39:09+08:00\",\"DeletedAt\":null,\"categorySubject\":{\"ID\":0,\"CreatedAt\":\"0001-01-01T00:00:00Z\",\"UpdatedAt\":\"0001-01-01T00:00:00Z\",\"DeletedAt\":null,\"subjectName\":\"\"},\"categorySubjectId\":100,\"categoryName\":\"住宅客梯\"}},\"msg\":\"操作成功\"}'),(456,'2020-07-30 16:11:28','2020-07-30 16:11:28',NULL,'127.0.0.1','GET','/categories/getCategoriesList',200,698961,'Mozilla/5.0 (X11; Ubuntu; Linux x86_64; rv:79.0) Gecko/20100101 Firefox/79.0','','',10,'{\"code\":0,\"data\":{\"list\":[{\"ID\":101,\"CreatedAt\":\"2020-07-30T14:39:09+08:00\",\"UpdatedAt\":\"2020-07-30T14:39:09+08:00\",\"DeletedAt\":null,\"categorySubject\":{\"ID\":100,\"CreatedAt\":\"2020-07-30T10:22:39+08:00\",\"UpdatedAt\":\"2020-07-30T16:08:56+08:00\",\"DeletedAt\":null,\"subjectName\":\"电梯用途\"},\"categorySubjectId\":100,\"categoryName\":\"住宅客梯\"}],\"total\":1,\"page\":1,\"pageSize\":10},\"msg\":\"操作成功\"}'),(457,'2020-07-30 16:11:30','2020-07-30 16:11:30',NULL,'127.0.0.1','GET','/categories/findCategories',200,639890,'Mozilla/5.0 (X11; Ubuntu; Linux x86_64; rv:79.0) Gecko/20100101 Firefox/79.0','','',10,'{\"code\":0,\"data\":{\"recategories\":{\"ID\":101,\"CreatedAt\":\"2020-07-30T14:39:09+08:00\",\"UpdatedAt\":\"2020-07-30T14:39:09+08:00\",\"DeletedAt\":null,\"categorySubject\":{\"ID\":0,\"CreatedAt\":\"0001-01-01T00:00:00Z\",\"UpdatedAt\":\"0001-01-01T00:00:00Z\",\"DeletedAt\":null,\"subjectName\":\"\"},\"categorySubjectId\":100,\"categoryName\":\"住宅客梯\"}},\"msg\":\"操作成功\"}'),(458,'2020-07-30 16:14:47','2020-07-30 16:14:47',NULL,'127.0.0.1','GET','/categories/getCategoriesList',200,679312,'Mozilla/5.0 (X11; Ubuntu; Linux x86_64; rv:79.0) Gecko/20100101 Firefox/79.0','','',10,'{\"code\":0,\"data\":{\"list\":[{\"ID\":101,\"CreatedAt\":\"2020-07-30T14:39:09+08:00\",\"UpdatedAt\":\"2020-07-30T14:39:09+08:00\",\"DeletedAt\":null,\"categorySubject\":{\"ID\":100,\"CreatedAt\":\"2020-07-30T10:22:39+08:00\",\"UpdatedAt\":\"2020-07-30T16:08:56+08:00\",\"DeletedAt\":null,\"subjectName\":\"电梯用途\"},\"categorySubjectId\":100,\"categoryName\":\"住宅客梯\"}],\"total\":1,\"page\":1,\"pageSize\":10},\"msg\":\"操作成功\"}'),(459,'2020-07-30 16:14:50','2020-07-30 16:14:50',NULL,'127.0.0.1','GET','/categories/findCategories',200,407367,'Mozilla/5.0 (X11; Ubuntu; Linux x86_64; rv:79.0) Gecko/20100101 Firefox/79.0','','',10,'{\"code\":0,\"data\":{\"recategories\":{\"ID\":101,\"CreatedAt\":\"2020-07-30T14:39:09+08:00\",\"UpdatedAt\":\"2020-07-30T14:39:09+08:00\",\"DeletedAt\":null,\"categorySubject\":{\"ID\":0,\"CreatedAt\":\"0001-01-01T00:00:00Z\",\"UpdatedAt\":\"0001-01-01T00:00:00Z\",\"DeletedAt\":null,\"subjectName\":\"\"},\"categorySubjectId\":100,\"categoryName\":\"住宅客梯\"}},\"msg\":\"操作成功\"}'),(460,'2020-07-30 16:16:25','2020-07-30 16:16:25',NULL,'127.0.0.1','GET','/categories/getCategoriesList',200,566044,'Mozilla/5.0 (X11; Ubuntu; Linux x86_64; rv:79.0) Gecko/20100101 Firefox/79.0','','',10,'{\"code\":0,\"data\":{\"list\":[{\"ID\":101,\"CreatedAt\":\"2020-07-30T14:39:09+08:00\",\"UpdatedAt\":\"2020-07-30T14:39:09+08:00\",\"DeletedAt\":null,\"categorySubject\":{\"ID\":100,\"CreatedAt\":\"2020-07-30T10:22:39+08:00\",\"UpdatedAt\":\"2020-07-30T16:08:56+08:00\",\"DeletedAt\":null,\"subjectName\":\"电梯用途\"},\"categorySubjectId\":100,\"categoryName\":\"住宅客梯\"}],\"total\":1,\"page\":1,\"pageSize\":10},\"msg\":\"操作成功\"}'),(461,'2020-07-30 16:16:29','2020-07-30 16:16:29',NULL,'127.0.0.1','GET','/categories/findCategories',200,715186,'Mozilla/5.0 (X11; Ubuntu; Linux x86_64; rv:79.0) Gecko/20100101 Firefox/79.0','','',10,'{\"code\":0,\"data\":{\"recategories\":{\"ID\":101,\"CreatedAt\":\"2020-07-30T14:39:09+08:00\",\"UpdatedAt\":\"2020-07-30T14:39:09+08:00\",\"DeletedAt\":null,\"categorySubject\":{\"ID\":0,\"CreatedAt\":\"0001-01-01T00:00:00Z\",\"UpdatedAt\":\"0001-01-01T00:00:00Z\",\"DeletedAt\":null,\"subjectName\":\"\"},\"categorySubjectId\":100,\"categoryName\":\"住宅客梯\"}},\"msg\":\"操作成功\"}'),(462,'2020-07-30 16:18:28','2020-07-30 16:18:28',NULL,'127.0.0.1','GET','/categories/getCategoriesList',200,521526,'Mozilla/5.0 (X11; Ubuntu; Linux x86_64; rv:79.0) Gecko/20100101 Firefox/79.0','','',10,'{\"code\":0,\"data\":{\"list\":[{\"ID\":101,\"CreatedAt\":\"2020-07-30T14:39:09+08:00\",\"UpdatedAt\":\"2020-07-30T14:39:09+08:00\",\"DeletedAt\":null,\"categorySubject\":{\"ID\":100,\"CreatedAt\":\"2020-07-30T10:22:39+08:00\",\"UpdatedAt\":\"2020-07-30T16:08:56+08:00\",\"DeletedAt\":null,\"subjectName\":\"电梯用途\"},\"categorySubjectId\":100,\"categoryName\":\"住宅客梯\"}],\"total\":1,\"page\":1,\"pageSize\":10},\"msg\":\"操作成功\"}'),(463,'2020-07-30 16:18:40','2020-07-30 16:18:40',NULL,'127.0.0.1','GET','/categories/getCategoriesList',200,660150,'Mozilla/5.0 (X11; Ubuntu; Linux x86_64; rv:79.0) Gecko/20100101 Firefox/79.0','','',10,'{\"code\":0,\"data\":{\"list\":[{\"ID\":101,\"CreatedAt\":\"2020-07-30T14:39:09+08:00\",\"UpdatedAt\":\"2020-07-30T14:39:09+08:00\",\"DeletedAt\":null,\"categorySubject\":{\"ID\":100,\"CreatedAt\":\"2020-07-30T10:22:39+08:00\",\"UpdatedAt\":\"2020-07-30T16:08:56+08:00\",\"DeletedAt\":null,\"subjectName\":\"电梯用途\"},\"categorySubjectId\":100,\"categoryName\":\"住宅客梯\"}],\"total\":1,\"page\":1,\"pageSize\":10},\"msg\":\"操作成功\"}'),(464,'2020-07-30 16:18:44','2020-07-30 16:18:44',NULL,'127.0.0.1','GET','/categories/getCategoriesList',200,564374,'Mozilla/5.0 (X11; Ubuntu; Linux x86_64; rv:79.0) Gecko/20100101 Firefox/79.0','','',10,'{\"code\":0,\"data\":{\"list\":[{\"ID\":101,\"CreatedAt\":\"2020-07-30T14:39:09+08:00\",\"UpdatedAt\":\"2020-07-30T14:39:09+08:00\",\"DeletedAt\":null,\"categorySubject\":{\"ID\":100,\"CreatedAt\":\"2020-07-30T10:22:39+08:00\",\"UpdatedAt\":\"2020-07-30T16:08:56+08:00\",\"DeletedAt\":null,\"subjectName\":\"电梯用途\"},\"categorySubjectId\":100,\"categoryName\":\"住宅客梯\"}],\"total\":1,\"page\":1,\"pageSize\":10},\"msg\":\"操作成功\"}'),(465,'2020-07-30 16:23:13','2020-07-30 16:23:13',NULL,'127.0.0.1','GET','/categories/findCategories',200,329075,'Mozilla/5.0 (X11; Ubuntu; Linux x86_64; rv:79.0) Gecko/20100101 Firefox/79.0','','',10,'{\"code\":0,\"data\":{\"recategories\":{\"ID\":101,\"CreatedAt\":\"2020-07-30T14:39:09+08:00\",\"UpdatedAt\":\"2020-07-30T14:39:09+08:00\",\"DeletedAt\":null,\"categorySubject\":{\"ID\":0,\"CreatedAt\":\"0001-01-01T00:00:00Z\",\"UpdatedAt\":\"0001-01-01T00:00:00Z\",\"DeletedAt\":null,\"subjectName\":\"\"},\"categorySubjectId\":100,\"categoryName\":\"住宅客梯\"}},\"msg\":\"操作成功\"}'),(466,'2020-07-30 16:26:53','2020-07-30 16:26:53',NULL,'127.0.0.1','GET','/categories/getCategoriesList',200,529416,'Mozilla/5.0 (X11; Ubuntu; Linux x86_64; rv:79.0) Gecko/20100101 Firefox/79.0','','',10,'{\"code\":0,\"data\":{\"list\":[{\"ID\":101,\"CreatedAt\":\"2020-07-30T14:39:09+08:00\",\"UpdatedAt\":\"2020-07-30T14:39:09+08:00\",\"DeletedAt\":null,\"categorySubject\":{\"ID\":100,\"CreatedAt\":\"2020-07-30T10:22:39+08:00\",\"UpdatedAt\":\"2020-07-30T16:08:56+08:00\",\"DeletedAt\":null,\"subjectName\":\"电梯用途\"},\"categorySubjectId\":100,\"categoryName\":\"住宅客梯\"}],\"total\":1,\"page\":1,\"pageSize\":10},\"msg\":\"操作成功\"}'),(467,'2020-07-30 16:32:12','2020-07-30 16:32:12',NULL,'127.0.0.1','GET','/categories/getCategoriesList',200,741826,'Mozilla/5.0 (X11; Ubuntu; Linux x86_64; rv:79.0) Gecko/20100101 Firefox/79.0','','',10,'{\"code\":0,\"data\":{\"list\":[{\"ID\":101,\"CreatedAt\":\"2020-07-30T14:39:09+08:00\",\"UpdatedAt\":\"2020-07-30T14:39:09+08:00\",\"DeletedAt\":null,\"categorySubject\":{\"ID\":100,\"CreatedAt\":\"2020-07-30T10:22:39+08:00\",\"UpdatedAt\":\"2020-07-30T16:08:56+08:00\",\"DeletedAt\":null,\"subjectName\":\"电梯用途\"},\"categorySubjectId\":100,\"categoryName\":\"住宅客梯\"}],\"total\":1,\"page\":1,\"pageSize\":10},\"msg\":\"操作成功\"}'),(468,'2020-07-30 16:32:27','2020-07-30 16:32:27',NULL,'127.0.0.1','GET','/categories/getCategoriesList',200,626158,'Mozilla/5.0 (X11; Ubuntu; Linux x86_64; rv:79.0) Gecko/20100101 Firefox/79.0','','',10,'{\"code\":0,\"data\":{\"list\":[{\"ID\":101,\"CreatedAt\":\"2020-07-30T14:39:09+08:00\",\"UpdatedAt\":\"2020-07-30T14:39:09+08:00\",\"DeletedAt\":null,\"categorySubject\":{\"ID\":100,\"CreatedAt\":\"2020-07-30T10:22:39+08:00\",\"UpdatedAt\":\"2020-07-30T16:08:56+08:00\",\"DeletedAt\":null,\"subjectName\":\"电梯用途\"},\"categorySubjectId\":100,\"categoryName\":\"住宅客梯\"}],\"total\":1,\"page\":1,\"pageSize\":10},\"msg\":\"操作成功\"}'),(469,'2020-07-30 16:33:54','2020-07-30 16:33:54',NULL,'127.0.0.1','GET','/categories/getCategoriesList',200,575615,'Mozilla/5.0 (X11; Ubuntu; Linux x86_64; rv:79.0) Gecko/20100101 Firefox/79.0','','',10,'{\"code\":0,\"data\":{\"list\":[{\"ID\":101,\"CreatedAt\":\"2020-07-30T14:39:09+08:00\",\"UpdatedAt\":\"2020-07-30T14:39:09+08:00\",\"DeletedAt\":null,\"categorySubject\":{\"ID\":100,\"CreatedAt\":\"2020-07-30T10:22:39+08:00\",\"UpdatedAt\":\"2020-07-30T16:08:56+08:00\",\"DeletedAt\":null,\"subjectName\":\"电梯用途\"},\"categorySubjectId\":100,\"categoryName\":\"住宅客梯\"}],\"total\":1,\"page\":1,\"pageSize\":10},\"msg\":\"操作成功\"}'),(470,'2020-07-30 16:35:05','2020-07-30 16:35:05',NULL,'127.0.0.1','GET','/categories/findCategories',200,727249,'Mozilla/5.0 (X11; Ubuntu; Linux x86_64; rv:79.0) Gecko/20100101 Firefox/79.0','','',10,'{\"code\":0,\"data\":{\"recategories\":{\"ID\":101,\"CreatedAt\":\"2020-07-30T14:39:09+08:00\",\"UpdatedAt\":\"2020-07-30T14:39:09+08:00\",\"DeletedAt\":null,\"categorySubject\":{\"ID\":100,\"CreatedAt\":\"2020-07-30T10:22:39+08:00\",\"UpdatedAt\":\"2020-07-30T16:08:56+08:00\",\"DeletedAt\":null,\"subjectName\":\"电梯用途\"},\"categorySubjectId\":100,\"categoryName\":\"住宅客梯\"}},\"msg\":\"操作成功\"}'),(471,'2020-07-30 16:35:34','2020-07-30 16:35:34',NULL,'127.0.0.1','GET','/categories/getCategoriesList',200,705285,'Mozilla/5.0 (X11; Ubuntu; Linux x86_64; rv:79.0) Gecko/20100101 Firefox/79.0','','',10,'{\"code\":0,\"data\":{\"list\":[{\"ID\":101,\"CreatedAt\":\"2020-07-30T14:39:09+08:00\",\"UpdatedAt\":\"2020-07-30T14:39:09+08:00\",\"DeletedAt\":null,\"categorySubject\":{\"ID\":100,\"CreatedAt\":\"2020-07-30T10:22:39+08:00\",\"UpdatedAt\":\"2020-07-30T16:08:56+08:00\",\"DeletedAt\":null,\"subjectName\":\"电梯用途\"},\"categorySubjectId\":100,\"categoryName\":\"住宅客梯\"}],\"total\":1,\"page\":1,\"pageSize\":10},\"msg\":\"操作成功\"}'),(472,'2020-07-30 16:35:41','2020-07-30 16:35:41',NULL,'127.0.0.1','GET','/categories/getCategoriesList',200,800490,'Mozilla/5.0 (X11; Ubuntu; Linux x86_64; rv:79.0) Gecko/20100101 Firefox/79.0','','',10,'{\"code\":0,\"data\":{\"list\":[{\"ID\":101,\"CreatedAt\":\"2020-07-30T14:39:09+08:00\",\"UpdatedAt\":\"2020-07-30T14:39:09+08:00\",\"DeletedAt\":null,\"categorySubject\":{\"ID\":100,\"CreatedAt\":\"2020-07-30T10:22:39+08:00\",\"UpdatedAt\":\"2020-07-30T16:08:56+08:00\",\"DeletedAt\":null,\"subjectName\":\"电梯用途\"},\"categorySubjectId\":100,\"categoryName\":\"住宅客梯\"}],\"total\":1,\"page\":1,\"pageSize\":10},\"msg\":\"操作成功\"}'),(473,'2020-07-30 16:52:01','2020-07-30 16:52:01',NULL,'127.0.0.1','GET','/categories/getCategoriesList',200,618034,'Mozilla/5.0 (X11; Ubuntu; Linux x86_64; rv:79.0) Gecko/20100101 Firefox/79.0','','',10,'{\"code\":0,\"data\":{\"list\":[{\"ID\":101,\"CreatedAt\":\"2020-07-30T14:39:09+08:00\",\"UpdatedAt\":\"2020-07-30T14:39:09+08:00\",\"DeletedAt\":null,\"categorySubject\":{\"ID\":100,\"CreatedAt\":\"2020-07-30T10:22:39+08:00\",\"UpdatedAt\":\"2020-07-30T16:08:56+08:00\",\"DeletedAt\":null,\"subjectName\":\"电梯用途\"},\"categorySubjectId\":100,\"categoryName\":\"住宅客梯\"}],\"total\":1,\"page\":1,\"pageSize\":10},\"msg\":\"操作成功\"}'),(474,'2020-07-30 16:54:26','2020-07-30 16:54:26',NULL,'127.0.0.1','GET','/categories/getCategoriesList',200,592211,'Mozilla/5.0 (X11; Ubuntu; Linux x86_64; rv:79.0) Gecko/20100101 Firefox/79.0','','',10,'{\"code\":0,\"data\":{\"list\":[{\"ID\":101,\"CreatedAt\":\"2020-07-30T14:39:09+08:00\",\"UpdatedAt\":\"2020-07-30T14:39:09+08:00\",\"DeletedAt\":null,\"categorySubject\":{\"ID\":100,\"CreatedAt\":\"2020-07-30T10:22:39+08:00\",\"UpdatedAt\":\"2020-07-30T16:08:56+08:00\",\"DeletedAt\":null,\"subjectName\":\"电梯用途\"},\"categorySubjectId\":100,\"categoryName\":\"住宅客梯\"}],\"total\":1,\"page\":1,\"pageSize\":10},\"msg\":\"操作成功\"}'),(475,'2020-07-30 16:54:28','2020-07-30 16:54:28',NULL,'127.0.0.1','GET','/categories/getCategoriesList',200,938974,'Mozilla/5.0 (X11; Ubuntu; Linux x86_64; rv:79.0) Gecko/20100101 Firefox/79.0','','',10,'{\"code\":0,\"data\":{\"list\":[{\"ID\":101,\"CreatedAt\":\"2020-07-30T14:39:09+08:00\",\"UpdatedAt\":\"2020-07-30T14:39:09+08:00\",\"DeletedAt\":null,\"categorySubject\":{\"ID\":100,\"CreatedAt\":\"2020-07-30T10:22:39+08:00\",\"UpdatedAt\":\"2020-07-30T16:08:56+08:00\",\"DeletedAt\":null,\"subjectName\":\"电梯用途\"},\"categorySubjectId\":100,\"categoryName\":\"住宅客梯\"}],\"total\":1,\"page\":1,\"pageSize\":10},\"msg\":\"操作成功\"}'),(476,'2020-07-30 16:55:18','2020-07-30 16:55:18',NULL,'127.0.0.1','GET','/categories/getCategoriesList',200,594591,'Mozilla/5.0 (X11; Ubuntu; Linux x86_64; rv:79.0) Gecko/20100101 Firefox/79.0','','',10,'{\"code\":0,\"data\":{\"list\":[{\"ID\":101,\"CreatedAt\":\"2020-07-30T14:39:09+08:00\",\"UpdatedAt\":\"2020-07-30T14:39:09+08:00\",\"DeletedAt\":null,\"categorySubject\":{\"ID\":100,\"CreatedAt\":\"2020-07-30T10:22:39+08:00\",\"UpdatedAt\":\"2020-07-30T16:08:56+08:00\",\"DeletedAt\":null,\"subjectName\":\"电梯用途\"},\"categorySubjectId\":100,\"categoryName\":\"住宅客梯\"}],\"total\":1,\"page\":1,\"pageSize\":10},\"msg\":\"操作成功\"}'),(477,'2020-07-30 16:55:55','2020-07-30 16:55:55',NULL,'127.0.0.1','GET','/categories/getCategoriesList',200,498165,'Mozilla/5.0 (X11; Ubuntu; Linux x86_64; rv:79.0) Gecko/20100101 Firefox/79.0','','',10,'{\"code\":0,\"data\":{\"list\":[{\"ID\":101,\"CreatedAt\":\"2020-07-30T14:39:09+08:00\",\"UpdatedAt\":\"2020-07-30T14:39:09+08:00\",\"DeletedAt\":null,\"categorySubject\":{\"ID\":100,\"CreatedAt\":\"2020-07-30T10:22:39+08:00\",\"UpdatedAt\":\"2020-07-30T16:08:56+08:00\",\"DeletedAt\":null,\"subjectName\":\"电梯用途\"},\"categorySubjectId\":100,\"categoryName\":\"住宅客梯\"}],\"total\":1,\"page\":1,\"pageSize\":10},\"msg\":\"操作成功\"}'),(478,'2020-07-30 16:56:16','2020-07-30 16:56:16',NULL,'127.0.0.1','GET','/categories/getCategoriesList',200,679438,'Mozilla/5.0 (X11; Ubuntu; Linux x86_64; rv:79.0) Gecko/20100101 Firefox/79.0','','',10,'{\"code\":0,\"data\":{\"list\":[{\"ID\":101,\"CreatedAt\":\"2020-07-30T14:39:09+08:00\",\"UpdatedAt\":\"2020-07-30T14:39:09+08:00\",\"DeletedAt\":null,\"categorySubject\":{\"ID\":100,\"CreatedAt\":\"2020-07-30T10:22:39+08:00\",\"UpdatedAt\":\"2020-07-30T16:08:56+08:00\",\"DeletedAt\":null,\"subjectName\":\"电梯用途\"},\"categorySubjectId\":100,\"categoryName\":\"住宅客梯\"}],\"total\":1,\"page\":1,\"pageSize\":10},\"msg\":\"操作成功\"}'),(479,'2020-07-30 16:57:06','2020-07-30 16:57:06',NULL,'127.0.0.1','GET','/categories/getCategoriesList',200,777479,'Mozilla/5.0 (X11; Ubuntu; Linux x86_64; rv:79.0) Gecko/20100101 Firefox/79.0','','',10,'{\"code\":0,\"data\":{\"list\":[{\"ID\":101,\"CreatedAt\":\"2020-07-30T14:39:09+08:00\",\"UpdatedAt\":\"2020-07-30T14:39:09+08:00\",\"DeletedAt\":null,\"categorySubject\":{\"ID\":100,\"CreatedAt\":\"2020-07-30T10:22:39+08:00\",\"UpdatedAt\":\"2020-07-30T16:08:56+08:00\",\"DeletedAt\":null,\"subjectName\":\"电梯用途\"},\"categorySubjectId\":100,\"categoryName\":\"住宅客梯\"}],\"total\":1,\"page\":1,\"pageSize\":10},\"msg\":\"操作成功\"}'),(480,'2020-07-30 16:57:52','2020-07-30 16:57:52',NULL,'127.0.0.1','GET','/categories/getCategoriesList',200,649141,'Mozilla/5.0 (X11; Ubuntu; Linux x86_64; rv:79.0) Gecko/20100101 Firefox/79.0','','',10,'{\"code\":0,\"data\":{\"list\":[{\"ID\":101,\"CreatedAt\":\"2020-07-30T14:39:09+08:00\",\"UpdatedAt\":\"2020-07-30T14:39:09+08:00\",\"DeletedAt\":null,\"categorySubject\":{\"ID\":100,\"CreatedAt\":\"2020-07-30T10:22:39+08:00\",\"UpdatedAt\":\"2020-07-30T16:08:56+08:00\",\"DeletedAt\":null,\"subjectName\":\"电梯用途\"},\"categorySubjectId\":100,\"categoryName\":\"住宅客梯\"}],\"total\":1,\"page\":1,\"pageSize\":10},\"msg\":\"操作成功\"}'),(481,'2020-07-30 16:58:24','2020-07-30 16:58:24',NULL,'127.0.0.1','GET','/categories/getCategoriesList',200,763390,'Mozilla/5.0 (X11; Ubuntu; Linux x86_64; rv:79.0) Gecko/20100101 Firefox/79.0','','',10,'{\"code\":0,\"data\":{\"list\":[{\"ID\":101,\"CreatedAt\":\"2020-07-30T14:39:09+08:00\",\"UpdatedAt\":\"2020-07-30T14:39:09+08:00\",\"DeletedAt\":null,\"categorySubject\":{\"ID\":100,\"CreatedAt\":\"2020-07-30T10:22:39+08:00\",\"UpdatedAt\":\"2020-07-30T16:08:56+08:00\",\"DeletedAt\":null,\"subjectName\":\"电梯用途\"},\"categorySubjectId\":100,\"categoryName\":\"住宅客梯\"}],\"total\":1,\"page\":1,\"pageSize\":10},\"msg\":\"操作成功\"}'),(482,'2020-07-30 17:00:19','2020-07-30 17:00:19',NULL,'127.0.0.1','GET','/categories/findCategories',200,1418297,'Mozilla/5.0 (X11; Ubuntu; Linux x86_64; rv:79.0) Gecko/20100101 Firefox/79.0','','',10,'{\"code\":0,\"data\":{\"recategories\":{\"ID\":101,\"CreatedAt\":\"2020-07-30T14:39:09+08:00\",\"UpdatedAt\":\"2020-07-30T14:39:09+08:00\",\"DeletedAt\":null,\"categorySubject\":{\"ID\":100,\"CreatedAt\":\"2020-07-30T10:22:39+08:00\",\"UpdatedAt\":\"2020-07-30T16:08:56+08:00\",\"DeletedAt\":null,\"subjectName\":\"电梯用途\"},\"categorySubjectId\":100,\"categoryName\":\"住宅客梯\"}},\"msg\":\"操作成功\"}'),(483,'2020-07-30 17:00:26','2020-07-30 17:00:26',NULL,'127.0.0.1','GET','/categories/getCategoriesList',200,765897,'Mozilla/5.0 (X11; Ubuntu; Linux x86_64; rv:79.0) Gecko/20100101 Firefox/79.0','','',10,'{\"code\":0,\"data\":{\"list\":[{\"ID\":101,\"CreatedAt\":\"2020-07-30T14:39:09+08:00\",\"UpdatedAt\":\"2020-07-30T14:39:09+08:00\",\"DeletedAt\":null,\"categorySubject\":{\"ID\":100,\"CreatedAt\":\"2020-07-30T10:22:39+08:00\",\"UpdatedAt\":\"2020-07-30T16:08:56+08:00\",\"DeletedAt\":null,\"subjectName\":\"电梯用途\"},\"categorySubjectId\":100,\"categoryName\":\"住宅客梯\"}],\"total\":1,\"page\":1,\"pageSize\":10},\"msg\":\"操作成功\"}'),(484,'2020-07-30 17:04:19','2020-07-30 17:04:19',NULL,'127.0.0.1','GET','/categories/getCategoriesList',200,638618,'Mozilla/5.0 (X11; Ubuntu; Linux x86_64; rv:79.0) Gecko/20100101 Firefox/79.0','','',10,'{\"code\":0,\"data\":{\"list\":[{\"ID\":101,\"CreatedAt\":\"2020-07-30T14:39:09+08:00\",\"UpdatedAt\":\"2020-07-30T14:39:09+08:00\",\"DeletedAt\":null,\"categorySubject\":{\"ID\":100,\"CreatedAt\":\"2020-07-30T10:22:39+08:00\",\"UpdatedAt\":\"2020-07-30T16:08:56+08:00\",\"DeletedAt\":null,\"subjectName\":\"电梯用途\"},\"categorySubjectId\":100,\"categoryName\":\"住宅客梯\"}],\"total\":1,\"page\":1,\"pageSize\":10},\"msg\":\"操作成功\"}'),(485,'2020-07-30 17:05:44','2020-07-30 17:05:44',NULL,'127.0.0.1','POST','/categories/createCategories',200,75484448,'Mozilla/5.0 (X11; Ubuntu; Linux x86_64; rv:79.0) Gecko/20100101 Firefox/79.0','','{\"categorySubjectId\":100,\"categoryName\":\"住宅货梯\"}',10,'{\"code\":0,\"data\":{},\"msg\":\"创建成功\"}'),(486,'2020-07-30 17:05:44','2020-07-30 17:05:44',NULL,'127.0.0.1','GET','/categories/getCategoriesList',200,676198,'Mozilla/5.0 (X11; Ubuntu; Linux x86_64; rv:79.0) Gecko/20100101 Firefox/79.0','','',10,'{\"code\":0,\"data\":{\"list\":[{\"ID\":101,\"CreatedAt\":\"2020-07-30T14:39:09+08:00\",\"UpdatedAt\":\"2020-07-30T14:39:09+08:00\",\"DeletedAt\":null,\"categorySubject\":{\"ID\":100,\"CreatedAt\":\"2020-07-30T10:22:39+08:00\",\"UpdatedAt\":\"2020-07-30T16:08:56+08:00\",\"DeletedAt\":null,\"subjectName\":\"电梯用途\"},\"categorySubjectId\":100,\"categoryName\":\"住宅客梯\"},{\"ID\":102,\"CreatedAt\":\"2020-07-30T17:05:44+08:00\",\"UpdatedAt\":\"2020-07-30T17:05:44+08:00\",\"DeletedAt\":null,\"categorySubject\":{\"ID\":100,\"CreatedAt\":\"2020-07-30T10:22:39+08:00\",\"UpdatedAt\":\"2020-07-30T16:08:56+08:00\",\"DeletedAt\":null,\"subjectName\":\"电梯用途\"},\"categorySubjectId\":100,\"categoryName\":\"住宅货梯\"}],\"total\":2,\"page\":1,\"pageSize\":10},\"msg\":\"操作成功\"}'),(487,'2020-07-30 17:06:15','2020-07-30 17:06:15',NULL,'127.0.0.1','POST','/categories/createCategories',200,60778839,'Mozilla/5.0 (X11; Ubuntu; Linux x86_64; rv:79.0) Gecko/20100101 Firefox/79.0','','{\"categorySubjectId\":100,\"categoryName\":\"住宅扶梯\"}',10,'{\"code\":0,\"data\":{},\"msg\":\"创建成功\"}'),(488,'2020-07-30 17:06:15','2020-07-30 17:06:15',NULL,'127.0.0.1','GET','/categories/getCategoriesList',200,856572,'Mozilla/5.0 (X11; Ubuntu; Linux x86_64; rv:79.0) Gecko/20100101 Firefox/79.0','','',10,'{\"code\":0,\"data\":{\"list\":[{\"ID\":101,\"CreatedAt\":\"2020-07-30T14:39:09+08:00\",\"UpdatedAt\":\"2020-07-30T14:39:09+08:00\",\"DeletedAt\":null,\"categorySubject\":{\"ID\":100,\"CreatedAt\":\"2020-07-30T10:22:39+08:00\",\"UpdatedAt\":\"2020-07-30T16:08:56+08:00\",\"DeletedAt\":null,\"subjectName\":\"电梯用途\"},\"categorySubjectId\":100,\"categoryName\":\"住宅客梯\"},{\"ID\":102,\"CreatedAt\":\"2020-07-30T17:05:44+08:00\",\"UpdatedAt\":\"2020-07-30T17:05:44+08:00\",\"DeletedAt\":null,\"categorySubject\":{\"ID\":100,\"CreatedAt\":\"2020-07-30T10:22:39+08:00\",\"UpdatedAt\":\"2020-07-30T16:08:56+08:00\",\"DeletedAt\":null,\"subjectName\":\"电梯用途\"},\"categorySubjectId\":100,\"categoryName\":\"住宅货梯\"},{\"ID\":103,\"CreatedAt\":\"2020-07-30T17:06:15+08:00\",\"UpdatedAt\":\"2020-07-30T17:06:15+08:00\",\"DeletedAt\":null,\"categorySubject\":{\"ID\":100,\"CreatedAt\":\"2020-07-30T10:22:39+08:00\",\"UpdatedAt\":\"2020-07-30T16:08:56+08:00\",\"DeletedAt\":null,\"subjectName\":\"电梯用途\"},\"categorySubjectId\":100,\"categoryName\":\"住宅扶梯\"}],\"total\":3,\"page\":1,\"pageSize\":10},\"msg\":\"操作成功\"}'),(489,'2020-07-30 17:06:57','2020-07-30 17:06:57',NULL,'127.0.0.1','POST','/categories/createCategories',200,48574122,'Mozilla/5.0 (X11; Ubuntu; Linux x86_64; rv:79.0) Gecko/20100101 Firefox/79.0','','{\"categorySubjectId\":100,\"categoryName\":\"商场客梯\"}',10,'{\"code\":0,\"data\":{},\"msg\":\"创建成功\"}'),(490,'2020-07-30 17:06:57','2020-07-30 17:06:57',NULL,'127.0.0.1','GET','/categories/getCategoriesList',200,557433,'Mozilla/5.0 (X11; Ubuntu; Linux x86_64; rv:79.0) Gecko/20100101 Firefox/79.0','','',10,'{\"code\":0,\"data\":{\"list\":[{\"ID\":101,\"CreatedAt\":\"2020-07-30T14:39:09+08:00\",\"UpdatedAt\":\"2020-07-30T14:39:09+08:00\",\"DeletedAt\":null,\"categorySubject\":{\"ID\":100,\"CreatedAt\":\"2020-07-30T10:22:39+08:00\",\"UpdatedAt\":\"2020-07-30T16:08:56+08:00\",\"DeletedAt\":null,\"subjectName\":\"电梯用途\"},\"categorySubjectId\":100,\"categoryName\":\"住宅客梯\"},{\"ID\":102,\"CreatedAt\":\"2020-07-30T17:05:44+08:00\",\"UpdatedAt\":\"2020-07-30T17:05:44+08:00\",\"DeletedAt\":null,\"categorySubject\":{\"ID\":100,\"CreatedAt\":\"2020-07-30T10:22:39+08:00\",\"UpdatedAt\":\"2020-07-30T16:08:56+08:00\",\"DeletedAt\":null,\"subjectName\":\"电梯用途\"},\"categorySubjectId\":100,\"categoryName\":\"住宅货梯\"},{\"ID\":103,\"CreatedAt\":\"2020-07-30T17:06:15+08:00\",\"UpdatedAt\":\"2020-07-30T17:06:15+08:00\",\"DeletedAt\":null,\"categorySubject\":{\"ID\":100,\"CreatedAt\":\"2020-07-30T10:22:39+08:00\",\"UpdatedAt\":\"2020-07-30T16:08:56+08:00\",\"DeletedAt\":null,\"subjectName\":\"电梯用途\"},\"categorySubjectId\":100,\"categoryName\":\"住宅扶梯\"},{\"ID\":104,\"CreatedAt\":\"2020-07-30T17:06:57+08:00\",\"UpdatedAt\":\"2020-07-30T17:06:57+08:00\",\"DeletedAt\":null,\"categorySubject\":{\"ID\":100,\"CreatedAt\":\"2020-07-30T10:22:39+08:00\",\"UpdatedAt\":\"2020-07-30T16:08:56+08:00\",\"DeletedAt\":null,\"subjectName\":\"电梯用途\"},\"categorySubjectId\":100,\"categoryName\":\"商场客梯\"}],\"total\":4,\"page\":1,\"pageSize\":10},\"msg\":\"操作成功\"}'),(491,'2020-07-30 17:07:06','2020-07-30 17:07:06',NULL,'127.0.0.1','POST','/categories/createCategories',200,141268478,'Mozilla/5.0 (X11; Ubuntu; Linux x86_64; rv:79.0) Gecko/20100101 Firefox/79.0','','{\"categorySubjectId\":100,\"categoryName\":\"商场货梯\"}',10,'{\"code\":0,\"data\":{},\"msg\":\"创建成功\"}'),(492,'2020-07-30 17:07:06','2020-07-30 17:07:06',NULL,'127.0.0.1','GET','/categories/getCategoriesList',200,672549,'Mozilla/5.0 (X11; Ubuntu; Linux x86_64; rv:79.0) Gecko/20100101 Firefox/79.0','','',10,'{\"code\":0,\"data\":{\"list\":[{\"ID\":101,\"CreatedAt\":\"2020-07-30T14:39:09+08:00\",\"UpdatedAt\":\"2020-07-30T14:39:09+08:00\",\"DeletedAt\":null,\"categorySubject\":{\"ID\":100,\"CreatedAt\":\"2020-07-30T10:22:39+08:00\",\"UpdatedAt\":\"2020-07-30T16:08:56+08:00\",\"DeletedAt\":null,\"subjectName\":\"电梯用途\"},\"categorySubjectId\":100,\"categoryName\":\"住宅客梯\"},{\"ID\":102,\"CreatedAt\":\"2020-07-30T17:05:44+08:00\",\"UpdatedAt\":\"2020-07-30T17:05:44+08:00\",\"DeletedAt\":null,\"categorySubject\":{\"ID\":100,\"CreatedAt\":\"2020-07-30T10:22:39+08:00\",\"UpdatedAt\":\"2020-07-30T16:08:56+08:00\",\"DeletedAt\":null,\"subjectName\":\"电梯用途\"},\"categorySubjectId\":100,\"categoryName\":\"住宅货梯\"},{\"ID\":103,\"CreatedAt\":\"2020-07-30T17:06:15+08:00\",\"UpdatedAt\":\"2020-07-30T17:06:15+08:00\",\"DeletedAt\":null,\"categorySubject\":{\"ID\":100,\"CreatedAt\":\"2020-07-30T10:22:39+08:00\",\"UpdatedAt\":\"2020-07-30T16:08:56+08:00\",\"DeletedAt\":null,\"subjectName\":\"电梯用途\"},\"categorySubjectId\":100,\"categoryName\":\"住宅扶梯\"},{\"ID\":104,\"CreatedAt\":\"2020-07-30T17:06:57+08:00\",\"UpdatedAt\":\"2020-07-30T17:06:57+08:00\",\"DeletedAt\":null,\"categorySubject\":{\"ID\":100,\"CreatedAt\":\"2020-07-30T10:22:39+08:00\",\"UpdatedAt\":\"2020-07-30T16:08:56+08:00\",\"DeletedAt\":null,\"subjectName\":\"电梯用途\"},\"categorySubjectId\":100,\"categoryName\":\"商场客梯\"},{\"ID\":105,\"CreatedAt\":\"2020-07-30T17:07:06+08:00\",\"UpdatedAt\":\"2020-07-30T17:07:06+08:00\",\"DeletedAt\":null,\"categorySubject\":{\"ID\":100,\"CreatedAt\":\"2020-07-30T10:22:39+08:00\",\"UpdatedAt\":\"2020-07-30T16:08:56+08:00\",\"DeletedAt\":null,\"subjectName\":\"电梯用途\"},\"categorySubjectId\":100,\"categoryName\":\"商场货梯\"}],\"total\":5,\"page\":1,\"pageSize\":10},\"msg\":\"操作成功\"}'),(493,'2020-07-30 17:07:19','2020-07-30 17:07:19',NULL,'127.0.0.1','POST','/categories/createCategories',200,47369202,'Mozilla/5.0 (X11; Ubuntu; Linux x86_64; rv:79.0) Gecko/20100101 Firefox/79.0','','{\"categorySubjectId\":100,\"categoryName\":\"商场扶梯\"}',10,'{\"code\":0,\"data\":{},\"msg\":\"创建成功\"}'),(494,'2020-07-30 17:07:19','2020-07-30 17:07:19',NULL,'127.0.0.1','GET','/categories/getCategoriesList',200,756353,'Mozilla/5.0 (X11; Ubuntu; Linux x86_64; rv:79.0) Gecko/20100101 Firefox/79.0','','',10,'{\"code\":0,\"data\":{\"list\":[{\"ID\":101,\"CreatedAt\":\"2020-07-30T14:39:09+08:00\",\"UpdatedAt\":\"2020-07-30T14:39:09+08:00\",\"DeletedAt\":null,\"categorySubject\":{\"ID\":100,\"CreatedAt\":\"2020-07-30T10:22:39+08:00\",\"UpdatedAt\":\"2020-07-30T16:08:56+08:00\",\"DeletedAt\":null,\"subjectName\":\"电梯用途\"},\"categorySubjectId\":100,\"categoryName\":\"住宅客梯\"},{\"ID\":102,\"CreatedAt\":\"2020-07-30T17:05:44+08:00\",\"UpdatedAt\":\"2020-07-30T17:05:44+08:00\",\"DeletedAt\":null,\"categorySubject\":{\"ID\":100,\"CreatedAt\":\"2020-07-30T10:22:39+08:00\",\"UpdatedAt\":\"2020-07-30T16:08:56+08:00\",\"DeletedAt\":null,\"subjectName\":\"电梯用途\"},\"categorySubjectId\":100,\"categoryName\":\"住宅货梯\"},{\"ID\":103,\"CreatedAt\":\"2020-07-30T17:06:15+08:00\",\"UpdatedAt\":\"2020-07-30T17:06:15+08:00\",\"DeletedAt\":null,\"categorySubject\":{\"ID\":100,\"CreatedAt\":\"2020-07-30T10:22:39+08:00\",\"UpdatedAt\":\"2020-07-30T16:08:56+08:00\",\"DeletedAt\":null,\"subjectName\":\"电梯用途\"},\"categorySubjectId\":100,\"categoryName\":\"住宅扶梯\"},{\"ID\":104,\"CreatedAt\":\"2020-07-30T17:06:57+08:00\",\"UpdatedAt\":\"2020-07-30T17:06:57+08:00\",\"DeletedAt\":null,\"categorySubject\":{\"ID\":100,\"CreatedAt\":\"2020-07-30T10:22:39+08:00\",\"UpdatedAt\":\"2020-07-30T16:08:56+08:00\",\"DeletedAt\":null,\"subjectName\":\"电梯用途\"},\"categorySubjectId\":100,\"categoryName\":\"商场客梯\"},{\"ID\":105,\"CreatedAt\":\"2020-07-30T17:07:06+08:00\",\"UpdatedAt\":\"2020-07-30T17:07:06+08:00\",\"DeletedAt\":null,\"categorySubject\":{\"ID\":100,\"CreatedAt\":\"2020-07-30T10:22:39+08:00\",\"UpdatedAt\":\"2020-07-30T16:08:56+08:00\",\"DeletedAt\":null,\"subjectName\":\"电梯用途\"},\"categorySubjectId\":100,\"categoryName\":\"商场货梯\"},{\"ID\":106,\"CreatedAt\":\"2020-07-30T17:07:19+08:00\",\"UpdatedAt\":\"2020-07-30T17:07:19+08:00\",\"DeletedAt\":null,\"categorySubject\":{\"ID\":100,\"CreatedAt\":\"2020-07-30T10:22:39+08:00\",\"UpdatedAt\":\"2020-07-30T16:08:56+08:00\",\"DeletedAt\":null,\"subjectName\":\"电梯用途\"},\"categorySubjectId\":100,\"categoryName\":\"商场扶梯\"}],\"total\":6,\"page\":1,\"pageSize\":10},\"msg\":\"操作成功\"}'),(495,'2020-07-30 17:08:45','2020-07-30 17:08:45',NULL,'127.0.0.1','POST','/categories/createCategories',200,117970561,'Mozilla/5.0 (X11; Ubuntu; Linux x86_64; rv:79.0) Gecko/20100101 Firefox/79.0','','{\"categorySubjectId\":100,\"categoryName\":\"医院客梯\"}',10,'{\"code\":0,\"data\":{},\"msg\":\"创建成功\"}'),(496,'2020-07-30 17:08:45','2020-07-30 17:08:45',NULL,'127.0.0.1','GET','/categories/getCategoriesList',200,728095,'Mozilla/5.0 (X11; Ubuntu; Linux x86_64; rv:79.0) Gecko/20100101 Firefox/79.0','','',10,'{\"code\":0,\"data\":{\"list\":[{\"ID\":101,\"CreatedAt\":\"2020-07-30T14:39:09+08:00\",\"UpdatedAt\":\"2020-07-30T14:39:09+08:00\",\"DeletedAt\":null,\"categorySubject\":{\"ID\":100,\"CreatedAt\":\"2020-07-30T10:22:39+08:00\",\"UpdatedAt\":\"2020-07-30T16:08:56+08:00\",\"DeletedAt\":null,\"subjectName\":\"电梯用途\"},\"categorySubjectId\":100,\"categoryName\":\"住宅客梯\"},{\"ID\":102,\"CreatedAt\":\"2020-07-30T17:05:44+08:00\",\"UpdatedAt\":\"2020-07-30T17:05:44+08:00\",\"DeletedAt\":null,\"categorySubject\":{\"ID\":100,\"CreatedAt\":\"2020-07-30T10:22:39+08:00\",\"UpdatedAt\":\"2020-07-30T16:08:56+08:00\",\"DeletedAt\":null,\"subjectName\":\"电梯用途\"},\"categorySubjectId\":100,\"categoryName\":\"住宅货梯\"},{\"ID\":103,\"CreatedAt\":\"2020-07-30T17:06:15+08:00\",\"UpdatedAt\":\"2020-07-30T17:06:15+08:00\",\"DeletedAt\":null,\"categorySubject\":{\"ID\":100,\"CreatedAt\":\"2020-07-30T10:22:39+08:00\",\"UpdatedAt\":\"2020-07-30T16:08:56+08:00\",\"DeletedAt\":null,\"subjectName\":\"电梯用途\"},\"categorySubjectId\":100,\"categoryName\":\"住宅扶梯\"},{\"ID\":104,\"CreatedAt\":\"2020-07-30T17:06:57+08:00\",\"UpdatedAt\":\"2020-07-30T17:06:57+08:00\",\"DeletedAt\":null,\"categorySubject\":{\"ID\":100,\"CreatedAt\":\"2020-07-30T10:22:39+08:00\",\"UpdatedAt\":\"2020-07-30T16:08:56+08:00\",\"DeletedAt\":null,\"subjectName\":\"电梯用途\"},\"categorySubjectId\":100,\"categoryName\":\"商场客梯\"},{\"ID\":105,\"CreatedAt\":\"2020-07-30T17:07:06+08:00\",\"UpdatedAt\":\"2020-07-30T17:07:06+08:00\",\"DeletedAt\":null,\"categorySubject\":{\"ID\":100,\"CreatedAt\":\"2020-07-30T10:22:39+08:00\",\"UpdatedAt\":\"2020-07-30T16:08:56+08:00\",\"DeletedAt\":null,\"subjectName\":\"电梯用途\"},\"categorySubjectId\":100,\"categoryName\":\"商场货梯\"},{\"ID\":106,\"CreatedAt\":\"2020-07-30T17:07:19+08:00\",\"UpdatedAt\":\"2020-07-30T17:07:19+08:00\",\"DeletedAt\":null,\"categorySubject\":{\"ID\":100,\"CreatedAt\":\"2020-07-30T10:22:39+08:00\",\"UpdatedAt\":\"2020-07-30T16:08:56+08:00\",\"DeletedAt\":null,\"subjectName\":\"电梯用途\"},\"categorySubjectId\":100,\"categoryName\":\"商场扶梯\"},{\"ID\":107,\"CreatedAt\":\"2020-07-30T17:08:45+08:00\",\"UpdatedAt\":\"2020-07-30T17:08:45+08:00\",\"DeletedAt\":null,\"categorySubject\":{\"ID\":100,\"CreatedAt\":\"2020-07-30T10:22:39+08:00\",\"UpdatedAt\":\"2020-07-30T16:08:56+08:00\",\"DeletedAt\":null,\"subjectName\":\"电梯用途\"},\"categorySubjectId\":100,\"categoryName\":\"医院客梯\"}],\"total\":7,\"page\":1,\"pageSize\":10},\"msg\":\"操作成功\"}'),(497,'2020-07-30 17:09:00','2020-07-30 17:09:00',NULL,'127.0.0.1','POST','/categories/createCategories',200,69318569,'Mozilla/5.0 (X11; Ubuntu; Linux x86_64; rv:79.0) Gecko/20100101 Firefox/79.0','','{\"categorySubjectId\":100,\"categoryName\":\"医院货梯\"}',10,'{\"code\":0,\"data\":{},\"msg\":\"创建成功\"}'),(498,'2020-07-30 17:09:01','2020-07-30 17:09:01',NULL,'127.0.0.1','GET','/categories/getCategoriesList',200,889707,'Mozilla/5.0 (X11; Ubuntu; Linux x86_64; rv:79.0) Gecko/20100101 Firefox/79.0','','',10,'{\"code\":0,\"data\":{\"list\":[{\"ID\":101,\"CreatedAt\":\"2020-07-30T14:39:09+08:00\",\"UpdatedAt\":\"2020-07-30T14:39:09+08:00\",\"DeletedAt\":null,\"categorySubject\":{\"ID\":100,\"CreatedAt\":\"2020-07-30T10:22:39+08:00\",\"UpdatedAt\":\"2020-07-30T16:08:56+08:00\",\"DeletedAt\":null,\"subjectName\":\"电梯用途\"},\"categorySubjectId\":100,\"categoryName\":\"住宅客梯\"},{\"ID\":102,\"CreatedAt\":\"2020-07-30T17:05:44+08:00\",\"UpdatedAt\":\"2020-07-30T17:05:44+08:00\",\"DeletedAt\":null,\"categorySubject\":{\"ID\":100,\"CreatedAt\":\"2020-07-30T10:22:39+08:00\",\"UpdatedAt\":\"2020-07-30T16:08:56+08:00\",\"DeletedAt\":null,\"subjectName\":\"电梯用途\"},\"categorySubjectId\":100,\"categoryName\":\"住宅货梯\"},{\"ID\":103,\"CreatedAt\":\"2020-07-30T17:06:15+08:00\",\"UpdatedAt\":\"2020-07-30T17:06:15+08:00\",\"DeletedAt\":null,\"categorySubject\":{\"ID\":100,\"CreatedAt\":\"2020-07-30T10:22:39+08:00\",\"UpdatedAt\":\"2020-07-30T16:08:56+08:00\",\"DeletedAt\":null,\"subjectName\":\"电梯用途\"},\"categorySubjectId\":100,\"categoryName\":\"住宅扶梯\"},{\"ID\":104,\"CreatedAt\":\"2020-07-30T17:06:57+08:00\",\"UpdatedAt\":\"2020-07-30T17:06:57+08:00\",\"DeletedAt\":null,\"categorySubject\":{\"ID\":100,\"CreatedAt\":\"2020-07-30T10:22:39+08:00\",\"UpdatedAt\":\"2020-07-30T16:08:56+08:00\",\"DeletedAt\":null,\"subjectName\":\"电梯用途\"},\"categorySubjectId\":100,\"categoryName\":\"商场客梯\"},{\"ID\":105,\"CreatedAt\":\"2020-07-30T17:07:06+08:00\",\"UpdatedAt\":\"2020-07-30T17:07:06+08:00\",\"DeletedAt\":null,\"categorySubject\":{\"ID\":100,\"CreatedAt\":\"2020-07-30T10:22:39+08:00\",\"UpdatedAt\":\"2020-07-30T16:08:56+08:00\",\"DeletedAt\":null,\"subjectName\":\"电梯用途\"},\"categorySubjectId\":100,\"categoryName\":\"商场货梯\"},{\"ID\":106,\"CreatedAt\":\"2020-07-30T17:07:19+08:00\",\"UpdatedAt\":\"2020-07-30T17:07:19+08:00\",\"DeletedAt\":null,\"categorySubject\":{\"ID\":100,\"CreatedAt\":\"2020-07-30T10:22:39+08:00\",\"UpdatedAt\":\"2020-07-30T16:08:56+08:00\",\"DeletedAt\":null,\"subjectName\":\"电梯用途\"},\"categorySubjectId\":100,\"categoryName\":\"商场扶梯\"},{\"ID\":107,\"CreatedAt\":\"2020-07-30T17:08:45+08:00\",\"UpdatedAt\":\"2020-07-30T17:08:45+08:00\",\"DeletedAt\":null,\"categorySubject\":{\"ID\":100,\"CreatedAt\":\"2020-07-30T10:22:39+08:00\",\"UpdatedAt\":\"2020-07-30T16:08:56+08:00\",\"DeletedAt\":null,\"subjectName\":\"电梯用途\"},\"categorySubjectId\":100,\"categoryName\":\"医院客梯\"},{\"ID\":108,\"CreatedAt\":\"2020-07-30T17:09:00+08:00\",\"UpdatedAt\":\"2020-07-30T17:09:00+08:00\",\"DeletedAt\":null,\"categorySubject\":{\"ID\":100,\"CreatedAt\":\"2020-07-30T10:22:39+08:00\",\"UpdatedAt\":\"2020-07-30T16:08:56+08:00\",\"DeletedAt\":null,\"subjectName\":\"电梯用途\"},\"categorySubjectId\":100,\"categoryName\":\"医院货梯\"}],\"total\":8,\"page\":1,\"pageSize\":10},\"msg\":\"操作成功\"}'),(499,'2020-07-30 17:09:11','2020-07-30 17:09:11',NULL,'127.0.0.1','POST','/categories/createCategories',200,78264720,'Mozilla/5.0 (X11; Ubuntu; Linux x86_64; rv:79.0) Gecko/20100101 Firefox/79.0','','{\"categorySubjectId\":100,\"categoryName\":\"医院扶梯\"}',10,'{\"code\":0,\"data\":{},\"msg\":\"创建成功\"}'),(500,'2020-07-30 17:09:11','2020-07-30 17:09:11',NULL,'127.0.0.1','GET','/categories/getCategoriesList',200,648562,'Mozilla/5.0 (X11; Ubuntu; Linux x86_64; rv:79.0) Gecko/20100101 Firefox/79.0','','',10,'{\"code\":0,\"data\":{\"list\":[{\"ID\":101,\"CreatedAt\":\"2020-07-30T14:39:09+08:00\",\"UpdatedAt\":\"2020-07-30T14:39:09+08:00\",\"DeletedAt\":null,\"categorySubject\":{\"ID\":100,\"CreatedAt\":\"2020-07-30T10:22:39+08:00\",\"UpdatedAt\":\"2020-07-30T16:08:56+08:00\",\"DeletedAt\":null,\"subjectName\":\"电梯用途\"},\"categorySubjectId\":100,\"categoryName\":\"住宅客梯\"},{\"ID\":102,\"CreatedAt\":\"2020-07-30T17:05:44+08:00\",\"UpdatedAt\":\"2020-07-30T17:05:44+08:00\",\"DeletedAt\":null,\"categorySubject\":{\"ID\":100,\"CreatedAt\":\"2020-07-30T10:22:39+08:00\",\"UpdatedAt\":\"2020-07-30T16:08:56+08:00\",\"DeletedAt\":null,\"subjectName\":\"电梯用途\"},\"categorySubjectId\":100,\"categoryName\":\"住宅货梯\"},{\"ID\":103,\"CreatedAt\":\"2020-07-30T17:06:15+08:00\",\"UpdatedAt\":\"2020-07-30T17:06:15+08:00\",\"DeletedAt\":null,\"categorySubject\":{\"ID\":100,\"CreatedAt\":\"2020-07-30T10:22:39+08:00\",\"UpdatedAt\":\"2020-07-30T16:08:56+08:00\",\"DeletedAt\":null,\"subjectName\":\"电梯用途\"},\"categorySubjectId\":100,\"categoryName\":\"住宅扶梯\"},{\"ID\":104,\"CreatedAt\":\"2020-07-30T17:06:57+08:00\",\"UpdatedAt\":\"2020-07-30T17:06:57+08:00\",\"DeletedAt\":null,\"categorySubject\":{\"ID\":100,\"CreatedAt\":\"2020-07-30T10:22:39+08:00\",\"UpdatedAt\":\"2020-07-30T16:08:56+08:00\",\"DeletedAt\":null,\"subjectName\":\"电梯用途\"},\"categorySubjectId\":100,\"categoryName\":\"商场客梯\"},{\"ID\":105,\"CreatedAt\":\"2020-07-30T17:07:06+08:00\",\"UpdatedAt\":\"2020-07-30T17:07:06+08:00\",\"DeletedAt\":null,\"categorySubject\":{\"ID\":100,\"CreatedAt\":\"2020-07-30T10:22:39+08:00\",\"UpdatedAt\":\"2020-07-30T16:08:56+08:00\",\"DeletedAt\":null,\"subjectName\":\"电梯用途\"},\"categorySubjectId\":100,\"categoryName\":\"商场货梯\"},{\"ID\":106,\"CreatedAt\":\"2020-07-30T17:07:19+08:00\",\"UpdatedAt\":\"2020-07-30T17:07:19+08:00\",\"DeletedAt\":null,\"categorySubject\":{\"ID\":100,\"CreatedAt\":\"2020-07-30T10:22:39+08:00\",\"UpdatedAt\":\"2020-07-30T16:08:56+08:00\",\"DeletedAt\":null,\"subjectName\":\"电梯用途\"},\"categorySubjectId\":100,\"categoryName\":\"商场扶梯\"},{\"ID\":107,\"CreatedAt\":\"2020-07-30T17:08:45+08:00\",\"UpdatedAt\":\"2020-07-30T17:08:45+08:00\",\"DeletedAt\":null,\"categorySubject\":{\"ID\":100,\"CreatedAt\":\"2020-07-30T10:22:39+08:00\",\"UpdatedAt\":\"2020-07-30T16:08:56+08:00\",\"DeletedAt\":null,\"subjectName\":\"电梯用途\"},\"categorySubjectId\":100,\"categoryName\":\"医院客梯\"},{\"ID\":108,\"CreatedAt\":\"2020-07-30T17:09:00+08:00\",\"UpdatedAt\":\"2020-07-30T17:09:00+08:00\",\"DeletedAt\":null,\"categorySubject\":{\"ID\":100,\"CreatedAt\":\"2020-07-30T10:22:39+08:00\",\"UpdatedAt\":\"2020-07-30T16:08:56+08:00\",\"DeletedAt\":null,\"subjectName\":\"电梯用途\"},\"categorySubjectId\":100,\"categoryName\":\"医院货梯\"},{\"ID\":109,\"CreatedAt\":\"2020-07-30T17:09:11+08:00\",\"UpdatedAt\":\"2020-07-30T17:09:11+08:00\",\"DeletedAt\":null,\"categorySubject\":{\"ID\":100,\"CreatedAt\":\"2020-07-30T10:22:39+08:00\",\"UpdatedAt\":\"2020-07-30T16:08:56+08:00\",\"DeletedAt\":null,\"subjectName\":\"电梯用途\"},\"categorySubjectId\":100,\"categoryName\":\"医院扶梯\"}],\"total\":9,\"page\":1,\"pageSize\":10},\"msg\":\"操作成功\"}'),(501,'2020-07-30 17:10:24','2020-07-30 17:10:24',NULL,'127.0.0.1','POST','/categories/createCategories',200,54117104,'Mozilla/5.0 (X11; Ubuntu; Linux x86_64; rv:79.0) Gecko/20100101 Firefox/79.0','','{\"categorySubjectId\":100,\"categoryName\":\"写字楼客梯\"}',10,'{\"code\":0,\"data\":{},\"msg\":\"创建成功\"}'),(502,'2020-07-30 17:10:24','2020-07-30 17:10:24',NULL,'127.0.0.1','GET','/categories/getCategoriesList',200,831402,'Mozilla/5.0 (X11; Ubuntu; Linux x86_64; rv:79.0) Gecko/20100101 Firefox/79.0','','',10,'{\"code\":0,\"data\":{\"list\":[{\"ID\":101,\"CreatedAt\":\"2020-07-30T14:39:09+08:00\",\"UpdatedAt\":\"2020-07-30T14:39:09+08:00\",\"DeletedAt\":null,\"categorySubject\":{\"ID\":100,\"CreatedAt\":\"2020-07-30T10:22:39+08:00\",\"UpdatedAt\":\"2020-07-30T16:08:56+08:00\",\"DeletedAt\":null,\"subjectName\":\"电梯用途\"},\"categorySubjectId\":100,\"categoryName\":\"住宅客梯\"},{\"ID\":102,\"CreatedAt\":\"2020-07-30T17:05:44+08:00\",\"UpdatedAt\":\"2020-07-30T17:05:44+08:00\",\"DeletedAt\":null,\"categorySubject\":{\"ID\":100,\"CreatedAt\":\"2020-07-30T10:22:39+08:00\",\"UpdatedAt\":\"2020-07-30T16:08:56+08:00\",\"DeletedAt\":null,\"subjectName\":\"电梯用途\"},\"categorySubjectId\":100,\"categoryName\":\"住宅货梯\"},{\"ID\":103,\"CreatedAt\":\"2020-07-30T17:06:15+08:00\",\"UpdatedAt\":\"2020-07-30T17:06:15+08:00\",\"DeletedAt\":null,\"categorySubject\":{\"ID\":100,\"CreatedAt\":\"2020-07-30T10:22:39+08:00\",\"UpdatedAt\":\"2020-07-30T16:08:56+08:00\",\"DeletedAt\":null,\"subjectName\":\"电梯用途\"},\"categorySubjectId\":100,\"categoryName\":\"住宅扶梯\"},{\"ID\":104,\"CreatedAt\":\"2020-07-30T17:06:57+08:00\",\"UpdatedAt\":\"2020-07-30T17:06:57+08:00\",\"DeletedAt\":null,\"categorySubject\":{\"ID\":100,\"CreatedAt\":\"2020-07-30T10:22:39+08:00\",\"UpdatedAt\":\"2020-07-30T16:08:56+08:00\",\"DeletedAt\":null,\"subjectName\":\"电梯用途\"},\"categorySubjectId\":100,\"categoryName\":\"商场客梯\"},{\"ID\":105,\"CreatedAt\":\"2020-07-30T17:07:06+08:00\",\"UpdatedAt\":\"2020-07-30T17:07:06+08:00\",\"DeletedAt\":null,\"categorySubject\":{\"ID\":100,\"CreatedAt\":\"2020-07-30T10:22:39+08:00\",\"UpdatedAt\":\"2020-07-30T16:08:56+08:00\",\"DeletedAt\":null,\"subjectName\":\"电梯用途\"},\"categorySubjectId\":100,\"categoryName\":\"商场货梯\"},{\"ID\":106,\"CreatedAt\":\"2020-07-30T17:07:19+08:00\",\"UpdatedAt\":\"2020-07-30T17:07:19+08:00\",\"DeletedAt\":null,\"categorySubject\":{\"ID\":100,\"CreatedAt\":\"2020-07-30T10:22:39+08:00\",\"UpdatedAt\":\"2020-07-30T16:08:56+08:00\",\"DeletedAt\":null,\"subjectName\":\"电梯用途\"},\"categorySubjectId\":100,\"categoryName\":\"商场扶梯\"},{\"ID\":107,\"CreatedAt\":\"2020-07-30T17:08:45+08:00\",\"UpdatedAt\":\"2020-07-30T17:08:45+08:00\",\"DeletedAt\":null,\"categorySubject\":{\"ID\":100,\"CreatedAt\":\"2020-07-30T10:22:39+08:00\",\"UpdatedAt\":\"2020-07-30T16:08:56+08:00\",\"DeletedAt\":null,\"subjectName\":\"电梯用途\"},\"categorySubjectId\":100,\"categoryName\":\"医院客梯\"},{\"ID\":108,\"CreatedAt\":\"2020-07-30T17:09:00+08:00\",\"UpdatedAt\":\"2020-07-30T17:09:00+08:00\",\"DeletedAt\":null,\"categorySubject\":{\"ID\":100,\"CreatedAt\":\"2020-07-30T10:22:39+08:00\",\"UpdatedAt\":\"2020-07-30T16:08:56+08:00\",\"DeletedAt\":null,\"subjectName\":\"电梯用途\"},\"categorySubjectId\":100,\"categoryName\":\"医院货梯\"},{\"ID\":109,\"CreatedAt\":\"2020-07-30T17:09:11+08:00\",\"UpdatedAt\":\"2020-07-30T17:09:11+08:00\",\"DeletedAt\":null,\"categorySubject\":{\"ID\":100,\"CreatedAt\":\"2020-07-30T10:22:39+08:00\",\"UpdatedAt\":\"2020-07-30T16:08:56+08:00\",\"DeletedAt\":null,\"subjectName\":\"电梯用途\"},\"categorySubjectId\":100,\"categoryName\":\"医院扶梯\"},{\"ID\":110,\"CreatedAt\":\"2020-07-30T17:10:24+08:00\",\"UpdatedAt\":\"2020-07-30T17:10:24+08:00\",\"DeletedAt\":null,\"categorySubject\":{\"ID\":100,\"CreatedAt\":\"2020-07-30T10:22:39+08:00\",\"UpdatedAt\":\"2020-07-30T16:08:56+08:00\",\"DeletedAt\":null,\"subjectName\":\"电梯用途\"},\"categorySubjectId\":100,\"categoryName\":\"写字楼客梯\"}],\"total\":10,\"page\":1,\"pageSize\":10},\"msg\":\"操作成功\"}'),(503,'2020-07-30 17:10:33','2020-07-30 17:10:33',NULL,'127.0.0.1','POST','/categories/createCategories',200,58497615,'Mozilla/5.0 (X11; Ubuntu; Linux x86_64; rv:79.0) Gecko/20100101 Firefox/79.0','','{\"categorySubjectId\":100,\"categoryName\":\"写字楼货梯\"}',10,'{\"code\":0,\"data\":{},\"msg\":\"创建成功\"}'),(504,'2020-07-30 17:10:33','2020-07-30 17:10:33',NULL,'127.0.0.1','GET','/categories/getCategoriesList',200,1306516,'Mozilla/5.0 (X11; Ubuntu; Linux x86_64; rv:79.0) Gecko/20100101 Firefox/79.0','','',10,'{\"code\":0,\"data\":{\"list\":[{\"ID\":101,\"CreatedAt\":\"2020-07-30T14:39:09+08:00\",\"UpdatedAt\":\"2020-07-30T14:39:09+08:00\",\"DeletedAt\":null,\"categorySubject\":{\"ID\":100,\"CreatedAt\":\"2020-07-30T10:22:39+08:00\",\"UpdatedAt\":\"2020-07-30T16:08:56+08:00\",\"DeletedAt\":null,\"subjectName\":\"电梯用途\"},\"categorySubjectId\":100,\"categoryName\":\"住宅客梯\"},{\"ID\":102,\"CreatedAt\":\"2020-07-30T17:05:44+08:00\",\"UpdatedAt\":\"2020-07-30T17:05:44+08:00\",\"DeletedAt\":null,\"categorySubject\":{\"ID\":100,\"CreatedAt\":\"2020-07-30T10:22:39+08:00\",\"UpdatedAt\":\"2020-07-30T16:08:56+08:00\",\"DeletedAt\":null,\"subjectName\":\"电梯用途\"},\"categorySubjectId\":100,\"categoryName\":\"住宅货梯\"},{\"ID\":103,\"CreatedAt\":\"2020-07-30T17:06:15+08:00\",\"UpdatedAt\":\"2020-07-30T17:06:15+08:00\",\"DeletedAt\":null,\"categorySubject\":{\"ID\":100,\"CreatedAt\":\"2020-07-30T10:22:39+08:00\",\"UpdatedAt\":\"2020-07-30T16:08:56+08:00\",\"DeletedAt\":null,\"subjectName\":\"电梯用途\"},\"categorySubjectId\":100,\"categoryName\":\"住宅扶梯\"},{\"ID\":104,\"CreatedAt\":\"2020-07-30T17:06:57+08:00\",\"UpdatedAt\":\"2020-07-30T17:06:57+08:00\",\"DeletedAt\":null,\"categorySubject\":{\"ID\":100,\"CreatedAt\":\"2020-07-30T10:22:39+08:00\",\"UpdatedAt\":\"2020-07-30T16:08:56+08:00\",\"DeletedAt\":null,\"subjectName\":\"电梯用途\"},\"categorySubjectId\":100,\"categoryName\":\"商场客梯\"},{\"ID\":105,\"CreatedAt\":\"2020-07-30T17:07:06+08:00\",\"UpdatedAt\":\"2020-07-30T17:07:06+08:00\",\"DeletedAt\":null,\"categorySubject\":{\"ID\":100,\"CreatedAt\":\"2020-07-30T10:22:39+08:00\",\"UpdatedAt\":\"2020-07-30T16:08:56+08:00\",\"DeletedAt\":null,\"subjectName\":\"电梯用途\"},\"categorySubjectId\":100,\"categoryName\":\"商场货梯\"},{\"ID\":106,\"CreatedAt\":\"2020-07-30T17:07:19+08:00\",\"UpdatedAt\":\"2020-07-30T17:07:19+08:00\",\"DeletedAt\":null,\"categorySubject\":{\"ID\":100,\"CreatedAt\":\"2020-07-30T10:22:39+08:00\",\"UpdatedAt\":\"2020-07-30T16:08:56+08:00\",\"DeletedAt\":null,\"subjectName\":\"电梯用途\"},\"categorySubjectId\":100,\"categoryName\":\"商场扶梯\"},{\"ID\":107,\"CreatedAt\":\"2020-07-30T17:08:45+08:00\",\"UpdatedAt\":\"2020-07-30T17:08:45+08:00\",\"DeletedAt\":null,\"categorySubject\":{\"ID\":100,\"CreatedAt\":\"2020-07-30T10:22:39+08:00\",\"UpdatedAt\":\"2020-07-30T16:08:56+08:00\",\"DeletedAt\":null,\"subjectName\":\"电梯用途\"},\"categorySubjectId\":100,\"categoryName\":\"医院客梯\"},{\"ID\":108,\"CreatedAt\":\"2020-07-30T17:09:00+08:00\",\"UpdatedAt\":\"2020-07-30T17:09:00+08:00\",\"DeletedAt\":null,\"categorySubject\":{\"ID\":100,\"CreatedAt\":\"2020-07-30T10:22:39+08:00\",\"UpdatedAt\":\"2020-07-30T16:08:56+08:00\",\"DeletedAt\":null,\"subjectName\":\"电梯用途\"},\"categorySubjectId\":100,\"categoryName\":\"医院货梯\"},{\"ID\":109,\"CreatedAt\":\"2020-07-30T17:09:11+08:00\",\"UpdatedAt\":\"2020-07-30T17:09:11+08:00\",\"DeletedAt\":null,\"categorySubject\":{\"ID\":100,\"CreatedAt\":\"2020-07-30T10:22:39+08:00\",\"UpdatedAt\":\"2020-07-30T16:08:56+08:00\",\"DeletedAt\":null,\"subjectName\":\"电梯用途\"},\"categorySubjectId\":100,\"categoryName\":\"医院扶梯\"},{\"ID\":110,\"CreatedAt\":\"2020-07-30T17:10:24+08:00\",\"UpdatedAt\":\"2020-07-30T17:10:24+08:00\",\"DeletedAt\":null,\"categorySubject\":{\"ID\":100,\"CreatedAt\":\"2020-07-30T10:22:39+08:00\",\"UpdatedAt\":\"2020-07-30T16:08:56+08:00\",\"DeletedAt\":null,\"subjectName\":\"电梯用途\"},\"categorySubjectId\":100,\"categoryName\":\"写字楼客梯\"}],\"total\":11,\"page\":1,\"pageSize\":10},\"msg\":\"操作成功\"}'),(505,'2020-07-30 17:11:54','2020-07-30 17:11:54',NULL,'127.0.0.1','POST','/categories/createCategories',200,67761775,'Mozilla/5.0 (X11; Ubuntu; Linux x86_64; rv:79.0) Gecko/20100101 Firefox/79.0','','{\"categorySubjectId\":100,\"categoryName\":\"政府单位客梯\"}',10,'{\"code\":0,\"data\":{},\"msg\":\"创建成功\"}'),(506,'2020-07-30 17:11:54','2020-07-30 17:11:54',NULL,'127.0.0.1','GET','/categories/getCategoriesList',200,958707,'Mozilla/5.0 (X11; Ubuntu; Linux x86_64; rv:79.0) Gecko/20100101 Firefox/79.0','','',10,'{\"code\":0,\"data\":{\"list\":[{\"ID\":101,\"CreatedAt\":\"2020-07-30T14:39:09+08:00\",\"UpdatedAt\":\"2020-07-30T14:39:09+08:00\",\"DeletedAt\":null,\"categorySubject\":{\"ID\":100,\"CreatedAt\":\"2020-07-30T10:22:39+08:00\",\"UpdatedAt\":\"2020-07-30T16:08:56+08:00\",\"DeletedAt\":null,\"subjectName\":\"电梯用途\"},\"categorySubjectId\":100,\"categoryName\":\"住宅客梯\"},{\"ID\":102,\"CreatedAt\":\"2020-07-30T17:05:44+08:00\",\"UpdatedAt\":\"2020-07-30T17:05:44+08:00\",\"DeletedAt\":null,\"categorySubject\":{\"ID\":100,\"CreatedAt\":\"2020-07-30T10:22:39+08:00\",\"UpdatedAt\":\"2020-07-30T16:08:56+08:00\",\"DeletedAt\":null,\"subjectName\":\"电梯用途\"},\"categorySubjectId\":100,\"categoryName\":\"住宅货梯\"},{\"ID\":103,\"CreatedAt\":\"2020-07-30T17:06:15+08:00\",\"UpdatedAt\":\"2020-07-30T17:06:15+08:00\",\"DeletedAt\":null,\"categorySubject\":{\"ID\":100,\"CreatedAt\":\"2020-07-30T10:22:39+08:00\",\"UpdatedAt\":\"2020-07-30T16:08:56+08:00\",\"DeletedAt\":null,\"subjectName\":\"电梯用途\"},\"categorySubjectId\":100,\"categoryName\":\"住宅扶梯\"},{\"ID\":104,\"CreatedAt\":\"2020-07-30T17:06:57+08:00\",\"UpdatedAt\":\"2020-07-30T17:06:57+08:00\",\"DeletedAt\":null,\"categorySubject\":{\"ID\":100,\"CreatedAt\":\"2020-07-30T10:22:39+08:00\",\"UpdatedAt\":\"2020-07-30T16:08:56+08:00\",\"DeletedAt\":null,\"subjectName\":\"电梯用途\"},\"categorySubjectId\":100,\"categoryName\":\"商场客梯\"},{\"ID\":105,\"CreatedAt\":\"2020-07-30T17:07:06+08:00\",\"UpdatedAt\":\"2020-07-30T17:07:06+08:00\",\"DeletedAt\":null,\"categorySubject\":{\"ID\":100,\"CreatedAt\":\"2020-07-30T10:22:39+08:00\",\"UpdatedAt\":\"2020-07-30T16:08:56+08:00\",\"DeletedAt\":null,\"subjectName\":\"电梯用途\"},\"categorySubjectId\":100,\"categoryName\":\"商场货梯\"},{\"ID\":106,\"CreatedAt\":\"2020-07-30T17:07:19+08:00\",\"UpdatedAt\":\"2020-07-30T17:07:19+08:00\",\"DeletedAt\":null,\"categorySubject\":{\"ID\":100,\"CreatedAt\":\"2020-07-30T10:22:39+08:00\",\"UpdatedAt\":\"2020-07-30T16:08:56+08:00\",\"DeletedAt\":null,\"subjectName\":\"电梯用途\"},\"categorySubjectId\":100,\"categoryName\":\"商场扶梯\"},{\"ID\":107,\"CreatedAt\":\"2020-07-30T17:08:45+08:00\",\"UpdatedAt\":\"2020-07-30T17:08:45+08:00\",\"DeletedAt\":null,\"categorySubject\":{\"ID\":100,\"CreatedAt\":\"2020-07-30T10:22:39+08:00\",\"UpdatedAt\":\"2020-07-30T16:08:56+08:00\",\"DeletedAt\":null,\"subjectName\":\"电梯用途\"},\"categorySubjectId\":100,\"categoryName\":\"医院客梯\"},{\"ID\":108,\"CreatedAt\":\"2020-07-30T17:09:00+08:00\",\"UpdatedAt\":\"2020-07-30T17:09:00+08:00\",\"DeletedAt\":null,\"categorySubject\":{\"ID\":100,\"CreatedAt\":\"2020-07-30T10:22:39+08:00\",\"UpdatedAt\":\"2020-07-30T16:08:56+08:00\",\"DeletedAt\":null,\"subjectName\":\"电梯用途\"},\"categorySubjectId\":100,\"categoryName\":\"医院货梯\"},{\"ID\":109,\"CreatedAt\":\"2020-07-30T17:09:11+08:00\",\"UpdatedAt\":\"2020-07-30T17:09:11+08:00\",\"DeletedAt\":null,\"categorySubject\":{\"ID\":100,\"CreatedAt\":\"2020-07-30T10:22:39+08:00\",\"UpdatedAt\":\"2020-07-30T16:08:56+08:00\",\"DeletedAt\":null,\"subjectName\":\"电梯用途\"},\"categorySubjectId\":100,\"categoryName\":\"医院扶梯\"},{\"ID\":110,\"CreatedAt\":\"2020-07-30T17:10:24+08:00\",\"UpdatedAt\":\"2020-07-30T17:10:24+08:00\",\"DeletedAt\":null,\"categorySubject\":{\"ID\":100,\"CreatedAt\":\"2020-07-30T10:22:39+08:00\",\"UpdatedAt\":\"2020-07-30T16:08:56+08:00\",\"DeletedAt\":null,\"subjectName\":\"电梯用途\"},\"categorySubjectId\":100,\"categoryName\":\"写字楼客梯\"}],\"total\":12,\"page\":1,\"pageSize\":10},\"msg\":\"操作成功\"}'),(507,'2020-07-30 17:12:03','2020-07-30 17:12:03',NULL,'127.0.0.1','POST','/categories/createCategories',200,65675950,'Mozilla/5.0 (X11; Ubuntu; Linux x86_64; rv:79.0) Gecko/20100101 Firefox/79.0','','{\"categorySubjectId\":100,\"categoryName\":\"政府单位货梯\"}',10,'{\"code\":0,\"data\":{},\"msg\":\"创建成功\"}'),(508,'2020-07-30 17:12:03','2020-07-30 17:12:03',NULL,'127.0.0.1','GET','/categories/getCategoriesList',200,780030,'Mozilla/5.0 (X11; Ubuntu; Linux x86_64; rv:79.0) Gecko/20100101 Firefox/79.0','','',10,'{\"code\":0,\"data\":{\"list\":[{\"ID\":101,\"CreatedAt\":\"2020-07-30T14:39:09+08:00\",\"UpdatedAt\":\"2020-07-30T14:39:09+08:00\",\"DeletedAt\":null,\"categorySubject\":{\"ID\":100,\"CreatedAt\":\"2020-07-30T10:22:39+08:00\",\"UpdatedAt\":\"2020-07-30T16:08:56+08:00\",\"DeletedAt\":null,\"subjectName\":\"电梯用途\"},\"categorySubjectId\":100,\"categoryName\":\"住宅客梯\"},{\"ID\":102,\"CreatedAt\":\"2020-07-30T17:05:44+08:00\",\"UpdatedAt\":\"2020-07-30T17:05:44+08:00\",\"DeletedAt\":null,\"categorySubject\":{\"ID\":100,\"CreatedAt\":\"2020-07-30T10:22:39+08:00\",\"UpdatedAt\":\"2020-07-30T16:08:56+08:00\",\"DeletedAt\":null,\"subjectName\":\"电梯用途\"},\"categorySubjectId\":100,\"categoryName\":\"住宅货梯\"},{\"ID\":103,\"CreatedAt\":\"2020-07-30T17:06:15+08:00\",\"UpdatedAt\":\"2020-07-30T17:06:15+08:00\",\"DeletedAt\":null,\"categorySubject\":{\"ID\":100,\"CreatedAt\":\"2020-07-30T10:22:39+08:00\",\"UpdatedAt\":\"2020-07-30T16:08:56+08:00\",\"DeletedAt\":null,\"subjectName\":\"电梯用途\"},\"categorySubjectId\":100,\"categoryName\":\"住宅扶梯\"},{\"ID\":104,\"CreatedAt\":\"2020-07-30T17:06:57+08:00\",\"UpdatedAt\":\"2020-07-30T17:06:57+08:00\",\"DeletedAt\":null,\"categorySubject\":{\"ID\":100,\"CreatedAt\":\"2020-07-30T10:22:39+08:00\",\"UpdatedAt\":\"2020-07-30T16:08:56+08:00\",\"DeletedAt\":null,\"subjectName\":\"电梯用途\"},\"categorySubjectId\":100,\"categoryName\":\"商场客梯\"},{\"ID\":105,\"CreatedAt\":\"2020-07-30T17:07:06+08:00\",\"UpdatedAt\":\"2020-07-30T17:07:06+08:00\",\"DeletedAt\":null,\"categorySubject\":{\"ID\":100,\"CreatedAt\":\"2020-07-30T10:22:39+08:00\",\"UpdatedAt\":\"2020-07-30T16:08:56+08:00\",\"DeletedAt\":null,\"subjectName\":\"电梯用途\"},\"categorySubjectId\":100,\"categoryName\":\"商场货梯\"},{\"ID\":106,\"CreatedAt\":\"2020-07-30T17:07:19+08:00\",\"UpdatedAt\":\"2020-07-30T17:07:19+08:00\",\"DeletedAt\":null,\"categorySubject\":{\"ID\":100,\"CreatedAt\":\"2020-07-30T10:22:39+08:00\",\"UpdatedAt\":\"2020-07-30T16:08:56+08:00\",\"DeletedAt\":null,\"subjectName\":\"电梯用途\"},\"categorySubjectId\":100,\"categoryName\":\"商场扶梯\"},{\"ID\":107,\"CreatedAt\":\"2020-07-30T17:08:45+08:00\",\"UpdatedAt\":\"2020-07-30T17:08:45+08:00\",\"DeletedAt\":null,\"categorySubject\":{\"ID\":100,\"CreatedAt\":\"2020-07-30T10:22:39+08:00\",\"UpdatedAt\":\"2020-07-30T16:08:56+08:00\",\"DeletedAt\":null,\"subjectName\":\"电梯用途\"},\"categorySubjectId\":100,\"categoryName\":\"医院客梯\"},{\"ID\":108,\"CreatedAt\":\"2020-07-30T17:09:00+08:00\",\"UpdatedAt\":\"2020-07-30T17:09:00+08:00\",\"DeletedAt\":null,\"categorySubject\":{\"ID\":100,\"CreatedAt\":\"2020-07-30T10:22:39+08:00\",\"UpdatedAt\":\"2020-07-30T16:08:56+08:00\",\"DeletedAt\":null,\"subjectName\":\"电梯用途\"},\"categorySubjectId\":100,\"categoryName\":\"医院货梯\"},{\"ID\":109,\"CreatedAt\":\"2020-07-30T17:09:11+08:00\",\"UpdatedAt\":\"2020-07-30T17:09:11+08:00\",\"DeletedAt\":null,\"categorySubject\":{\"ID\":100,\"CreatedAt\":\"2020-07-30T10:22:39+08:00\",\"UpdatedAt\":\"2020-07-30T16:08:56+08:00\",\"DeletedAt\":null,\"subjectName\":\"电梯用途\"},\"categorySubjectId\":100,\"categoryName\":\"医院扶梯\"},{\"ID\":110,\"CreatedAt\":\"2020-07-30T17:10:24+08:00\",\"UpdatedAt\":\"2020-07-30T17:10:24+08:00\",\"DeletedAt\":null,\"categorySubject\":{\"ID\":100,\"CreatedAt\":\"2020-07-30T10:22:39+08:00\",\"UpdatedAt\":\"2020-07-30T16:08:56+08:00\",\"DeletedAt\":null,\"subjectName\":\"电梯用途\"},\"categorySubjectId\":100,\"categoryName\":\"写字楼客梯\"}],\"total\":13,\"page\":1,\"pageSize\":10},\"msg\":\"操作成功\"}'),(509,'2020-07-30 17:12:10','2020-07-30 17:12:10',NULL,'127.0.0.1','GET','/categories/getCategoriesList',200,712705,'Mozilla/5.0 (X11; Ubuntu; Linux x86_64; rv:79.0) Gecko/20100101 Firefox/79.0','','',10,'{\"code\":0,\"data\":{\"list\":[{\"ID\":111,\"CreatedAt\":\"2020-07-30T17:10:33+08:00\",\"UpdatedAt\":\"2020-07-30T17:10:33+08:00\",\"DeletedAt\":null,\"categorySubject\":{\"ID\":100,\"CreatedAt\":\"2020-07-30T10:22:39+08:00\",\"UpdatedAt\":\"2020-07-30T16:08:56+08:00\",\"DeletedAt\":null,\"subjectName\":\"电梯用途\"},\"categorySubjectId\":100,\"categoryName\":\"写字楼货梯\"},{\"ID\":112,\"CreatedAt\":\"2020-07-30T17:11:54+08:00\",\"UpdatedAt\":\"2020-07-30T17:11:54+08:00\",\"DeletedAt\":null,\"categorySubject\":{\"ID\":100,\"CreatedAt\":\"2020-07-30T10:22:39+08:00\",\"UpdatedAt\":\"2020-07-30T16:08:56+08:00\",\"DeletedAt\":null,\"subjectName\":\"电梯用途\"},\"categorySubjectId\":100,\"categoryName\":\"政府单位客梯\"},{\"ID\":113,\"CreatedAt\":\"2020-07-30T17:12:03+08:00\",\"UpdatedAt\":\"2020-07-30T17:12:03+08:00\",\"DeletedAt\":null,\"categorySubject\":{\"ID\":100,\"CreatedAt\":\"2020-07-30T10:22:39+08:00\",\"UpdatedAt\":\"2020-07-30T16:08:56+08:00\",\"DeletedAt\":null,\"subjectName\":\"电梯用途\"},\"categorySubjectId\":100,\"categoryName\":\"政府单位货梯\"}],\"total\":13,\"page\":2,\"pageSize\":10},\"msg\":\"操作成功\"}'),(510,'2020-07-30 17:14:37','2020-07-30 17:14:37',NULL,'127.0.0.1','GET','/categories/getCategoriesList',200,790528,'Mozilla/5.0 (X11; Ubuntu; Linux x86_64; rv:79.0) Gecko/20100101 Firefox/79.0','','',10,'{\"code\":0,\"data\":{\"list\":[{\"ID\":101,\"CreatedAt\":\"2020-07-30T14:39:09+08:00\",\"UpdatedAt\":\"2020-07-30T14:39:09+08:00\",\"DeletedAt\":null,\"categorySubject\":{\"ID\":100,\"CreatedAt\":\"2020-07-30T10:22:39+08:00\",\"UpdatedAt\":\"2020-07-30T17:12:55+08:00\",\"DeletedAt\":null,\"subjectName\":\"电梯使用场景\"},\"categorySubjectId\":100,\"categoryName\":\"住宅客梯\"},{\"ID\":102,\"CreatedAt\":\"2020-07-30T17:05:44+08:00\",\"UpdatedAt\":\"2020-07-30T17:05:44+08:00\",\"DeletedAt\":null,\"categorySubject\":{\"ID\":100,\"CreatedAt\":\"2020-07-30T10:22:39+08:00\",\"UpdatedAt\":\"2020-07-30T17:12:55+08:00\",\"DeletedAt\":null,\"subjectName\":\"电梯使用场景\"},\"categorySubjectId\":100,\"categoryName\":\"住宅货梯\"},{\"ID\":103,\"CreatedAt\":\"2020-07-30T17:06:15+08:00\",\"UpdatedAt\":\"2020-07-30T17:06:15+08:00\",\"DeletedAt\":null,\"categorySubject\":{\"ID\":100,\"CreatedAt\":\"2020-07-30T10:22:39+08:00\",\"UpdatedAt\":\"2020-07-30T17:12:55+08:00\",\"DeletedAt\":null,\"subjectName\":\"电梯使用场景\"},\"categorySubjectId\":100,\"categoryName\":\"住宅扶梯\"},{\"ID\":104,\"CreatedAt\":\"2020-07-30T17:06:57+08:00\",\"UpdatedAt\":\"2020-07-30T17:06:57+08:00\",\"DeletedAt\":null,\"categorySubject\":{\"ID\":100,\"CreatedAt\":\"2020-07-30T10:22:39+08:00\",\"UpdatedAt\":\"2020-07-30T17:12:55+08:00\",\"DeletedAt\":null,\"subjectName\":\"电梯使用场景\"},\"categorySubjectId\":100,\"categoryName\":\"商场客梯\"},{\"ID\":105,\"CreatedAt\":\"2020-07-30T17:07:06+08:00\",\"UpdatedAt\":\"2020-07-30T17:07:06+08:00\",\"DeletedAt\":null,\"categorySubject\":{\"ID\":100,\"CreatedAt\":\"2020-07-30T10:22:39+08:00\",\"UpdatedAt\":\"2020-07-30T17:12:55+08:00\",\"DeletedAt\":null,\"subjectName\":\"电梯使用场景\"},\"categorySubjectId\":100,\"categoryName\":\"商场货梯\"},{\"ID\":106,\"CreatedAt\":\"2020-07-30T17:07:19+08:00\",\"UpdatedAt\":\"2020-07-30T17:07:19+08:00\",\"DeletedAt\":null,\"categorySubject\":{\"ID\":100,\"CreatedAt\":\"2020-07-30T10:22:39+08:00\",\"UpdatedAt\":\"2020-07-30T17:12:55+08:00\",\"DeletedAt\":null,\"subjectName\":\"电梯使用场景\"},\"categorySubjectId\":100,\"categoryName\":\"商场扶梯\"},{\"ID\":107,\"CreatedAt\":\"2020-07-30T17:08:45+08:00\",\"UpdatedAt\":\"2020-07-30T17:08:45+08:00\",\"DeletedAt\":null,\"categorySubject\":{\"ID\":100,\"CreatedAt\":\"2020-07-30T10:22:39+08:00\",\"UpdatedAt\":\"2020-07-30T17:12:55+08:00\",\"DeletedAt\":null,\"subjectName\":\"电梯使用场景\"},\"categorySubjectId\":100,\"categoryName\":\"医院客梯\"},{\"ID\":108,\"CreatedAt\":\"2020-07-30T17:09:00+08:00\",\"UpdatedAt\":\"2020-07-30T17:09:00+08:00\",\"DeletedAt\":null,\"categorySubject\":{\"ID\":100,\"CreatedAt\":\"2020-07-30T10:22:39+08:00\",\"UpdatedAt\":\"2020-07-30T17:12:55+08:00\",\"DeletedAt\":null,\"subjectName\":\"电梯使用场景\"},\"categorySubjectId\":100,\"categoryName\":\"医院货梯\"},{\"ID\":109,\"CreatedAt\":\"2020-07-30T17:09:11+08:00\",\"UpdatedAt\":\"2020-07-30T17:09:11+08:00\",\"DeletedAt\":null,\"categorySubject\":{\"ID\":100,\"CreatedAt\":\"2020-07-30T10:22:39+08:00\",\"UpdatedAt\":\"2020-07-30T17:12:55+08:00\",\"DeletedAt\":null,\"subjectName\":\"电梯使用场景\"},\"categorySubjectId\":100,\"categoryName\":\"医院扶梯\"},{\"ID\":110,\"CreatedAt\":\"2020-07-30T17:10:24+08:00\",\"UpdatedAt\":\"2020-07-30T17:10:24+08:00\",\"DeletedAt\":null,\"categorySubject\":{\"ID\":100,\"CreatedAt\":\"2020-07-30T10:22:39+08:00\",\"UpdatedAt\":\"2020-07-30T17:12:55+08:00\",\"DeletedAt\":null,\"subjectName\":\"电梯使用场景\"},\"categorySubjectId\":100,\"categoryName\":\"写字楼客梯\"}],\"total\":13,\"page\":1,\"pageSize\":10},\"msg\":\"操作成功\"}'),(511,'2020-07-30 17:14:50','2020-07-30 17:14:50',NULL,'127.0.0.1','POST','/categories/createCategories',200,54858571,'Mozilla/5.0 (X11; Ubuntu; Linux x86_64; rv:79.0) Gecko/20100101 Firefox/79.0','','{\"categorySubjectId\":101,\"categoryName\":\"运营平台\"}',10,'{\"code\":0,\"data\":{},\"msg\":\"创建成功\"}'),(512,'2020-07-30 17:14:51','2020-07-30 17:14:51',NULL,'127.0.0.1','GET','/categories/getCategoriesList',200,866702,'Mozilla/5.0 (X11; Ubuntu; Linux x86_64; rv:79.0) Gecko/20100101 Firefox/79.0','','',10,'{\"code\":0,\"data\":{\"list\":[{\"ID\":101,\"CreatedAt\":\"2020-07-30T14:39:09+08:00\",\"UpdatedAt\":\"2020-07-30T14:39:09+08:00\",\"DeletedAt\":null,\"categorySubject\":{\"ID\":100,\"CreatedAt\":\"2020-07-30T10:22:39+08:00\",\"UpdatedAt\":\"2020-07-30T17:12:55+08:00\",\"DeletedAt\":null,\"subjectName\":\"电梯使用场景\"},\"categorySubjectId\":100,\"categoryName\":\"住宅客梯\"},{\"ID\":102,\"CreatedAt\":\"2020-07-30T17:05:44+08:00\",\"UpdatedAt\":\"2020-07-30T17:05:44+08:00\",\"DeletedAt\":null,\"categorySubject\":{\"ID\":100,\"CreatedAt\":\"2020-07-30T10:22:39+08:00\",\"UpdatedAt\":\"2020-07-30T17:12:55+08:00\",\"DeletedAt\":null,\"subjectName\":\"电梯使用场景\"},\"categorySubjectId\":100,\"categoryName\":\"住宅货梯\"},{\"ID\":103,\"CreatedAt\":\"2020-07-30T17:06:15+08:00\",\"UpdatedAt\":\"2020-07-30T17:06:15+08:00\",\"DeletedAt\":null,\"categorySubject\":{\"ID\":100,\"CreatedAt\":\"2020-07-30T10:22:39+08:00\",\"UpdatedAt\":\"2020-07-30T17:12:55+08:00\",\"DeletedAt\":null,\"subjectName\":\"电梯使用场景\"},\"categorySubjectId\":100,\"categoryName\":\"住宅扶梯\"},{\"ID\":104,\"CreatedAt\":\"2020-07-30T17:06:57+08:00\",\"UpdatedAt\":\"2020-07-30T17:06:57+08:00\",\"DeletedAt\":null,\"categorySubject\":{\"ID\":100,\"CreatedAt\":\"2020-07-30T10:22:39+08:00\",\"UpdatedAt\":\"2020-07-30T17:12:55+08:00\",\"DeletedAt\":null,\"subjectName\":\"电梯使用场景\"},\"categorySubjectId\":100,\"categoryName\":\"商场客梯\"},{\"ID\":105,\"CreatedAt\":\"2020-07-30T17:07:06+08:00\",\"UpdatedAt\":\"2020-07-30T17:07:06+08:00\",\"DeletedAt\":null,\"categorySubject\":{\"ID\":100,\"CreatedAt\":\"2020-07-30T10:22:39+08:00\",\"UpdatedAt\":\"2020-07-30T17:12:55+08:00\",\"DeletedAt\":null,\"subjectName\":\"电梯使用场景\"},\"categorySubjectId\":100,\"categoryName\":\"商场货梯\"},{\"ID\":106,\"CreatedAt\":\"2020-07-30T17:07:19+08:00\",\"UpdatedAt\":\"2020-07-30T17:07:19+08:00\",\"DeletedAt\":null,\"categorySubject\":{\"ID\":100,\"CreatedAt\":\"2020-07-30T10:22:39+08:00\",\"UpdatedAt\":\"2020-07-30T17:12:55+08:00\",\"DeletedAt\":null,\"subjectName\":\"电梯使用场景\"},\"categorySubjectId\":100,\"categoryName\":\"商场扶梯\"},{\"ID\":107,\"CreatedAt\":\"2020-07-30T17:08:45+08:00\",\"UpdatedAt\":\"2020-07-30T17:08:45+08:00\",\"DeletedAt\":null,\"categorySubject\":{\"ID\":100,\"CreatedAt\":\"2020-07-30T10:22:39+08:00\",\"UpdatedAt\":\"2020-07-30T17:12:55+08:00\",\"DeletedAt\":null,\"subjectName\":\"电梯使用场景\"},\"categorySubjectId\":100,\"categoryName\":\"医院客梯\"},{\"ID\":108,\"CreatedAt\":\"2020-07-30T17:09:00+08:00\",\"UpdatedAt\":\"2020-07-30T17:09:00+08:00\",\"DeletedAt\":null,\"categorySubject\":{\"ID\":100,\"CreatedAt\":\"2020-07-30T10:22:39+08:00\",\"UpdatedAt\":\"2020-07-30T17:12:55+08:00\",\"DeletedAt\":null,\"subjectName\":\"电梯使用场景\"},\"categorySubjectId\":100,\"categoryName\":\"医院货梯\"},{\"ID\":109,\"CreatedAt\":\"2020-07-30T17:09:11+08:00\",\"UpdatedAt\":\"2020-07-30T17:09:11+08:00\",\"DeletedAt\":null,\"categorySubject\":{\"ID\":100,\"CreatedAt\":\"2020-07-30T10:22:39+08:00\",\"UpdatedAt\":\"2020-07-30T17:12:55+08:00\",\"DeletedAt\":null,\"subjectName\":\"电梯使用场景\"},\"categorySubjectId\":100,\"categoryName\":\"医院扶梯\"},{\"ID\":110,\"CreatedAt\":\"2020-07-30T17:10:24+08:00\",\"UpdatedAt\":\"2020-07-30T17:10:24+08:00\",\"DeletedAt\":null,\"categorySubject\":{\"ID\":100,\"CreatedAt\":\"2020-07-30T10:22:39+08:00\",\"UpdatedAt\":\"2020-07-30T17:12:55+08:00\",\"DeletedAt\":null,\"subjectName\":\"电梯使用场景\"},\"categorySubjectId\":100,\"categoryName\":\"写字楼客梯\"}],\"total\":14,\"page\":1,\"pageSize\":10},\"msg\":\"操作成功\"}'),(513,'2020-07-30 17:16:21','2020-07-30 17:16:21',NULL,'127.0.0.1','POST','/categories/createCategories',200,56059625,'Mozilla/5.0 (X11; Ubuntu; Linux x86_64; rv:79.0) Gecko/20100101 Firefox/79.0','','{\"categorySubjectId\":101,\"categoryName\":\"物业\"}',10,'{\"code\":0,\"data\":{},\"msg\":\"创建成功\"}'),(514,'2020-07-30 17:16:21','2020-07-30 17:16:21',NULL,'127.0.0.1','GET','/categories/getCategoriesList',200,673249,'Mozilla/5.0 (X11; Ubuntu; Linux x86_64; rv:79.0) Gecko/20100101 Firefox/79.0','','',10,'{\"code\":0,\"data\":{\"list\":[{\"ID\":101,\"CreatedAt\":\"2020-07-30T14:39:09+08:00\",\"UpdatedAt\":\"2020-07-30T14:39:09+08:00\",\"DeletedAt\":null,\"categorySubject\":{\"ID\":100,\"CreatedAt\":\"2020-07-30T10:22:39+08:00\",\"UpdatedAt\":\"2020-07-30T17:12:55+08:00\",\"DeletedAt\":null,\"subjectName\":\"电梯使用场景\"},\"categorySubjectId\":100,\"categoryName\":\"住宅客梯\"},{\"ID\":102,\"CreatedAt\":\"2020-07-30T17:05:44+08:00\",\"UpdatedAt\":\"2020-07-30T17:05:44+08:00\",\"DeletedAt\":null,\"categorySubject\":{\"ID\":100,\"CreatedAt\":\"2020-07-30T10:22:39+08:00\",\"UpdatedAt\":\"2020-07-30T17:12:55+08:00\",\"DeletedAt\":null,\"subjectName\":\"电梯使用场景\"},\"categorySubjectId\":100,\"categoryName\":\"住宅货梯\"},{\"ID\":103,\"CreatedAt\":\"2020-07-30T17:06:15+08:00\",\"UpdatedAt\":\"2020-07-30T17:06:15+08:00\",\"DeletedAt\":null,\"categorySubject\":{\"ID\":100,\"CreatedAt\":\"2020-07-30T10:22:39+08:00\",\"UpdatedAt\":\"2020-07-30T17:12:55+08:00\",\"DeletedAt\":null,\"subjectName\":\"电梯使用场景\"},\"categorySubjectId\":100,\"categoryName\":\"住宅扶梯\"},{\"ID\":104,\"CreatedAt\":\"2020-07-30T17:06:57+08:00\",\"UpdatedAt\":\"2020-07-30T17:06:57+08:00\",\"DeletedAt\":null,\"categorySubject\":{\"ID\":100,\"CreatedAt\":\"2020-07-30T10:22:39+08:00\",\"UpdatedAt\":\"2020-07-30T17:12:55+08:00\",\"DeletedAt\":null,\"subjectName\":\"电梯使用场景\"},\"categorySubjectId\":100,\"categoryName\":\"商场客梯\"},{\"ID\":105,\"CreatedAt\":\"2020-07-30T17:07:06+08:00\",\"UpdatedAt\":\"2020-07-30T17:07:06+08:00\",\"DeletedAt\":null,\"categorySubject\":{\"ID\":100,\"CreatedAt\":\"2020-07-30T10:22:39+08:00\",\"UpdatedAt\":\"2020-07-30T17:12:55+08:00\",\"DeletedAt\":null,\"subjectName\":\"电梯使用场景\"},\"categorySubjectId\":100,\"categoryName\":\"商场货梯\"},{\"ID\":106,\"CreatedAt\":\"2020-07-30T17:07:19+08:00\",\"UpdatedAt\":\"2020-07-30T17:07:19+08:00\",\"DeletedAt\":null,\"categorySubject\":{\"ID\":100,\"CreatedAt\":\"2020-07-30T10:22:39+08:00\",\"UpdatedAt\":\"2020-07-30T17:12:55+08:00\",\"DeletedAt\":null,\"subjectName\":\"电梯使用场景\"},\"categorySubjectId\":100,\"categoryName\":\"商场扶梯\"},{\"ID\":107,\"CreatedAt\":\"2020-07-30T17:08:45+08:00\",\"UpdatedAt\":\"2020-07-30T17:08:45+08:00\",\"DeletedAt\":null,\"categorySubject\":{\"ID\":100,\"CreatedAt\":\"2020-07-30T10:22:39+08:00\",\"UpdatedAt\":\"2020-07-30T17:12:55+08:00\",\"DeletedAt\":null,\"subjectName\":\"电梯使用场景\"},\"categorySubjectId\":100,\"categoryName\":\"医院客梯\"},{\"ID\":108,\"CreatedAt\":\"2020-07-30T17:09:00+08:00\",\"UpdatedAt\":\"2020-07-30T17:09:00+08:00\",\"DeletedAt\":null,\"categorySubject\":{\"ID\":100,\"CreatedAt\":\"2020-07-30T10:22:39+08:00\",\"UpdatedAt\":\"2020-07-30T17:12:55+08:00\",\"DeletedAt\":null,\"subjectName\":\"电梯使用场景\"},\"categorySubjectId\":100,\"categoryName\":\"医院货梯\"},{\"ID\":109,\"CreatedAt\":\"2020-07-30T17:09:11+08:00\",\"UpdatedAt\":\"2020-07-30T17:09:11+08:00\",\"DeletedAt\":null,\"categorySubject\":{\"ID\":100,\"CreatedAt\":\"2020-07-30T10:22:39+08:00\",\"UpdatedAt\":\"2020-07-30T17:12:55+08:00\",\"DeletedAt\":null,\"subjectName\":\"电梯使用场景\"},\"categorySubjectId\":100,\"categoryName\":\"医院扶梯\"},{\"ID\":110,\"CreatedAt\":\"2020-07-30T17:10:24+08:00\",\"UpdatedAt\":\"2020-07-30T17:10:24+08:00\",\"DeletedAt\":null,\"categorySubject\":{\"ID\":100,\"CreatedAt\":\"2020-07-30T10:22:39+08:00\",\"UpdatedAt\":\"2020-07-30T17:12:55+08:00\",\"DeletedAt\":null,\"subjectName\":\"电梯使用场景\"},\"categorySubjectId\":100,\"categoryName\":\"写字楼客梯\"}],\"total\":15,\"page\":1,\"pageSize\":10},\"msg\":\"操作成功\"}'),(515,'2020-07-30 17:16:40','2020-07-30 17:16:40',NULL,'127.0.0.1','POST','/categories/createCategories',200,117789757,'Mozilla/5.0 (X11; Ubuntu; Linux x86_64; rv:79.0) Gecko/20100101 Firefox/79.0','','{\"categorySubjectId\":101,\"categoryName\":\"维保公司\"}',10,'{\"code\":0,\"data\":{},\"msg\":\"创建成功\"}'),(516,'2020-07-30 17:16:40','2020-07-30 17:16:40',NULL,'127.0.0.1','GET','/categories/getCategoriesList',200,909714,'Mozilla/5.0 (X11; Ubuntu; Linux x86_64; rv:79.0) Gecko/20100101 Firefox/79.0','','',10,'{\"code\":0,\"data\":{\"list\":[{\"ID\":101,\"CreatedAt\":\"2020-07-30T14:39:09+08:00\",\"UpdatedAt\":\"2020-07-30T14:39:09+08:00\",\"DeletedAt\":null,\"categorySubject\":{\"ID\":100,\"CreatedAt\":\"2020-07-30T10:22:39+08:00\",\"UpdatedAt\":\"2020-07-30T17:12:55+08:00\",\"DeletedAt\":null,\"subjectName\":\"电梯使用场景\"},\"categorySubjectId\":100,\"categoryName\":\"住宅客梯\"},{\"ID\":102,\"CreatedAt\":\"2020-07-30T17:05:44+08:00\",\"UpdatedAt\":\"2020-07-30T17:05:44+08:00\",\"DeletedAt\":null,\"categorySubject\":{\"ID\":100,\"CreatedAt\":\"2020-07-30T10:22:39+08:00\",\"UpdatedAt\":\"2020-07-30T17:12:55+08:00\",\"DeletedAt\":null,\"subjectName\":\"电梯使用场景\"},\"categorySubjectId\":100,\"categoryName\":\"住宅货梯\"},{\"ID\":103,\"CreatedAt\":\"2020-07-30T17:06:15+08:00\",\"UpdatedAt\":\"2020-07-30T17:06:15+08:00\",\"DeletedAt\":null,\"categorySubject\":{\"ID\":100,\"CreatedAt\":\"2020-07-30T10:22:39+08:00\",\"UpdatedAt\":\"2020-07-30T17:12:55+08:00\",\"DeletedAt\":null,\"subjectName\":\"电梯使用场景\"},\"categorySubjectId\":100,\"categoryName\":\"住宅扶梯\"},{\"ID\":104,\"CreatedAt\":\"2020-07-30T17:06:57+08:00\",\"UpdatedAt\":\"2020-07-30T17:06:57+08:00\",\"DeletedAt\":null,\"categorySubject\":{\"ID\":100,\"CreatedAt\":\"2020-07-30T10:22:39+08:00\",\"UpdatedAt\":\"2020-07-30T17:12:55+08:00\",\"DeletedAt\":null,\"subjectName\":\"电梯使用场景\"},\"categorySubjectId\":100,\"categoryName\":\"商场客梯\"},{\"ID\":105,\"CreatedAt\":\"2020-07-30T17:07:06+08:00\",\"UpdatedAt\":\"2020-07-30T17:07:06+08:00\",\"DeletedAt\":null,\"categorySubject\":{\"ID\":100,\"CreatedAt\":\"2020-07-30T10:22:39+08:00\",\"UpdatedAt\":\"2020-07-30T17:12:55+08:00\",\"DeletedAt\":null,\"subjectName\":\"电梯使用场景\"},\"categorySubjectId\":100,\"categoryName\":\"商场货梯\"},{\"ID\":106,\"CreatedAt\":\"2020-07-30T17:07:19+08:00\",\"UpdatedAt\":\"2020-07-30T17:07:19+08:00\",\"DeletedAt\":null,\"categorySubject\":{\"ID\":100,\"CreatedAt\":\"2020-07-30T10:22:39+08:00\",\"UpdatedAt\":\"2020-07-30T17:12:55+08:00\",\"DeletedAt\":null,\"subjectName\":\"电梯使用场景\"},\"categorySubjectId\":100,\"categoryName\":\"商场扶梯\"},{\"ID\":107,\"CreatedAt\":\"2020-07-30T17:08:45+08:00\",\"UpdatedAt\":\"2020-07-30T17:08:45+08:00\",\"DeletedAt\":null,\"categorySubject\":{\"ID\":100,\"CreatedAt\":\"2020-07-30T10:22:39+08:00\",\"UpdatedAt\":\"2020-07-30T17:12:55+08:00\",\"DeletedAt\":null,\"subjectName\":\"电梯使用场景\"},\"categorySubjectId\":100,\"categoryName\":\"医院客梯\"},{\"ID\":108,\"CreatedAt\":\"2020-07-30T17:09:00+08:00\",\"UpdatedAt\":\"2020-07-30T17:09:00+08:00\",\"DeletedAt\":null,\"categorySubject\":{\"ID\":100,\"CreatedAt\":\"2020-07-30T10:22:39+08:00\",\"UpdatedAt\":\"2020-07-30T17:12:55+08:00\",\"DeletedAt\":null,\"subjectName\":\"电梯使用场景\"},\"categorySubjectId\":100,\"categoryName\":\"医院货梯\"},{\"ID\":109,\"CreatedAt\":\"2020-07-30T17:09:11+08:00\",\"UpdatedAt\":\"2020-07-30T17:09:11+08:00\",\"DeletedAt\":null,\"categorySubject\":{\"ID\":100,\"CreatedAt\":\"2020-07-30T10:22:39+08:00\",\"UpdatedAt\":\"2020-07-30T17:12:55+08:00\",\"DeletedAt\":null,\"subjectName\":\"电梯使用场景\"},\"categorySubjectId\":100,\"categoryName\":\"医院扶梯\"},{\"ID\":110,\"CreatedAt\":\"2020-07-30T17:10:24+08:00\",\"UpdatedAt\":\"2020-07-30T17:10:24+08:00\",\"DeletedAt\":null,\"categorySubject\":{\"ID\":100,\"CreatedAt\":\"2020-07-30T10:22:39+08:00\",\"UpdatedAt\":\"2020-07-30T17:12:55+08:00\",\"DeletedAt\":null,\"subjectName\":\"电梯使用场景\"},\"categorySubjectId\":100,\"categoryName\":\"写字楼客梯\"}],\"total\":16,\"page\":1,\"pageSize\":10},\"msg\":\"操作成功\"}'),(517,'2020-07-30 17:17:15','2020-07-30 17:17:15',NULL,'127.0.0.1','POST','/categories/createCategories',200,71594034,'Mozilla/5.0 (X11; Ubuntu; Linux x86_64; rv:79.0) Gecko/20100101 Firefox/79.0','','{\"categorySubjectId\":101,\"categoryName\":\"电梯生产商\"}',10,'{\"code\":0,\"data\":{},\"msg\":\"创建成功\"}'),(518,'2020-07-30 17:17:16','2020-07-30 17:17:16',NULL,'127.0.0.1','GET','/categories/getCategoriesList',200,959603,'Mozilla/5.0 (X11; Ubuntu; Linux x86_64; rv:79.0) Gecko/20100101 Firefox/79.0','','',10,'{\"code\":0,\"data\":{\"list\":[{\"ID\":101,\"CreatedAt\":\"2020-07-30T14:39:09+08:00\",\"UpdatedAt\":\"2020-07-30T14:39:09+08:00\",\"DeletedAt\":null,\"categorySubject\":{\"ID\":100,\"CreatedAt\":\"2020-07-30T10:22:39+08:00\",\"UpdatedAt\":\"2020-07-30T17:12:55+08:00\",\"DeletedAt\":null,\"subjectName\":\"电梯使用场景\"},\"categorySubjectId\":100,\"categoryName\":\"住宅客梯\"},{\"ID\":102,\"CreatedAt\":\"2020-07-30T17:05:44+08:00\",\"UpdatedAt\":\"2020-07-30T17:05:44+08:00\",\"DeletedAt\":null,\"categorySubject\":{\"ID\":100,\"CreatedAt\":\"2020-07-30T10:22:39+08:00\",\"UpdatedAt\":\"2020-07-30T17:12:55+08:00\",\"DeletedAt\":null,\"subjectName\":\"电梯使用场景\"},\"categorySubjectId\":100,\"categoryName\":\"住宅货梯\"},{\"ID\":103,\"CreatedAt\":\"2020-07-30T17:06:15+08:00\",\"UpdatedAt\":\"2020-07-30T17:06:15+08:00\",\"DeletedAt\":null,\"categorySubject\":{\"ID\":100,\"CreatedAt\":\"2020-07-30T10:22:39+08:00\",\"UpdatedAt\":\"2020-07-30T17:12:55+08:00\",\"DeletedAt\":null,\"subjectName\":\"电梯使用场景\"},\"categorySubjectId\":100,\"categoryName\":\"住宅扶梯\"},{\"ID\":104,\"CreatedAt\":\"2020-07-30T17:06:57+08:00\",\"UpdatedAt\":\"2020-07-30T17:06:57+08:00\",\"DeletedAt\":null,\"categorySubject\":{\"ID\":100,\"CreatedAt\":\"2020-07-30T10:22:39+08:00\",\"UpdatedAt\":\"2020-07-30T17:12:55+08:00\",\"DeletedAt\":null,\"subjectName\":\"电梯使用场景\"},\"categorySubjectId\":100,\"categoryName\":\"商场客梯\"},{\"ID\":105,\"CreatedAt\":\"2020-07-30T17:07:06+08:00\",\"UpdatedAt\":\"2020-07-30T17:07:06+08:00\",\"DeletedAt\":null,\"categorySubject\":{\"ID\":100,\"CreatedAt\":\"2020-07-30T10:22:39+08:00\",\"UpdatedAt\":\"2020-07-30T17:12:55+08:00\",\"DeletedAt\":null,\"subjectName\":\"电梯使用场景\"},\"categorySubjectId\":100,\"categoryName\":\"商场货梯\"},{\"ID\":106,\"CreatedAt\":\"2020-07-30T17:07:19+08:00\",\"UpdatedAt\":\"2020-07-30T17:07:19+08:00\",\"DeletedAt\":null,\"categorySubject\":{\"ID\":100,\"CreatedAt\":\"2020-07-30T10:22:39+08:00\",\"UpdatedAt\":\"2020-07-30T17:12:55+08:00\",\"DeletedAt\":null,\"subjectName\":\"电梯使用场景\"},\"categorySubjectId\":100,\"categoryName\":\"商场扶梯\"},{\"ID\":107,\"CreatedAt\":\"2020-07-30T17:08:45+08:00\",\"UpdatedAt\":\"2020-07-30T17:08:45+08:00\",\"DeletedAt\":null,\"categorySubject\":{\"ID\":100,\"CreatedAt\":\"2020-07-30T10:22:39+08:00\",\"UpdatedAt\":\"2020-07-30T17:12:55+08:00\",\"DeletedAt\":null,\"subjectName\":\"电梯使用场景\"},\"categorySubjectId\":100,\"categoryName\":\"医院客梯\"},{\"ID\":108,\"CreatedAt\":\"2020-07-30T17:09:00+08:00\",\"UpdatedAt\":\"2020-07-30T17:09:00+08:00\",\"DeletedAt\":null,\"categorySubject\":{\"ID\":100,\"CreatedAt\":\"2020-07-30T10:22:39+08:00\",\"UpdatedAt\":\"2020-07-30T17:12:55+08:00\",\"DeletedAt\":null,\"subjectName\":\"电梯使用场景\"},\"categorySubjectId\":100,\"categoryName\":\"医院货梯\"},{\"ID\":109,\"CreatedAt\":\"2020-07-30T17:09:11+08:00\",\"UpdatedAt\":\"2020-07-30T17:09:11+08:00\",\"DeletedAt\":null,\"categorySubject\":{\"ID\":100,\"CreatedAt\":\"2020-07-30T10:22:39+08:00\",\"UpdatedAt\":\"2020-07-30T17:12:55+08:00\",\"DeletedAt\":null,\"subjectName\":\"电梯使用场景\"},\"categorySubjectId\":100,\"categoryName\":\"医院扶梯\"},{\"ID\":110,\"CreatedAt\":\"2020-07-30T17:10:24+08:00\",\"UpdatedAt\":\"2020-07-30T17:10:24+08:00\",\"DeletedAt\":null,\"categorySubject\":{\"ID\":100,\"CreatedAt\":\"2020-07-30T10:22:39+08:00\",\"UpdatedAt\":\"2020-07-30T17:12:55+08:00\",\"DeletedAt\":null,\"subjectName\":\"电梯使用场景\"},\"categorySubjectId\":100,\"categoryName\":\"写字楼客梯\"}],\"total\":17,\"page\":1,\"pageSize\":10},\"msg\":\"操作成功\"}'),(519,'2020-07-30 17:18:20','2020-07-30 17:18:20',NULL,'127.0.0.1','POST','/categories/createCategories',200,95165075,'Mozilla/5.0 (X11; Ubuntu; Linux x86_64; rv:79.0) Gecko/20100101 Firefox/79.0','','{\"categorySubjectId\":101,\"categoryName\":\"电梯年检单位\"}',10,'{\"code\":0,\"data\":{},\"msg\":\"创建成功\"}'),(520,'2020-07-30 17:18:20','2020-07-30 17:18:20',NULL,'127.0.0.1','GET','/categories/getCategoriesList',200,722338,'Mozilla/5.0 (X11; Ubuntu; Linux x86_64; rv:79.0) Gecko/20100101 Firefox/79.0','','',10,'{\"code\":0,\"data\":{\"list\":[{\"ID\":101,\"CreatedAt\":\"2020-07-30T14:39:09+08:00\",\"UpdatedAt\":\"2020-07-30T14:39:09+08:00\",\"DeletedAt\":null,\"categorySubject\":{\"ID\":100,\"CreatedAt\":\"2020-07-30T10:22:39+08:00\",\"UpdatedAt\":\"2020-07-30T17:12:55+08:00\",\"DeletedAt\":null,\"subjectName\":\"电梯使用场景\"},\"categorySubjectId\":100,\"categoryName\":\"住宅客梯\"},{\"ID\":102,\"CreatedAt\":\"2020-07-30T17:05:44+08:00\",\"UpdatedAt\":\"2020-07-30T17:05:44+08:00\",\"DeletedAt\":null,\"categorySubject\":{\"ID\":100,\"CreatedAt\":\"2020-07-30T10:22:39+08:00\",\"UpdatedAt\":\"2020-07-30T17:12:55+08:00\",\"DeletedAt\":null,\"subjectName\":\"电梯使用场景\"},\"categorySubjectId\":100,\"categoryName\":\"住宅货梯\"},{\"ID\":103,\"CreatedAt\":\"2020-07-30T17:06:15+08:00\",\"UpdatedAt\":\"2020-07-30T17:06:15+08:00\",\"DeletedAt\":null,\"categorySubject\":{\"ID\":100,\"CreatedAt\":\"2020-07-30T10:22:39+08:00\",\"UpdatedAt\":\"2020-07-30T17:12:55+08:00\",\"DeletedAt\":null,\"subjectName\":\"电梯使用场景\"},\"categorySubjectId\":100,\"categoryName\":\"住宅扶梯\"},{\"ID\":104,\"CreatedAt\":\"2020-07-30T17:06:57+08:00\",\"UpdatedAt\":\"2020-07-30T17:06:57+08:00\",\"DeletedAt\":null,\"categorySubject\":{\"ID\":100,\"CreatedAt\":\"2020-07-30T10:22:39+08:00\",\"UpdatedAt\":\"2020-07-30T17:12:55+08:00\",\"DeletedAt\":null,\"subjectName\":\"电梯使用场景\"},\"categorySubjectId\":100,\"categoryName\":\"商场客梯\"},{\"ID\":105,\"CreatedAt\":\"2020-07-30T17:07:06+08:00\",\"UpdatedAt\":\"2020-07-30T17:07:06+08:00\",\"DeletedAt\":null,\"categorySubject\":{\"ID\":100,\"CreatedAt\":\"2020-07-30T10:22:39+08:00\",\"UpdatedAt\":\"2020-07-30T17:12:55+08:00\",\"DeletedAt\":null,\"subjectName\":\"电梯使用场景\"},\"categorySubjectId\":100,\"categoryName\":\"商场货梯\"},{\"ID\":106,\"CreatedAt\":\"2020-07-30T17:07:19+08:00\",\"UpdatedAt\":\"2020-07-30T17:07:19+08:00\",\"DeletedAt\":null,\"categorySubject\":{\"ID\":100,\"CreatedAt\":\"2020-07-30T10:22:39+08:00\",\"UpdatedAt\":\"2020-07-30T17:12:55+08:00\",\"DeletedAt\":null,\"subjectName\":\"电梯使用场景\"},\"categorySubjectId\":100,\"categoryName\":\"商场扶梯\"},{\"ID\":107,\"CreatedAt\":\"2020-07-30T17:08:45+08:00\",\"UpdatedAt\":\"2020-07-30T17:08:45+08:00\",\"DeletedAt\":null,\"categorySubject\":{\"ID\":100,\"CreatedAt\":\"2020-07-30T10:22:39+08:00\",\"UpdatedAt\":\"2020-07-30T17:12:55+08:00\",\"DeletedAt\":null,\"subjectName\":\"电梯使用场景\"},\"categorySubjectId\":100,\"categoryName\":\"医院客梯\"},{\"ID\":108,\"CreatedAt\":\"2020-07-30T17:09:00+08:00\",\"UpdatedAt\":\"2020-07-30T17:09:00+08:00\",\"DeletedAt\":null,\"categorySubject\":{\"ID\":100,\"CreatedAt\":\"2020-07-30T10:22:39+08:00\",\"UpdatedAt\":\"2020-07-30T17:12:55+08:00\",\"DeletedAt\":null,\"subjectName\":\"电梯使用场景\"},\"categorySubjectId\":100,\"categoryName\":\"医院货梯\"},{\"ID\":109,\"CreatedAt\":\"2020-07-30T17:09:11+08:00\",\"UpdatedAt\":\"2020-07-30T17:09:11+08:00\",\"DeletedAt\":null,\"categorySubject\":{\"ID\":100,\"CreatedAt\":\"2020-07-30T10:22:39+08:00\",\"UpdatedAt\":\"2020-07-30T17:12:55+08:00\",\"DeletedAt\":null,\"subjectName\":\"电梯使用场景\"},\"categorySubjectId\":100,\"categoryName\":\"医院扶梯\"},{\"ID\":110,\"CreatedAt\":\"2020-07-30T17:10:24+08:00\",\"UpdatedAt\":\"2020-07-30T17:10:24+08:00\",\"DeletedAt\":null,\"categorySubject\":{\"ID\":100,\"CreatedAt\":\"2020-07-30T10:22:39+08:00\",\"UpdatedAt\":\"2020-07-30T17:12:55+08:00\",\"DeletedAt\":null,\"subjectName\":\"电梯使用场景\"},\"categorySubjectId\":100,\"categoryName\":\"写字楼客梯\"}],\"total\":18,\"page\":1,\"pageSize\":10},\"msg\":\"操作成功\"}'),(521,'2020-07-30 17:18:37','2020-07-30 17:18:37',NULL,'127.0.0.1','POST','/categories/createCategories',200,77883505,'Mozilla/5.0 (X11; Ubuntu; Linux x86_64; rv:79.0) Gecko/20100101 Firefox/79.0','','{\"categorySubjectId\":101,\"categoryName\":\"电梯安装公司\"}',10,'{\"code\":0,\"data\":{},\"msg\":\"创建成功\"}'),(522,'2020-07-30 17:18:37','2020-07-30 17:18:37',NULL,'127.0.0.1','GET','/categories/getCategoriesList',200,1029699,'Mozilla/5.0 (X11; Ubuntu; Linux x86_64; rv:79.0) Gecko/20100101 Firefox/79.0','','',10,'{\"code\":0,\"data\":{\"list\":[{\"ID\":101,\"CreatedAt\":\"2020-07-30T14:39:09+08:00\",\"UpdatedAt\":\"2020-07-30T14:39:09+08:00\",\"DeletedAt\":null,\"categorySubject\":{\"ID\":100,\"CreatedAt\":\"2020-07-30T10:22:39+08:00\",\"UpdatedAt\":\"2020-07-30T17:12:55+08:00\",\"DeletedAt\":null,\"subjectName\":\"电梯使用场景\"},\"categorySubjectId\":100,\"categoryName\":\"住宅客梯\"},{\"ID\":102,\"CreatedAt\":\"2020-07-30T17:05:44+08:00\",\"UpdatedAt\":\"2020-07-30T17:05:44+08:00\",\"DeletedAt\":null,\"categorySubject\":{\"ID\":100,\"CreatedAt\":\"2020-07-30T10:22:39+08:00\",\"UpdatedAt\":\"2020-07-30T17:12:55+08:00\",\"DeletedAt\":null,\"subjectName\":\"电梯使用场景\"},\"categorySubjectId\":100,\"categoryName\":\"住宅货梯\"},{\"ID\":103,\"CreatedAt\":\"2020-07-30T17:06:15+08:00\",\"UpdatedAt\":\"2020-07-30T17:06:15+08:00\",\"DeletedAt\":null,\"categorySubject\":{\"ID\":100,\"CreatedAt\":\"2020-07-30T10:22:39+08:00\",\"UpdatedAt\":\"2020-07-30T17:12:55+08:00\",\"DeletedAt\":null,\"subjectName\":\"电梯使用场景\"},\"categorySubjectId\":100,\"categoryName\":\"住宅扶梯\"},{\"ID\":104,\"CreatedAt\":\"2020-07-30T17:06:57+08:00\",\"UpdatedAt\":\"2020-07-30T17:06:57+08:00\",\"DeletedAt\":null,\"categorySubject\":{\"ID\":100,\"CreatedAt\":\"2020-07-30T10:22:39+08:00\",\"UpdatedAt\":\"2020-07-30T17:12:55+08:00\",\"DeletedAt\":null,\"subjectName\":\"电梯使用场景\"},\"categorySubjectId\":100,\"categoryName\":\"商场客梯\"},{\"ID\":105,\"CreatedAt\":\"2020-07-30T17:07:06+08:00\",\"UpdatedAt\":\"2020-07-30T17:07:06+08:00\",\"DeletedAt\":null,\"categorySubject\":{\"ID\":100,\"CreatedAt\":\"2020-07-30T10:22:39+08:00\",\"UpdatedAt\":\"2020-07-30T17:12:55+08:00\",\"DeletedAt\":null,\"subjectName\":\"电梯使用场景\"},\"categorySubjectId\":100,\"categoryName\":\"商场货梯\"},{\"ID\":106,\"CreatedAt\":\"2020-07-30T17:07:19+08:00\",\"UpdatedAt\":\"2020-07-30T17:07:19+08:00\",\"DeletedAt\":null,\"categorySubject\":{\"ID\":100,\"CreatedAt\":\"2020-07-30T10:22:39+08:00\",\"UpdatedAt\":\"2020-07-30T17:12:55+08:00\",\"DeletedAt\":null,\"subjectName\":\"电梯使用场景\"},\"categorySubjectId\":100,\"categoryName\":\"商场扶梯\"},{\"ID\":107,\"CreatedAt\":\"2020-07-30T17:08:45+08:00\",\"UpdatedAt\":\"2020-07-30T17:08:45+08:00\",\"DeletedAt\":null,\"categorySubject\":{\"ID\":100,\"CreatedAt\":\"2020-07-30T10:22:39+08:00\",\"UpdatedAt\":\"2020-07-30T17:12:55+08:00\",\"DeletedAt\":null,\"subjectName\":\"电梯使用场景\"},\"categorySubjectId\":100,\"categoryName\":\"医院客梯\"},{\"ID\":108,\"CreatedAt\":\"2020-07-30T17:09:00+08:00\",\"UpdatedAt\":\"2020-07-30T17:09:00+08:00\",\"DeletedAt\":null,\"categorySubject\":{\"ID\":100,\"CreatedAt\":\"2020-07-30T10:22:39+08:00\",\"UpdatedAt\":\"2020-07-30T17:12:55+08:00\",\"DeletedAt\":null,\"subjectName\":\"电梯使用场景\"},\"categorySubjectId\":100,\"categoryName\":\"医院货梯\"},{\"ID\":109,\"CreatedAt\":\"2020-07-30T17:09:11+08:00\",\"UpdatedAt\":\"2020-07-30T17:09:11+08:00\",\"DeletedAt\":null,\"categorySubject\":{\"ID\":100,\"CreatedAt\":\"2020-07-30T10:22:39+08:00\",\"UpdatedAt\":\"2020-07-30T17:12:55+08:00\",\"DeletedAt\":null,\"subjectName\":\"电梯使用场景\"},\"categorySubjectId\":100,\"categoryName\":\"医院扶梯\"},{\"ID\":110,\"CreatedAt\":\"2020-07-30T17:10:24+08:00\",\"UpdatedAt\":\"2020-07-30T17:10:24+08:00\",\"DeletedAt\":null,\"categorySubject\":{\"ID\":100,\"CreatedAt\":\"2020-07-30T10:22:39+08:00\",\"UpdatedAt\":\"2020-07-30T17:12:55+08:00\",\"DeletedAt\":null,\"subjectName\":\"电梯使用场景\"},\"categorySubjectId\":100,\"categoryName\":\"写字楼客梯\"}],\"total\":19,\"page\":1,\"pageSize\":10},\"msg\":\"操作成功\"}'),(523,'2020-07-30 17:19:01','2020-07-30 17:19:01',NULL,'127.0.0.1','POST','/categories/createCategories',200,57259888,'Mozilla/5.0 (X11; Ubuntu; Linux x86_64; rv:79.0) Gecko/20100101 Firefox/79.0','','{\"categorySubjectId\":101,\"categoryName\":\"监督单位\"}',10,'{\"code\":0,\"data\":{},\"msg\":\"创建成功\"}'),(524,'2020-07-30 17:19:01','2020-07-30 17:19:01',NULL,'127.0.0.1','GET','/categories/getCategoriesList',200,780578,'Mozilla/5.0 (X11; Ubuntu; Linux x86_64; rv:79.0) Gecko/20100101 Firefox/79.0','','',10,'{\"code\":0,\"data\":{\"list\":[{\"ID\":101,\"CreatedAt\":\"2020-07-30T14:39:09+08:00\",\"UpdatedAt\":\"2020-07-30T14:39:09+08:00\",\"DeletedAt\":null,\"categorySubject\":{\"ID\":100,\"CreatedAt\":\"2020-07-30T10:22:39+08:00\",\"UpdatedAt\":\"2020-07-30T17:12:55+08:00\",\"DeletedAt\":null,\"subjectName\":\"电梯使用场景\"},\"categorySubjectId\":100,\"categoryName\":\"住宅客梯\"},{\"ID\":102,\"CreatedAt\":\"2020-07-30T17:05:44+08:00\",\"UpdatedAt\":\"2020-07-30T17:05:44+08:00\",\"DeletedAt\":null,\"categorySubject\":{\"ID\":100,\"CreatedAt\":\"2020-07-30T10:22:39+08:00\",\"UpdatedAt\":\"2020-07-30T17:12:55+08:00\",\"DeletedAt\":null,\"subjectName\":\"电梯使用场景\"},\"categorySubjectId\":100,\"categoryName\":\"住宅货梯\"},{\"ID\":103,\"CreatedAt\":\"2020-07-30T17:06:15+08:00\",\"UpdatedAt\":\"2020-07-30T17:06:15+08:00\",\"DeletedAt\":null,\"categorySubject\":{\"ID\":100,\"CreatedAt\":\"2020-07-30T10:22:39+08:00\",\"UpdatedAt\":\"2020-07-30T17:12:55+08:00\",\"DeletedAt\":null,\"subjectName\":\"电梯使用场景\"},\"categorySubjectId\":100,\"categoryName\":\"住宅扶梯\"},{\"ID\":104,\"CreatedAt\":\"2020-07-30T17:06:57+08:00\",\"UpdatedAt\":\"2020-07-30T17:06:57+08:00\",\"DeletedAt\":null,\"categorySubject\":{\"ID\":100,\"CreatedAt\":\"2020-07-30T10:22:39+08:00\",\"UpdatedAt\":\"2020-07-30T17:12:55+08:00\",\"DeletedAt\":null,\"subjectName\":\"电梯使用场景\"},\"categorySubjectId\":100,\"categoryName\":\"商场客梯\"},{\"ID\":105,\"CreatedAt\":\"2020-07-30T17:07:06+08:00\",\"UpdatedAt\":\"2020-07-30T17:07:06+08:00\",\"DeletedAt\":null,\"categorySubject\":{\"ID\":100,\"CreatedAt\":\"2020-07-30T10:22:39+08:00\",\"UpdatedAt\":\"2020-07-30T17:12:55+08:00\",\"DeletedAt\":null,\"subjectName\":\"电梯使用场景\"},\"categorySubjectId\":100,\"categoryName\":\"商场货梯\"},{\"ID\":106,\"CreatedAt\":\"2020-07-30T17:07:19+08:00\",\"UpdatedAt\":\"2020-07-30T17:07:19+08:00\",\"DeletedAt\":null,\"categorySubject\":{\"ID\":100,\"CreatedAt\":\"2020-07-30T10:22:39+08:00\",\"UpdatedAt\":\"2020-07-30T17:12:55+08:00\",\"DeletedAt\":null,\"subjectName\":\"电梯使用场景\"},\"categorySubjectId\":100,\"categoryName\":\"商场扶梯\"},{\"ID\":107,\"CreatedAt\":\"2020-07-30T17:08:45+08:00\",\"UpdatedAt\":\"2020-07-30T17:08:45+08:00\",\"DeletedAt\":null,\"categorySubject\":{\"ID\":100,\"CreatedAt\":\"2020-07-30T10:22:39+08:00\",\"UpdatedAt\":\"2020-07-30T17:12:55+08:00\",\"DeletedAt\":null,\"subjectName\":\"电梯使用场景\"},\"categorySubjectId\":100,\"categoryName\":\"医院客梯\"},{\"ID\":108,\"CreatedAt\":\"2020-07-30T17:09:00+08:00\",\"UpdatedAt\":\"2020-07-30T17:09:00+08:00\",\"DeletedAt\":null,\"categorySubject\":{\"ID\":100,\"CreatedAt\":\"2020-07-30T10:22:39+08:00\",\"UpdatedAt\":\"2020-07-30T17:12:55+08:00\",\"DeletedAt\":null,\"subjectName\":\"电梯使用场景\"},\"categorySubjectId\":100,\"categoryName\":\"医院货梯\"},{\"ID\":109,\"CreatedAt\":\"2020-07-30T17:09:11+08:00\",\"UpdatedAt\":\"2020-07-30T17:09:11+08:00\",\"DeletedAt\":null,\"categorySubject\":{\"ID\":100,\"CreatedAt\":\"2020-07-30T10:22:39+08:00\",\"UpdatedAt\":\"2020-07-30T17:12:55+08:00\",\"DeletedAt\":null,\"subjectName\":\"电梯使用场景\"},\"categorySubjectId\":100,\"categoryName\":\"医院扶梯\"},{\"ID\":110,\"CreatedAt\":\"2020-07-30T17:10:24+08:00\",\"UpdatedAt\":\"2020-07-30T17:10:24+08:00\",\"DeletedAt\":null,\"categorySubject\":{\"ID\":100,\"CreatedAt\":\"2020-07-30T10:22:39+08:00\",\"UpdatedAt\":\"2020-07-30T17:12:55+08:00\",\"DeletedAt\":null,\"subjectName\":\"电梯使用场景\"},\"categorySubjectId\":100,\"categoryName\":\"写字楼客梯\"}],\"total\":20,\"page\":1,\"pageSize\":10},\"msg\":\"操作成功\"}'),(525,'2020-07-30 17:19:22','2020-07-30 17:19:22',NULL,'127.0.0.1','POST','/categories/createCategories',200,59685420,'Mozilla/5.0 (X11; Ubuntu; Linux x86_64; rv:79.0) Gecko/20100101 Firefox/79.0','','{\"categorySubjectId\":101,\"categoryName\":\"电梯使用单位\"}',10,'{\"code\":0,\"data\":{},\"msg\":\"创建成功\"}'),(526,'2020-07-30 17:19:22','2020-07-30 17:19:22',NULL,'127.0.0.1','GET','/categories/getCategoriesList',200,675486,'Mozilla/5.0 (X11; Ubuntu; Linux x86_64; rv:79.0) Gecko/20100101 Firefox/79.0','','',10,'{\"code\":0,\"data\":{\"list\":[{\"ID\":101,\"CreatedAt\":\"2020-07-30T14:39:09+08:00\",\"UpdatedAt\":\"2020-07-30T14:39:09+08:00\",\"DeletedAt\":null,\"categorySubject\":{\"ID\":100,\"CreatedAt\":\"2020-07-30T10:22:39+08:00\",\"UpdatedAt\":\"2020-07-30T17:12:55+08:00\",\"DeletedAt\":null,\"subjectName\":\"电梯使用场景\"},\"categorySubjectId\":100,\"categoryName\":\"住宅客梯\"},{\"ID\":102,\"CreatedAt\":\"2020-07-30T17:05:44+08:00\",\"UpdatedAt\":\"2020-07-30T17:05:44+08:00\",\"DeletedAt\":null,\"categorySubject\":{\"ID\":100,\"CreatedAt\":\"2020-07-30T10:22:39+08:00\",\"UpdatedAt\":\"2020-07-30T17:12:55+08:00\",\"DeletedAt\":null,\"subjectName\":\"电梯使用场景\"},\"categorySubjectId\":100,\"categoryName\":\"住宅货梯\"},{\"ID\":103,\"CreatedAt\":\"2020-07-30T17:06:15+08:00\",\"UpdatedAt\":\"2020-07-30T17:06:15+08:00\",\"DeletedAt\":null,\"categorySubject\":{\"ID\":100,\"CreatedAt\":\"2020-07-30T10:22:39+08:00\",\"UpdatedAt\":\"2020-07-30T17:12:55+08:00\",\"DeletedAt\":null,\"subjectName\":\"电梯使用场景\"},\"categorySubjectId\":100,\"categoryName\":\"住宅扶梯\"},{\"ID\":104,\"CreatedAt\":\"2020-07-30T17:06:57+08:00\",\"UpdatedAt\":\"2020-07-30T17:06:57+08:00\",\"DeletedAt\":null,\"categorySubject\":{\"ID\":100,\"CreatedAt\":\"2020-07-30T10:22:39+08:00\",\"UpdatedAt\":\"2020-07-30T17:12:55+08:00\",\"DeletedAt\":null,\"subjectName\":\"电梯使用场景\"},\"categorySubjectId\":100,\"categoryName\":\"商场客梯\"},{\"ID\":105,\"CreatedAt\":\"2020-07-30T17:07:06+08:00\",\"UpdatedAt\":\"2020-07-30T17:07:06+08:00\",\"DeletedAt\":null,\"categorySubject\":{\"ID\":100,\"CreatedAt\":\"2020-07-30T10:22:39+08:00\",\"UpdatedAt\":\"2020-07-30T17:12:55+08:00\",\"DeletedAt\":null,\"subjectName\":\"电梯使用场景\"},\"categorySubjectId\":100,\"categoryName\":\"商场货梯\"},{\"ID\":106,\"CreatedAt\":\"2020-07-30T17:07:19+08:00\",\"UpdatedAt\":\"2020-07-30T17:07:19+08:00\",\"DeletedAt\":null,\"categorySubject\":{\"ID\":100,\"CreatedAt\":\"2020-07-30T10:22:39+08:00\",\"UpdatedAt\":\"2020-07-30T17:12:55+08:00\",\"DeletedAt\":null,\"subjectName\":\"电梯使用场景\"},\"categorySubjectId\":100,\"categoryName\":\"商场扶梯\"},{\"ID\":107,\"CreatedAt\":\"2020-07-30T17:08:45+08:00\",\"UpdatedAt\":\"2020-07-30T17:08:45+08:00\",\"DeletedAt\":null,\"categorySubject\":{\"ID\":100,\"CreatedAt\":\"2020-07-30T10:22:39+08:00\",\"UpdatedAt\":\"2020-07-30T17:12:55+08:00\",\"DeletedAt\":null,\"subjectName\":\"电梯使用场景\"},\"categorySubjectId\":100,\"categoryName\":\"医院客梯\"},{\"ID\":108,\"CreatedAt\":\"2020-07-30T17:09:00+08:00\",\"UpdatedAt\":\"2020-07-30T17:09:00+08:00\",\"DeletedAt\":null,\"categorySubject\":{\"ID\":100,\"CreatedAt\":\"2020-07-30T10:22:39+08:00\",\"UpdatedAt\":\"2020-07-30T17:12:55+08:00\",\"DeletedAt\":null,\"subjectName\":\"电梯使用场景\"},\"categorySubjectId\":100,\"categoryName\":\"医院货梯\"},{\"ID\":109,\"CreatedAt\":\"2020-07-30T17:09:11+08:00\",\"UpdatedAt\":\"2020-07-30T17:09:11+08:00\",\"DeletedAt\":null,\"categorySubject\":{\"ID\":100,\"CreatedAt\":\"2020-07-30T10:22:39+08:00\",\"UpdatedAt\":\"2020-07-30T17:12:55+08:00\",\"DeletedAt\":null,\"subjectName\":\"电梯使用场景\"},\"categorySubjectId\":100,\"categoryName\":\"医院扶梯\"},{\"ID\":110,\"CreatedAt\":\"2020-07-30T17:10:24+08:00\",\"UpdatedAt\":\"2020-07-30T17:10:24+08:00\",\"DeletedAt\":null,\"categorySubject\":{\"ID\":100,\"CreatedAt\":\"2020-07-30T10:22:39+08:00\",\"UpdatedAt\":\"2020-07-30T17:12:55+08:00\",\"DeletedAt\":null,\"subjectName\":\"电梯使用场景\"},\"categorySubjectId\":100,\"categoryName\":\"写字楼客梯\"}],\"total\":21,\"page\":1,\"pageSize\":10},\"msg\":\"操作成功\"}'),(527,'2020-07-30 17:19:24','2020-07-30 17:19:24',NULL,'127.0.0.1','GET','/categories/getCategoriesList',200,934285,'Mozilla/5.0 (X11; Ubuntu; Linux x86_64; rv:79.0) Gecko/20100101 Firefox/79.0','','',10,'{\"code\":0,\"data\":{\"list\":[{\"ID\":111,\"CreatedAt\":\"2020-07-30T17:10:33+08:00\",\"UpdatedAt\":\"2020-07-30T17:10:33+08:00\",\"DeletedAt\":null,\"categorySubject\":{\"ID\":100,\"CreatedAt\":\"2020-07-30T10:22:39+08:00\",\"UpdatedAt\":\"2020-07-30T17:12:55+08:00\",\"DeletedAt\":null,\"subjectName\":\"电梯使用场景\"},\"categorySubjectId\":100,\"categoryName\":\"写字楼货梯\"},{\"ID\":112,\"CreatedAt\":\"2020-07-30T17:11:54+08:00\",\"UpdatedAt\":\"2020-07-30T17:11:54+08:00\",\"DeletedAt\":null,\"categorySubject\":{\"ID\":100,\"CreatedAt\":\"2020-07-30T10:22:39+08:00\",\"UpdatedAt\":\"2020-07-30T17:12:55+08:00\",\"DeletedAt\":null,\"subjectName\":\"电梯使用场景\"},\"categorySubjectId\":100,\"categoryName\":\"政府单位客梯\"},{\"ID\":113,\"CreatedAt\":\"2020-07-30T17:12:03+08:00\",\"UpdatedAt\":\"2020-07-30T17:12:03+08:00\",\"DeletedAt\":null,\"categorySubject\":{\"ID\":100,\"CreatedAt\":\"2020-07-30T10:22:39+08:00\",\"UpdatedAt\":\"2020-07-30T17:12:55+08:00\",\"DeletedAt\":null,\"subjectName\":\"电梯使用场景\"},\"categorySubjectId\":100,\"categoryName\":\"政府单位货梯\"},{\"ID\":114,\"CreatedAt\":\"2020-07-30T17:14:50+08:00\",\"UpdatedAt\":\"2020-07-30T17:14:50+08:00\",\"DeletedAt\":null,\"categorySubject\":{\"ID\":101,\"CreatedAt\":\"2020-07-30T10:23:20+08:00\",\"UpdatedAt\":\"2020-07-30T10:23:20+08:00\",\"DeletedAt\":null,\"subjectName\":\"公司类别\"},\"categorySubjectId\":101,\"categoryName\":\"运营平台\"},{\"ID\":115,\"CreatedAt\":\"2020-07-30T17:16:21+08:00\",\"UpdatedAt\":\"2020-07-30T17:16:21+08:00\",\"DeletedAt\":null,\"categorySubject\":{\"ID\":101,\"CreatedAt\":\"2020-07-30T10:23:20+08:00\",\"UpdatedAt\":\"2020-07-30T10:23:20+08:00\",\"DeletedAt\":null,\"subjectName\":\"公司类别\"},\"categorySubjectId\":101,\"categoryName\":\"物业\"},{\"ID\":116,\"CreatedAt\":\"2020-07-30T17:16:40+08:00\",\"UpdatedAt\":\"2020-07-30T17:16:40+08:00\",\"DeletedAt\":null,\"categorySubject\":{\"ID\":101,\"CreatedAt\":\"2020-07-30T10:23:20+08:00\",\"UpdatedAt\":\"2020-07-30T10:23:20+08:00\",\"DeletedAt\":null,\"subjectName\":\"公司类别\"},\"categorySubjectId\":101,\"categoryName\":\"维保公司\"},{\"ID\":117,\"CreatedAt\":\"2020-07-30T17:17:15+08:00\",\"UpdatedAt\":\"2020-07-30T17:17:15+08:00\",\"DeletedAt\":null,\"categorySubject\":{\"ID\":101,\"CreatedAt\":\"2020-07-30T10:23:20+08:00\",\"UpdatedAt\":\"2020-07-30T10:23:20+08:00\",\"DeletedAt\":null,\"subjectName\":\"公司类别\"},\"categorySubjectId\":101,\"categoryName\":\"电梯生产商\"},{\"ID\":118,\"CreatedAt\":\"2020-07-30T17:18:20+08:00\",\"UpdatedAt\":\"2020-07-30T17:18:20+08:00\",\"DeletedAt\":null,\"categorySubject\":{\"ID\":101,\"CreatedAt\":\"2020-07-30T10:23:20+08:00\",\"UpdatedAt\":\"2020-07-30T10:23:20+08:00\",\"DeletedAt\":null,\"subjectName\":\"公司类别\"},\"categorySubjectId\":101,\"categoryName\":\"电梯年检单位\"},{\"ID\":119,\"CreatedAt\":\"2020-07-30T17:18:37+08:00\",\"UpdatedAt\":\"2020-07-30T17:18:37+08:00\",\"DeletedAt\":null,\"categorySubject\":{\"ID\":101,\"CreatedAt\":\"2020-07-30T10:23:20+08:00\",\"UpdatedAt\":\"2020-07-30T10:23:20+08:00\",\"DeletedAt\":null,\"subjectName\":\"公司类别\"},\"categorySubjectId\":101,\"categoryName\":\"电梯安装公司\"},{\"ID\":120,\"CreatedAt\":\"2020-07-30T17:19:01+08:00\",\"UpdatedAt\":\"2020-07-30T17:19:01+08:00\",\"DeletedAt\":null,\"categorySubject\":{\"ID\":101,\"CreatedAt\":\"2020-07-30T10:23:20+08:00\",\"UpdatedAt\":\"2020-07-30T10:23:20+08:00\",\"DeletedAt\":null,\"subjectName\":\"公司类别\"},\"categorySubjectId\":101,\"categoryName\":\"监督单位\"}],\"total\":21,\"page\":2,\"pageSize\":10},\"msg\":\"操作成功\"}'),(528,'2020-07-30 17:19:31','2020-07-30 17:19:31',NULL,'127.0.0.1','GET','/categories/getCategoriesList',200,792562,'Mozilla/5.0 (X11; Ubuntu; Linux x86_64; rv:79.0) Gecko/20100101 Firefox/79.0','','',10,'{\"code\":0,\"data\":{\"list\":[{\"ID\":121,\"CreatedAt\":\"2020-07-30T17:19:21+08:00\",\"UpdatedAt\":\"2020-07-30T17:19:21+08:00\",\"DeletedAt\":null,\"categorySubject\":{\"ID\":101,\"CreatedAt\":\"2020-07-30T10:23:20+08:00\",\"UpdatedAt\":\"2020-07-30T10:23:20+08:00\",\"DeletedAt\":null,\"subjectName\":\"公司类别\"},\"categorySubjectId\":101,\"categoryName\":\"电梯使用单位\"}],\"total\":21,\"page\":3,\"pageSize\":10},\"msg\":\"操作成功\"}'),(529,'2020-07-30 17:19:39','2020-07-30 17:19:39',NULL,'127.0.0.1','GET','/categories/getCategoriesList',200,1117524,'Mozilla/5.0 (X11; Ubuntu; Linux x86_64; rv:79.0) Gecko/20100101 Firefox/79.0','','',10,'{\"code\":0,\"data\":{\"list\":[{\"ID\":101,\"CreatedAt\":\"2020-07-30T14:39:09+08:00\",\"UpdatedAt\":\"2020-07-30T14:39:09+08:00\",\"DeletedAt\":null,\"categorySubject\":{\"ID\":100,\"CreatedAt\":\"2020-07-30T10:22:39+08:00\",\"UpdatedAt\":\"2020-07-30T17:12:55+08:00\",\"DeletedAt\":null,\"subjectName\":\"电梯使用场景\"},\"categorySubjectId\":100,\"categoryName\":\"住宅客梯\"},{\"ID\":102,\"CreatedAt\":\"2020-07-30T17:05:44+08:00\",\"UpdatedAt\":\"2020-07-30T17:05:44+08:00\",\"DeletedAt\":null,\"categorySubject\":{\"ID\":100,\"CreatedAt\":\"2020-07-30T10:22:39+08:00\",\"UpdatedAt\":\"2020-07-30T17:12:55+08:00\",\"DeletedAt\":null,\"subjectName\":\"电梯使用场景\"},\"categorySubjectId\":100,\"categoryName\":\"住宅货梯\"},{\"ID\":103,\"CreatedAt\":\"2020-07-30T17:06:15+08:00\",\"UpdatedAt\":\"2020-07-30T17:06:15+08:00\",\"DeletedAt\":null,\"categorySubject\":{\"ID\":100,\"CreatedAt\":\"2020-07-30T10:22:39+08:00\",\"UpdatedAt\":\"2020-07-30T17:12:55+08:00\",\"DeletedAt\":null,\"subjectName\":\"电梯使用场景\"},\"categorySubjectId\":100,\"categoryName\":\"住宅扶梯\"},{\"ID\":104,\"CreatedAt\":\"2020-07-30T17:06:57+08:00\",\"UpdatedAt\":\"2020-07-30T17:06:57+08:00\",\"DeletedAt\":null,\"categorySubject\":{\"ID\":100,\"CreatedAt\":\"2020-07-30T10:22:39+08:00\",\"UpdatedAt\":\"2020-07-30T17:12:55+08:00\",\"DeletedAt\":null,\"subjectName\":\"电梯使用场景\"},\"categorySubjectId\":100,\"categoryName\":\"商场客梯\"},{\"ID\":105,\"CreatedAt\":\"2020-07-30T17:07:06+08:00\",\"UpdatedAt\":\"2020-07-30T17:07:06+08:00\",\"DeletedAt\":null,\"categorySubject\":{\"ID\":100,\"CreatedAt\":\"2020-07-30T10:22:39+08:00\",\"UpdatedAt\":\"2020-07-30T17:12:55+08:00\",\"DeletedAt\":null,\"subjectName\":\"电梯使用场景\"},\"categorySubjectId\":100,\"categoryName\":\"商场货梯\"},{\"ID\":106,\"CreatedAt\":\"2020-07-30T17:07:19+08:00\",\"UpdatedAt\":\"2020-07-30T17:07:19+08:00\",\"DeletedAt\":null,\"categorySubject\":{\"ID\":100,\"CreatedAt\":\"2020-07-30T10:22:39+08:00\",\"UpdatedAt\":\"2020-07-30T17:12:55+08:00\",\"DeletedAt\":null,\"subjectName\":\"电梯使用场景\"},\"categorySubjectId\":100,\"categoryName\":\"商场扶梯\"},{\"ID\":107,\"CreatedAt\":\"2020-07-30T17:08:45+08:00\",\"UpdatedAt\":\"2020-07-30T17:08:45+08:00\",\"DeletedAt\":null,\"categorySubject\":{\"ID\":100,\"CreatedAt\":\"2020-07-30T10:22:39+08:00\",\"UpdatedAt\":\"2020-07-30T17:12:55+08:00\",\"DeletedAt\":null,\"subjectName\":\"电梯使用场景\"},\"categorySubjectId\":100,\"categoryName\":\"医院客梯\"},{\"ID\":108,\"CreatedAt\":\"2020-07-30T17:09:00+08:00\",\"UpdatedAt\":\"2020-07-30T17:09:00+08:00\",\"DeletedAt\":null,\"categorySubject\":{\"ID\":100,\"CreatedAt\":\"2020-07-30T10:22:39+08:00\",\"UpdatedAt\":\"2020-07-30T17:12:55+08:00\",\"DeletedAt\":null,\"subjectName\":\"电梯使用场景\"},\"categorySubjectId\":100,\"categoryName\":\"医院货梯\"},{\"ID\":109,\"CreatedAt\":\"2020-07-30T17:09:11+08:00\",\"UpdatedAt\":\"2020-07-30T17:09:11+08:00\",\"DeletedAt\":null,\"categorySubject\":{\"ID\":100,\"CreatedAt\":\"2020-07-30T10:22:39+08:00\",\"UpdatedAt\":\"2020-07-30T17:12:55+08:00\",\"DeletedAt\":null,\"subjectName\":\"电梯使用场景\"},\"categorySubjectId\":100,\"categoryName\":\"医院扶梯\"},{\"ID\":110,\"CreatedAt\":\"2020-07-30T17:10:24+08:00\",\"UpdatedAt\":\"2020-07-30T17:10:24+08:00\",\"DeletedAt\":null,\"categorySubject\":{\"ID\":100,\"CreatedAt\":\"2020-07-30T10:22:39+08:00\",\"UpdatedAt\":\"2020-07-30T17:12:55+08:00\",\"DeletedAt\":null,\"subjectName\":\"电梯使用场景\"},\"categorySubjectId\":100,\"categoryName\":\"写字楼客梯\"}],\"total\":21,\"page\":1,\"pageSize\":10},\"msg\":\"操作成功\"}'),(530,'2020-07-30 17:19:51','2020-07-30 17:19:51',NULL,'127.0.0.1','GET','/categories/getCategoriesList',200,746330,'Mozilla/5.0 (X11; Ubuntu; Linux x86_64; rv:79.0) Gecko/20100101 Firefox/79.0','','',10,'{\"code\":0,\"data\":{\"list\":[{\"ID\":101,\"CreatedAt\":\"2020-07-30T14:39:09+08:00\",\"UpdatedAt\":\"2020-07-30T14:39:09+08:00\",\"DeletedAt\":null,\"categorySubject\":{\"ID\":100,\"CreatedAt\":\"2020-07-30T10:22:39+08:00\",\"UpdatedAt\":\"2020-07-30T17:12:55+08:00\",\"DeletedAt\":null,\"subjectName\":\"电梯使用场景\"},\"categorySubjectId\":100,\"categoryName\":\"住宅客梯\"},{\"ID\":102,\"CreatedAt\":\"2020-07-30T17:05:44+08:00\",\"UpdatedAt\":\"2020-07-30T17:05:44+08:00\",\"DeletedAt\":null,\"categorySubject\":{\"ID\":100,\"CreatedAt\":\"2020-07-30T10:22:39+08:00\",\"UpdatedAt\":\"2020-07-30T17:12:55+08:00\",\"DeletedAt\":null,\"subjectName\":\"电梯使用场景\"},\"categorySubjectId\":100,\"categoryName\":\"住宅货梯\"},{\"ID\":103,\"CreatedAt\":\"2020-07-30T17:06:15+08:00\",\"UpdatedAt\":\"2020-07-30T17:06:15+08:00\",\"DeletedAt\":null,\"categorySubject\":{\"ID\":100,\"CreatedAt\":\"2020-07-30T10:22:39+08:00\",\"UpdatedAt\":\"2020-07-30T17:12:55+08:00\",\"DeletedAt\":null,\"subjectName\":\"电梯使用场景\"},\"categorySubjectId\":100,\"categoryName\":\"住宅扶梯\"},{\"ID\":104,\"CreatedAt\":\"2020-07-30T17:06:57+08:00\",\"UpdatedAt\":\"2020-07-30T17:06:57+08:00\",\"DeletedAt\":null,\"categorySubject\":{\"ID\":100,\"CreatedAt\":\"2020-07-30T10:22:39+08:00\",\"UpdatedAt\":\"2020-07-30T17:12:55+08:00\",\"DeletedAt\":null,\"subjectName\":\"电梯使用场景\"},\"categorySubjectId\":100,\"categoryName\":\"商场客梯\"},{\"ID\":105,\"CreatedAt\":\"2020-07-30T17:07:06+08:00\",\"UpdatedAt\":\"2020-07-30T17:07:06+08:00\",\"DeletedAt\":null,\"categorySubject\":{\"ID\":100,\"CreatedAt\":\"2020-07-30T10:22:39+08:00\",\"UpdatedAt\":\"2020-07-30T17:12:55+08:00\",\"DeletedAt\":null,\"subjectName\":\"电梯使用场景\"},\"categorySubjectId\":100,\"categoryName\":\"商场货梯\"},{\"ID\":106,\"CreatedAt\":\"2020-07-30T17:07:19+08:00\",\"UpdatedAt\":\"2020-07-30T17:07:19+08:00\",\"DeletedAt\":null,\"categorySubject\":{\"ID\":100,\"CreatedAt\":\"2020-07-30T10:22:39+08:00\",\"UpdatedAt\":\"2020-07-30T17:12:55+08:00\",\"DeletedAt\":null,\"subjectName\":\"电梯使用场景\"},\"categorySubjectId\":100,\"categoryName\":\"商场扶梯\"},{\"ID\":107,\"CreatedAt\":\"2020-07-30T17:08:45+08:00\",\"UpdatedAt\":\"2020-07-30T17:08:45+08:00\",\"DeletedAt\":null,\"categorySubject\":{\"ID\":100,\"CreatedAt\":\"2020-07-30T10:22:39+08:00\",\"UpdatedAt\":\"2020-07-30T17:12:55+08:00\",\"DeletedAt\":null,\"subjectName\":\"电梯使用场景\"},\"categorySubjectId\":100,\"categoryName\":\"医院客梯\"},{\"ID\":108,\"CreatedAt\":\"2020-07-30T17:09:00+08:00\",\"UpdatedAt\":\"2020-07-30T17:09:00+08:00\",\"DeletedAt\":null,\"categorySubject\":{\"ID\":100,\"CreatedAt\":\"2020-07-30T10:22:39+08:00\",\"UpdatedAt\":\"2020-07-30T17:12:55+08:00\",\"DeletedAt\":null,\"subjectName\":\"电梯使用场景\"},\"categorySubjectId\":100,\"categoryName\":\"医院货梯\"},{\"ID\":109,\"CreatedAt\":\"2020-07-30T17:09:11+08:00\",\"UpdatedAt\":\"2020-07-30T17:09:11+08:00\",\"DeletedAt\":null,\"categorySubject\":{\"ID\":100,\"CreatedAt\":\"2020-07-30T10:22:39+08:00\",\"UpdatedAt\":\"2020-07-30T17:12:55+08:00\",\"DeletedAt\":null,\"subjectName\":\"电梯使用场景\"},\"categorySubjectId\":100,\"categoryName\":\"医院扶梯\"},{\"ID\":110,\"CreatedAt\":\"2020-07-30T17:10:24+08:00\",\"UpdatedAt\":\"2020-07-30T17:10:24+08:00\",\"DeletedAt\":null,\"categorySubject\":{\"ID\":100,\"CreatedAt\":\"2020-07-30T10:22:39+08:00\",\"UpdatedAt\":\"2020-07-30T17:12:55+08:00\",\"DeletedAt\":null,\"subjectName\":\"电梯使用场景\"},\"categorySubjectId\":100,\"categoryName\":\"写字楼客梯\"}],\"total\":21,\"page\":1,\"pageSize\":10},\"msg\":\"操作成功\"}'),(531,'2020-07-30 17:20:22','2020-07-30 17:20:22',NULL,'127.0.0.1','GET','/categories/getCategoriesList',200,754962,'Mozilla/5.0 (X11; Ubuntu; Linux x86_64; rv:79.0) Gecko/20100101 Firefox/79.0','','',10,'{\"code\":0,\"data\":{\"list\":[{\"ID\":101,\"CreatedAt\":\"2020-07-30T14:39:09+08:00\",\"UpdatedAt\":\"2020-07-30T14:39:09+08:00\",\"DeletedAt\":null,\"categorySubject\":{\"ID\":100,\"CreatedAt\":\"2020-07-30T10:22:39+08:00\",\"UpdatedAt\":\"2020-07-30T17:12:55+08:00\",\"DeletedAt\":null,\"subjectName\":\"电梯使用场景\"},\"categorySubjectId\":100,\"categoryName\":\"住宅客梯\"},{\"ID\":102,\"CreatedAt\":\"2020-07-30T17:05:44+08:00\",\"UpdatedAt\":\"2020-07-30T17:05:44+08:00\",\"DeletedAt\":null,\"categorySubject\":{\"ID\":100,\"CreatedAt\":\"2020-07-30T10:22:39+08:00\",\"UpdatedAt\":\"2020-07-30T17:12:55+08:00\",\"DeletedAt\":null,\"subjectName\":\"电梯使用场景\"},\"categorySubjectId\":100,\"categoryName\":\"住宅货梯\"},{\"ID\":103,\"CreatedAt\":\"2020-07-30T17:06:15+08:00\",\"UpdatedAt\":\"2020-07-30T17:06:15+08:00\",\"DeletedAt\":null,\"categorySubject\":{\"ID\":100,\"CreatedAt\":\"2020-07-30T10:22:39+08:00\",\"UpdatedAt\":\"2020-07-30T17:12:55+08:00\",\"DeletedAt\":null,\"subjectName\":\"电梯使用场景\"},\"categorySubjectId\":100,\"categoryName\":\"住宅扶梯\"},{\"ID\":104,\"CreatedAt\":\"2020-07-30T17:06:57+08:00\",\"UpdatedAt\":\"2020-07-30T17:06:57+08:00\",\"DeletedAt\":null,\"categorySubject\":{\"ID\":100,\"CreatedAt\":\"2020-07-30T10:22:39+08:00\",\"UpdatedAt\":\"2020-07-30T17:12:55+08:00\",\"DeletedAt\":null,\"subjectName\":\"电梯使用场景\"},\"categorySubjectId\":100,\"categoryName\":\"商场客梯\"},{\"ID\":105,\"CreatedAt\":\"2020-07-30T17:07:06+08:00\",\"UpdatedAt\":\"2020-07-30T17:07:06+08:00\",\"DeletedAt\":null,\"categorySubject\":{\"ID\":100,\"CreatedAt\":\"2020-07-30T10:22:39+08:00\",\"UpdatedAt\":\"2020-07-30T17:12:55+08:00\",\"DeletedAt\":null,\"subjectName\":\"电梯使用场景\"},\"categorySubjectId\":100,\"categoryName\":\"商场货梯\"},{\"ID\":106,\"CreatedAt\":\"2020-07-30T17:07:19+08:00\",\"UpdatedAt\":\"2020-07-30T17:07:19+08:00\",\"DeletedAt\":null,\"categorySubject\":{\"ID\":100,\"CreatedAt\":\"2020-07-30T10:22:39+08:00\",\"UpdatedAt\":\"2020-07-30T17:12:55+08:00\",\"DeletedAt\":null,\"subjectName\":\"电梯使用场景\"},\"categorySubjectId\":100,\"categoryName\":\"商场扶梯\"},{\"ID\":107,\"CreatedAt\":\"2020-07-30T17:08:45+08:00\",\"UpdatedAt\":\"2020-07-30T17:08:45+08:00\",\"DeletedAt\":null,\"categorySubject\":{\"ID\":100,\"CreatedAt\":\"2020-07-30T10:22:39+08:00\",\"UpdatedAt\":\"2020-07-30T17:12:55+08:00\",\"DeletedAt\":null,\"subjectName\":\"电梯使用场景\"},\"categorySubjectId\":100,\"categoryName\":\"医院客梯\"},{\"ID\":108,\"CreatedAt\":\"2020-07-30T17:09:00+08:00\",\"UpdatedAt\":\"2020-07-30T17:09:00+08:00\",\"DeletedAt\":null,\"categorySubject\":{\"ID\":100,\"CreatedAt\":\"2020-07-30T10:22:39+08:00\",\"UpdatedAt\":\"2020-07-30T17:12:55+08:00\",\"DeletedAt\":null,\"subjectName\":\"电梯使用场景\"},\"categorySubjectId\":100,\"categoryName\":\"医院货梯\"},{\"ID\":109,\"CreatedAt\":\"2020-07-30T17:09:11+08:00\",\"UpdatedAt\":\"2020-07-30T17:09:11+08:00\",\"DeletedAt\":null,\"categorySubject\":{\"ID\":100,\"CreatedAt\":\"2020-07-30T10:22:39+08:00\",\"UpdatedAt\":\"2020-07-30T17:12:55+08:00\",\"DeletedAt\":null,\"subjectName\":\"电梯使用场景\"},\"categorySubjectId\":100,\"categoryName\":\"医院扶梯\"},{\"ID\":110,\"CreatedAt\":\"2020-07-30T17:10:24+08:00\",\"UpdatedAt\":\"2020-07-30T17:10:24+08:00\",\"DeletedAt\":null,\"categorySubject\":{\"ID\":100,\"CreatedAt\":\"2020-07-30T10:22:39+08:00\",\"UpdatedAt\":\"2020-07-30T17:12:55+08:00\",\"DeletedAt\":null,\"subjectName\":\"电梯使用场景\"},\"categorySubjectId\":100,\"categoryName\":\"写字楼客梯\"}],\"total\":21,\"page\":1,\"pageSize\":10},\"msg\":\"操作成功\"}'),(532,'2020-07-30 17:22:23','2020-07-30 17:22:23',NULL,'127.0.0.1','GET','/categories/getCategoriesList',200,890212,'Mozilla/5.0 (X11; Ubuntu; Linux x86_64; rv:79.0) Gecko/20100101 Firefox/79.0','','',10,'{\"code\":0,\"data\":{\"list\":[{\"ID\":101,\"CreatedAt\":\"2020-07-30T14:39:09+08:00\",\"UpdatedAt\":\"2020-07-30T14:39:09+08:00\",\"DeletedAt\":null,\"categorySubject\":{\"ID\":100,\"CreatedAt\":\"2020-07-30T10:22:39+08:00\",\"UpdatedAt\":\"2020-07-30T17:12:55+08:00\",\"DeletedAt\":null,\"subjectName\":\"电梯使用场景\"},\"categorySubjectId\":100,\"categoryName\":\"住宅客梯\"},{\"ID\":102,\"CreatedAt\":\"2020-07-30T17:05:44+08:00\",\"UpdatedAt\":\"2020-07-30T17:05:44+08:00\",\"DeletedAt\":null,\"categorySubject\":{\"ID\":100,\"CreatedAt\":\"2020-07-30T10:22:39+08:00\",\"UpdatedAt\":\"2020-07-30T17:12:55+08:00\",\"DeletedAt\":null,\"subjectName\":\"电梯使用场景\"},\"categorySubjectId\":100,\"categoryName\":\"住宅货梯\"},{\"ID\":103,\"CreatedAt\":\"2020-07-30T17:06:15+08:00\",\"UpdatedAt\":\"2020-07-30T17:06:15+08:00\",\"DeletedAt\":null,\"categorySubject\":{\"ID\":100,\"CreatedAt\":\"2020-07-30T10:22:39+08:00\",\"UpdatedAt\":\"2020-07-30T17:12:55+08:00\",\"DeletedAt\":null,\"subjectName\":\"电梯使用场景\"},\"categorySubjectId\":100,\"categoryName\":\"住宅扶梯\"},{\"ID\":104,\"CreatedAt\":\"2020-07-30T17:06:57+08:00\",\"UpdatedAt\":\"2020-07-30T17:06:57+08:00\",\"DeletedAt\":null,\"categorySubject\":{\"ID\":100,\"CreatedAt\":\"2020-07-30T10:22:39+08:00\",\"UpdatedAt\":\"2020-07-30T17:12:55+08:00\",\"DeletedAt\":null,\"subjectName\":\"电梯使用场景\"},\"categorySubjectId\":100,\"categoryName\":\"商场客梯\"},{\"ID\":105,\"CreatedAt\":\"2020-07-30T17:07:06+08:00\",\"UpdatedAt\":\"2020-07-30T17:07:06+08:00\",\"DeletedAt\":null,\"categorySubject\":{\"ID\":100,\"CreatedAt\":\"2020-07-30T10:22:39+08:00\",\"UpdatedAt\":\"2020-07-30T17:12:55+08:00\",\"DeletedAt\":null,\"subjectName\":\"电梯使用场景\"},\"categorySubjectId\":100,\"categoryName\":\"商场货梯\"},{\"ID\":106,\"CreatedAt\":\"2020-07-30T17:07:19+08:00\",\"UpdatedAt\":\"2020-07-30T17:07:19+08:00\",\"DeletedAt\":null,\"categorySubject\":{\"ID\":100,\"CreatedAt\":\"2020-07-30T10:22:39+08:00\",\"UpdatedAt\":\"2020-07-30T17:12:55+08:00\",\"DeletedAt\":null,\"subjectName\":\"电梯使用场景\"},\"categorySubjectId\":100,\"categoryName\":\"商场扶梯\"},{\"ID\":107,\"CreatedAt\":\"2020-07-30T17:08:45+08:00\",\"UpdatedAt\":\"2020-07-30T17:08:45+08:00\",\"DeletedAt\":null,\"categorySubject\":{\"ID\":100,\"CreatedAt\":\"2020-07-30T10:22:39+08:00\",\"UpdatedAt\":\"2020-07-30T17:12:55+08:00\",\"DeletedAt\":null,\"subjectName\":\"电梯使用场景\"},\"categorySubjectId\":100,\"categoryName\":\"医院客梯\"},{\"ID\":108,\"CreatedAt\":\"2020-07-30T17:09:00+08:00\",\"UpdatedAt\":\"2020-07-30T17:09:00+08:00\",\"DeletedAt\":null,\"categorySubject\":{\"ID\":100,\"CreatedAt\":\"2020-07-30T10:22:39+08:00\",\"UpdatedAt\":\"2020-07-30T17:12:55+08:00\",\"DeletedAt\":null,\"subjectName\":\"电梯使用场景\"},\"categorySubjectId\":100,\"categoryName\":\"医院货梯\"},{\"ID\":109,\"CreatedAt\":\"2020-07-30T17:09:11+08:00\",\"UpdatedAt\":\"2020-07-30T17:09:11+08:00\",\"DeletedAt\":null,\"categorySubject\":{\"ID\":100,\"CreatedAt\":\"2020-07-30T10:22:39+08:00\",\"UpdatedAt\":\"2020-07-30T17:12:55+08:00\",\"DeletedAt\":null,\"subjectName\":\"电梯使用场景\"},\"categorySubjectId\":100,\"categoryName\":\"医院扶梯\"},{\"ID\":110,\"CreatedAt\":\"2020-07-30T17:10:24+08:00\",\"UpdatedAt\":\"2020-07-30T17:10:24+08:00\",\"DeletedAt\":null,\"categorySubject\":{\"ID\":100,\"CreatedAt\":\"2020-07-30T10:22:39+08:00\",\"UpdatedAt\":\"2020-07-30T17:12:55+08:00\",\"DeletedAt\":null,\"subjectName\":\"电梯使用场景\"},\"categorySubjectId\":100,\"categoryName\":\"写字楼客梯\"}],\"total\":21,\"page\":1,\"pageSize\":10},\"msg\":\"操作成功\"}'),(533,'2020-07-30 17:22:27','2020-07-30 17:22:27',NULL,'127.0.0.1','GET','/categories/getCategoriesList',200,873348,'Mozilla/5.0 (X11; Ubuntu; Linux x86_64; rv:79.0) Gecko/20100101 Firefox/79.0','','',10,'{\"code\":0,\"data\":{\"list\":[{\"ID\":101,\"CreatedAt\":\"2020-07-30T14:39:09+08:00\",\"UpdatedAt\":\"2020-07-30T14:39:09+08:00\",\"DeletedAt\":null,\"categorySubject\":{\"ID\":100,\"CreatedAt\":\"2020-07-30T10:22:39+08:00\",\"UpdatedAt\":\"2020-07-30T17:12:55+08:00\",\"DeletedAt\":null,\"subjectName\":\"电梯使用场景\"},\"categorySubjectId\":100,\"categoryName\":\"住宅客梯\"},{\"ID\":102,\"CreatedAt\":\"2020-07-30T17:05:44+08:00\",\"UpdatedAt\":\"2020-07-30T17:05:44+08:00\",\"DeletedAt\":null,\"categorySubject\":{\"ID\":100,\"CreatedAt\":\"2020-07-30T10:22:39+08:00\",\"UpdatedAt\":\"2020-07-30T17:12:55+08:00\",\"DeletedAt\":null,\"subjectName\":\"电梯使用场景\"},\"categorySubjectId\":100,\"categoryName\":\"住宅货梯\"},{\"ID\":103,\"CreatedAt\":\"2020-07-30T17:06:15+08:00\",\"UpdatedAt\":\"2020-07-30T17:06:15+08:00\",\"DeletedAt\":null,\"categorySubject\":{\"ID\":100,\"CreatedAt\":\"2020-07-30T10:22:39+08:00\",\"UpdatedAt\":\"2020-07-30T17:12:55+08:00\",\"DeletedAt\":null,\"subjectName\":\"电梯使用场景\"},\"categorySubjectId\":100,\"categoryName\":\"住宅扶梯\"},{\"ID\":104,\"CreatedAt\":\"2020-07-30T17:06:57+08:00\",\"UpdatedAt\":\"2020-07-30T17:06:57+08:00\",\"DeletedAt\":null,\"categorySubject\":{\"ID\":100,\"CreatedAt\":\"2020-07-30T10:22:39+08:00\",\"UpdatedAt\":\"2020-07-30T17:12:55+08:00\",\"DeletedAt\":null,\"subjectName\":\"电梯使用场景\"},\"categorySubjectId\":100,\"categoryName\":\"商场客梯\"},{\"ID\":105,\"CreatedAt\":\"2020-07-30T17:07:06+08:00\",\"UpdatedAt\":\"2020-07-30T17:07:06+08:00\",\"DeletedAt\":null,\"categorySubject\":{\"ID\":100,\"CreatedAt\":\"2020-07-30T10:22:39+08:00\",\"UpdatedAt\":\"2020-07-30T17:12:55+08:00\",\"DeletedAt\":null,\"subjectName\":\"电梯使用场景\"},\"categorySubjectId\":100,\"categoryName\":\"商场货梯\"},{\"ID\":106,\"CreatedAt\":\"2020-07-30T17:07:19+08:00\",\"UpdatedAt\":\"2020-07-30T17:07:19+08:00\",\"DeletedAt\":null,\"categorySubject\":{\"ID\":100,\"CreatedAt\":\"2020-07-30T10:22:39+08:00\",\"UpdatedAt\":\"2020-07-30T17:12:55+08:00\",\"DeletedAt\":null,\"subjectName\":\"电梯使用场景\"},\"categorySubjectId\":100,\"categoryName\":\"商场扶梯\"},{\"ID\":107,\"CreatedAt\":\"2020-07-30T17:08:45+08:00\",\"UpdatedAt\":\"2020-07-30T17:08:45+08:00\",\"DeletedAt\":null,\"categorySubject\":{\"ID\":100,\"CreatedAt\":\"2020-07-30T10:22:39+08:00\",\"UpdatedAt\":\"2020-07-30T17:12:55+08:00\",\"DeletedAt\":null,\"subjectName\":\"电梯使用场景\"},\"categorySubjectId\":100,\"categoryName\":\"医院客梯\"},{\"ID\":108,\"CreatedAt\":\"2020-07-30T17:09:00+08:00\",\"UpdatedAt\":\"2020-07-30T17:09:00+08:00\",\"DeletedAt\":null,\"categorySubject\":{\"ID\":100,\"CreatedAt\":\"2020-07-30T10:22:39+08:00\",\"UpdatedAt\":\"2020-07-30T17:12:55+08:00\",\"DeletedAt\":null,\"subjectName\":\"电梯使用场景\"},\"categorySubjectId\":100,\"categoryName\":\"医院货梯\"},{\"ID\":109,\"CreatedAt\":\"2020-07-30T17:09:11+08:00\",\"UpdatedAt\":\"2020-07-30T17:09:11+08:00\",\"DeletedAt\":null,\"categorySubject\":{\"ID\":100,\"CreatedAt\":\"2020-07-30T10:22:39+08:00\",\"UpdatedAt\":\"2020-07-30T17:12:55+08:00\",\"DeletedAt\":null,\"subjectName\":\"电梯使用场景\"},\"categorySubjectId\":100,\"categoryName\":\"医院扶梯\"},{\"ID\":110,\"CreatedAt\":\"2020-07-30T17:10:24+08:00\",\"UpdatedAt\":\"2020-07-30T17:10:24+08:00\",\"DeletedAt\":null,\"categorySubject\":{\"ID\":100,\"CreatedAt\":\"2020-07-30T10:22:39+08:00\",\"UpdatedAt\":\"2020-07-30T17:12:55+08:00\",\"DeletedAt\":null,\"subjectName\":\"电梯使用场景\"},\"categorySubjectId\":100,\"categoryName\":\"写字楼客梯\"}],\"total\":21,\"page\":1,\"pageSize\":10},\"msg\":\"操作成功\"}'),(534,'2020-07-30 17:22:52','2020-07-30 17:22:52',NULL,'127.0.0.1','GET','/categories/getCategoriesList',200,1228182,'Mozilla/5.0 (X11; Ubuntu; Linux x86_64; rv:79.0) Gecko/20100101 Firefox/79.0','','',10,'{\"code\":0,\"data\":{\"list\":[{\"ID\":101,\"CreatedAt\":\"2020-07-30T14:39:09+08:00\",\"UpdatedAt\":\"2020-07-30T14:39:09+08:00\",\"DeletedAt\":null,\"categorySubject\":{\"ID\":100,\"CreatedAt\":\"2020-07-30T10:22:39+08:00\",\"UpdatedAt\":\"2020-07-30T17:12:55+08:00\",\"DeletedAt\":null,\"subjectName\":\"电梯使用场景\"},\"categorySubjectId\":100,\"categoryName\":\"住宅客梯\"},{\"ID\":102,\"CreatedAt\":\"2020-07-30T17:05:44+08:00\",\"UpdatedAt\":\"2020-07-30T17:05:44+08:00\",\"DeletedAt\":null,\"categorySubject\":{\"ID\":100,\"CreatedAt\":\"2020-07-30T10:22:39+08:00\",\"UpdatedAt\":\"2020-07-30T17:12:55+08:00\",\"DeletedAt\":null,\"subjectName\":\"电梯使用场景\"},\"categorySubjectId\":100,\"categoryName\":\"住宅货梯\"},{\"ID\":103,\"CreatedAt\":\"2020-07-30T17:06:15+08:00\",\"UpdatedAt\":\"2020-07-30T17:06:15+08:00\",\"DeletedAt\":null,\"categorySubject\":{\"ID\":100,\"CreatedAt\":\"2020-07-30T10:22:39+08:00\",\"UpdatedAt\":\"2020-07-30T17:12:55+08:00\",\"DeletedAt\":null,\"subjectName\":\"电梯使用场景\"},\"categorySubjectId\":100,\"categoryName\":\"住宅扶梯\"},{\"ID\":104,\"CreatedAt\":\"2020-07-30T17:06:57+08:00\",\"UpdatedAt\":\"2020-07-30T17:06:57+08:00\",\"DeletedAt\":null,\"categorySubject\":{\"ID\":100,\"CreatedAt\":\"2020-07-30T10:22:39+08:00\",\"UpdatedAt\":\"2020-07-30T17:12:55+08:00\",\"DeletedAt\":null,\"subjectName\":\"电梯使用场景\"},\"categorySubjectId\":100,\"categoryName\":\"商场客梯\"},{\"ID\":105,\"CreatedAt\":\"2020-07-30T17:07:06+08:00\",\"UpdatedAt\":\"2020-07-30T17:07:06+08:00\",\"DeletedAt\":null,\"categorySubject\":{\"ID\":100,\"CreatedAt\":\"2020-07-30T10:22:39+08:00\",\"UpdatedAt\":\"2020-07-30T17:12:55+08:00\",\"DeletedAt\":null,\"subjectName\":\"电梯使用场景\"},\"categorySubjectId\":100,\"categoryName\":\"商场货梯\"},{\"ID\":106,\"CreatedAt\":\"2020-07-30T17:07:19+08:00\",\"UpdatedAt\":\"2020-07-30T17:07:19+08:00\",\"DeletedAt\":null,\"categorySubject\":{\"ID\":100,\"CreatedAt\":\"2020-07-30T10:22:39+08:00\",\"UpdatedAt\":\"2020-07-30T17:12:55+08:00\",\"DeletedAt\":null,\"subjectName\":\"电梯使用场景\"},\"categorySubjectId\":100,\"categoryName\":\"商场扶梯\"},{\"ID\":107,\"CreatedAt\":\"2020-07-30T17:08:45+08:00\",\"UpdatedAt\":\"2020-07-30T17:08:45+08:00\",\"DeletedAt\":null,\"categorySubject\":{\"ID\":100,\"CreatedAt\":\"2020-07-30T10:22:39+08:00\",\"UpdatedAt\":\"2020-07-30T17:12:55+08:00\",\"DeletedAt\":null,\"subjectName\":\"电梯使用场景\"},\"categorySubjectId\":100,\"categoryName\":\"医院客梯\"},{\"ID\":108,\"CreatedAt\":\"2020-07-30T17:09:00+08:00\",\"UpdatedAt\":\"2020-07-30T17:09:00+08:00\",\"DeletedAt\":null,\"categorySubject\":{\"ID\":100,\"CreatedAt\":\"2020-07-30T10:22:39+08:00\",\"UpdatedAt\":\"2020-07-30T17:12:55+08:00\",\"DeletedAt\":null,\"subjectName\":\"电梯使用场景\"},\"categorySubjectId\":100,\"categoryName\":\"医院货梯\"},{\"ID\":109,\"CreatedAt\":\"2020-07-30T17:09:11+08:00\",\"UpdatedAt\":\"2020-07-30T17:09:11+08:00\",\"DeletedAt\":null,\"categorySubject\":{\"ID\":100,\"CreatedAt\":\"2020-07-30T10:22:39+08:00\",\"UpdatedAt\":\"2020-07-30T17:12:55+08:00\",\"DeletedAt\":null,\"subjectName\":\"电梯使用场景\"},\"categorySubjectId\":100,\"categoryName\":\"医院扶梯\"},{\"ID\":110,\"CreatedAt\":\"2020-07-30T17:10:24+08:00\",\"UpdatedAt\":\"2020-07-30T17:10:24+08:00\",\"DeletedAt\":null,\"categorySubject\":{\"ID\":100,\"CreatedAt\":\"2020-07-30T10:22:39+08:00\",\"UpdatedAt\":\"2020-07-30T17:12:55+08:00\",\"DeletedAt\":null,\"subjectName\":\"电梯使用场景\"},\"categorySubjectId\":100,\"categoryName\":\"写字楼客梯\"}],\"total\":21,\"page\":1,\"pageSize\":10},\"msg\":\"操作成功\"}'),(535,'2020-07-30 17:23:09','2020-07-30 17:23:09',NULL,'127.0.0.1','GET','/categories/getCategoriesList',200,1370686,'Mozilla/5.0 (X11; Ubuntu; Linux x86_64; rv:79.0) Gecko/20100101 Firefox/79.0','','',10,'{\"code\":0,\"data\":{\"list\":[{\"ID\":101,\"CreatedAt\":\"2020-07-30T14:39:09+08:00\",\"UpdatedAt\":\"2020-07-30T14:39:09+08:00\",\"DeletedAt\":null,\"categorySubject\":{\"ID\":100,\"CreatedAt\":\"2020-07-30T10:22:39+08:00\",\"UpdatedAt\":\"2020-07-30T17:12:55+08:00\",\"DeletedAt\":null,\"subjectName\":\"电梯使用场景\"},\"categorySubjectId\":100,\"categoryName\":\"住宅客梯\"},{\"ID\":102,\"CreatedAt\":\"2020-07-30T17:05:44+08:00\",\"UpdatedAt\":\"2020-07-30T17:05:44+08:00\",\"DeletedAt\":null,\"categorySubject\":{\"ID\":100,\"CreatedAt\":\"2020-07-30T10:22:39+08:00\",\"UpdatedAt\":\"2020-07-30T17:12:55+08:00\",\"DeletedAt\":null,\"subjectName\":\"电梯使用场景\"},\"categorySubjectId\":100,\"categoryName\":\"住宅货梯\"},{\"ID\":103,\"CreatedAt\":\"2020-07-30T17:06:15+08:00\",\"UpdatedAt\":\"2020-07-30T17:06:15+08:00\",\"DeletedAt\":null,\"categorySubject\":{\"ID\":100,\"CreatedAt\":\"2020-07-30T10:22:39+08:00\",\"UpdatedAt\":\"2020-07-30T17:12:55+08:00\",\"DeletedAt\":null,\"subjectName\":\"电梯使用场景\"},\"categorySubjectId\":100,\"categoryName\":\"住宅扶梯\"},{\"ID\":104,\"CreatedAt\":\"2020-07-30T17:06:57+08:00\",\"UpdatedAt\":\"2020-07-30T17:06:57+08:00\",\"DeletedAt\":null,\"categorySubject\":{\"ID\":100,\"CreatedAt\":\"2020-07-30T10:22:39+08:00\",\"UpdatedAt\":\"2020-07-30T17:12:55+08:00\",\"DeletedAt\":null,\"subjectName\":\"电梯使用场景\"},\"categorySubjectId\":100,\"categoryName\":\"商场客梯\"},{\"ID\":105,\"CreatedAt\":\"2020-07-30T17:07:06+08:00\",\"UpdatedAt\":\"2020-07-30T17:07:06+08:00\",\"DeletedAt\":null,\"categorySubject\":{\"ID\":100,\"CreatedAt\":\"2020-07-30T10:22:39+08:00\",\"UpdatedAt\":\"2020-07-30T17:12:55+08:00\",\"DeletedAt\":null,\"subjectName\":\"电梯使用场景\"},\"categorySubjectId\":100,\"categoryName\":\"商场货梯\"},{\"ID\":106,\"CreatedAt\":\"2020-07-30T17:07:19+08:00\",\"UpdatedAt\":\"2020-07-30T17:07:19+08:00\",\"DeletedAt\":null,\"categorySubject\":{\"ID\":100,\"CreatedAt\":\"2020-07-30T10:22:39+08:00\",\"UpdatedAt\":\"2020-07-30T17:12:55+08:00\",\"DeletedAt\":null,\"subjectName\":\"电梯使用场景\"},\"categorySubjectId\":100,\"categoryName\":\"商场扶梯\"},{\"ID\":107,\"CreatedAt\":\"2020-07-30T17:08:45+08:00\",\"UpdatedAt\":\"2020-07-30T17:08:45+08:00\",\"DeletedAt\":null,\"categorySubject\":{\"ID\":100,\"CreatedAt\":\"2020-07-30T10:22:39+08:00\",\"UpdatedAt\":\"2020-07-30T17:12:55+08:00\",\"DeletedAt\":null,\"subjectName\":\"电梯使用场景\"},\"categorySubjectId\":100,\"categoryName\":\"医院客梯\"},{\"ID\":108,\"CreatedAt\":\"2020-07-30T17:09:00+08:00\",\"UpdatedAt\":\"2020-07-30T17:09:00+08:00\",\"DeletedAt\":null,\"categorySubject\":{\"ID\":100,\"CreatedAt\":\"2020-07-30T10:22:39+08:00\",\"UpdatedAt\":\"2020-07-30T17:12:55+08:00\",\"DeletedAt\":null,\"subjectName\":\"电梯使用场景\"},\"categorySubjectId\":100,\"categoryName\":\"医院货梯\"},{\"ID\":109,\"CreatedAt\":\"2020-07-30T17:09:11+08:00\",\"UpdatedAt\":\"2020-07-30T17:09:11+08:00\",\"DeletedAt\":null,\"categorySubject\":{\"ID\":100,\"CreatedAt\":\"2020-07-30T10:22:39+08:00\",\"UpdatedAt\":\"2020-07-30T17:12:55+08:00\",\"DeletedAt\":null,\"subjectName\":\"电梯使用场景\"},\"categorySubjectId\":100,\"categoryName\":\"医院扶梯\"},{\"ID\":110,\"CreatedAt\":\"2020-07-30T17:10:24+08:00\",\"UpdatedAt\":\"2020-07-30T17:10:24+08:00\",\"DeletedAt\":null,\"categorySubject\":{\"ID\":100,\"CreatedAt\":\"2020-07-30T10:22:39+08:00\",\"UpdatedAt\":\"2020-07-30T17:12:55+08:00\",\"DeletedAt\":null,\"subjectName\":\"电梯使用场景\"},\"categorySubjectId\":100,\"categoryName\":\"写字楼客梯\"}],\"total\":21,\"page\":1,\"pageSize\":10},\"msg\":\"操作成功\"}'),(536,'2020-07-30 17:23:32','2020-07-30 17:23:32',NULL,'127.0.0.1','GET','/categories/getCategoriesList',200,848333,'Mozilla/5.0 (X11; Ubuntu; Linux x86_64; rv:79.0) Gecko/20100101 Firefox/79.0','','',10,'{\"code\":0,\"data\":{\"list\":[{\"ID\":101,\"CreatedAt\":\"2020-07-30T14:39:09+08:00\",\"UpdatedAt\":\"2020-07-30T14:39:09+08:00\",\"DeletedAt\":null,\"categorySubject\":{\"ID\":100,\"CreatedAt\":\"2020-07-30T10:22:39+08:00\",\"UpdatedAt\":\"2020-07-30T17:12:55+08:00\",\"DeletedAt\":null,\"subjectName\":\"电梯使用场景\"},\"categorySubjectId\":100,\"categoryName\":\"住宅客梯\"},{\"ID\":102,\"CreatedAt\":\"2020-07-30T17:05:44+08:00\",\"UpdatedAt\":\"2020-07-30T17:05:44+08:00\",\"DeletedAt\":null,\"categorySubject\":{\"ID\":100,\"CreatedAt\":\"2020-07-30T10:22:39+08:00\",\"UpdatedAt\":\"2020-07-30T17:12:55+08:00\",\"DeletedAt\":null,\"subjectName\":\"电梯使用场景\"},\"categorySubjectId\":100,\"categoryName\":\"住宅货梯\"},{\"ID\":103,\"CreatedAt\":\"2020-07-30T17:06:15+08:00\",\"UpdatedAt\":\"2020-07-30T17:06:15+08:00\",\"DeletedAt\":null,\"categorySubject\":{\"ID\":100,\"CreatedAt\":\"2020-07-30T10:22:39+08:00\",\"UpdatedAt\":\"2020-07-30T17:12:55+08:00\",\"DeletedAt\":null,\"subjectName\":\"电梯使用场景\"},\"categorySubjectId\":100,\"categoryName\":\"住宅扶梯\"},{\"ID\":104,\"CreatedAt\":\"2020-07-30T17:06:57+08:00\",\"UpdatedAt\":\"2020-07-30T17:06:57+08:00\",\"DeletedAt\":null,\"categorySubject\":{\"ID\":100,\"CreatedAt\":\"2020-07-30T10:22:39+08:00\",\"UpdatedAt\":\"2020-07-30T17:12:55+08:00\",\"DeletedAt\":null,\"subjectName\":\"电梯使用场景\"},\"categorySubjectId\":100,\"categoryName\":\"商场客梯\"},{\"ID\":105,\"CreatedAt\":\"2020-07-30T17:07:06+08:00\",\"UpdatedAt\":\"2020-07-30T17:07:06+08:00\",\"DeletedAt\":null,\"categorySubject\":{\"ID\":100,\"CreatedAt\":\"2020-07-30T10:22:39+08:00\",\"UpdatedAt\":\"2020-07-30T17:12:55+08:00\",\"DeletedAt\":null,\"subjectName\":\"电梯使用场景\"},\"categorySubjectId\":100,\"categoryName\":\"商场货梯\"},{\"ID\":106,\"CreatedAt\":\"2020-07-30T17:07:19+08:00\",\"UpdatedAt\":\"2020-07-30T17:07:19+08:00\",\"DeletedAt\":null,\"categorySubject\":{\"ID\":100,\"CreatedAt\":\"2020-07-30T10:22:39+08:00\",\"UpdatedAt\":\"2020-07-30T17:12:55+08:00\",\"DeletedAt\":null,\"subjectName\":\"电梯使用场景\"},\"categorySubjectId\":100,\"categoryName\":\"商场扶梯\"},{\"ID\":107,\"CreatedAt\":\"2020-07-30T17:08:45+08:00\",\"UpdatedAt\":\"2020-07-30T17:08:45+08:00\",\"DeletedAt\":null,\"categorySubject\":{\"ID\":100,\"CreatedAt\":\"2020-07-30T10:22:39+08:00\",\"UpdatedAt\":\"2020-07-30T17:12:55+08:00\",\"DeletedAt\":null,\"subjectName\":\"电梯使用场景\"},\"categorySubjectId\":100,\"categoryName\":\"医院客梯\"},{\"ID\":108,\"CreatedAt\":\"2020-07-30T17:09:00+08:00\",\"UpdatedAt\":\"2020-07-30T17:09:00+08:00\",\"DeletedAt\":null,\"categorySubject\":{\"ID\":100,\"CreatedAt\":\"2020-07-30T10:22:39+08:00\",\"UpdatedAt\":\"2020-07-30T17:12:55+08:00\",\"DeletedAt\":null,\"subjectName\":\"电梯使用场景\"},\"categorySubjectId\":100,\"categoryName\":\"医院货梯\"},{\"ID\":109,\"CreatedAt\":\"2020-07-30T17:09:11+08:00\",\"UpdatedAt\":\"2020-07-30T17:09:11+08:00\",\"DeletedAt\":null,\"categorySubject\":{\"ID\":100,\"CreatedAt\":\"2020-07-30T10:22:39+08:00\",\"UpdatedAt\":\"2020-07-30T17:12:55+08:00\",\"DeletedAt\":null,\"subjectName\":\"电梯使用场景\"},\"categorySubjectId\":100,\"categoryName\":\"医院扶梯\"},{\"ID\":110,\"CreatedAt\":\"2020-07-30T17:10:24+08:00\",\"UpdatedAt\":\"2020-07-30T17:10:24+08:00\",\"DeletedAt\":null,\"categorySubject\":{\"ID\":100,\"CreatedAt\":\"2020-07-30T10:22:39+08:00\",\"UpdatedAt\":\"2020-07-30T17:12:55+08:00\",\"DeletedAt\":null,\"subjectName\":\"电梯使用场景\"},\"categorySubjectId\":100,\"categoryName\":\"写字楼客梯\"}],\"total\":21,\"page\":1,\"pageSize\":10},\"msg\":\"操作成功\"}'),(537,'2020-07-30 17:40:13','2020-07-30 17:40:13',NULL,'127.0.0.1','GET','/categories/getCategoriesList',200,1049292,'Mozilla/5.0 (X11; Ubuntu; Linux x86_64; rv:79.0) Gecko/20100101 Firefox/79.0','','',10,'{\"code\":0,\"data\":{\"list\":[{\"ID\":101,\"CreatedAt\":\"2020-07-30T14:39:09+08:00\",\"UpdatedAt\":\"2020-07-30T14:39:09+08:00\",\"DeletedAt\":null,\"categorySubject\":{\"ID\":100,\"CreatedAt\":\"2020-07-30T10:22:39+08:00\",\"UpdatedAt\":\"2020-07-30T17:12:55+08:00\",\"DeletedAt\":null,\"subjectName\":\"电梯使用场景\"},\"categorySubjectId\":100,\"categoryName\":\"住宅客梯\"},{\"ID\":102,\"CreatedAt\":\"2020-07-30T17:05:44+08:00\",\"UpdatedAt\":\"2020-07-30T17:05:44+08:00\",\"DeletedAt\":null,\"categorySubject\":{\"ID\":100,\"CreatedAt\":\"2020-07-30T10:22:39+08:00\",\"UpdatedAt\":\"2020-07-30T17:12:55+08:00\",\"DeletedAt\":null,\"subjectName\":\"电梯使用场景\"},\"categorySubjectId\":100,\"categoryName\":\"住宅货梯\"},{\"ID\":103,\"CreatedAt\":\"2020-07-30T17:06:15+08:00\",\"UpdatedAt\":\"2020-07-30T17:06:15+08:00\",\"DeletedAt\":null,\"categorySubject\":{\"ID\":100,\"CreatedAt\":\"2020-07-30T10:22:39+08:00\",\"UpdatedAt\":\"2020-07-30T17:12:55+08:00\",\"DeletedAt\":null,\"subjectName\":\"电梯使用场景\"},\"categorySubjectId\":100,\"categoryName\":\"住宅扶梯\"},{\"ID\":104,\"CreatedAt\":\"2020-07-30T17:06:57+08:00\",\"UpdatedAt\":\"2020-07-30T17:06:57+08:00\",\"DeletedAt\":null,\"categorySubject\":{\"ID\":100,\"CreatedAt\":\"2020-07-30T10:22:39+08:00\",\"UpdatedAt\":\"2020-07-30T17:12:55+08:00\",\"DeletedAt\":null,\"subjectName\":\"电梯使用场景\"},\"categorySubjectId\":100,\"categoryName\":\"商场客梯\"},{\"ID\":105,\"CreatedAt\":\"2020-07-30T17:07:06+08:00\",\"UpdatedAt\":\"2020-07-30T17:07:06+08:00\",\"DeletedAt\":null,\"categorySubject\":{\"ID\":100,\"CreatedAt\":\"2020-07-30T10:22:39+08:00\",\"UpdatedAt\":\"2020-07-30T17:12:55+08:00\",\"DeletedAt\":null,\"subjectName\":\"电梯使用场景\"},\"categorySubjectId\":100,\"categoryName\":\"商场货梯\"},{\"ID\":106,\"CreatedAt\":\"2020-07-30T17:07:19+08:00\",\"UpdatedAt\":\"2020-07-30T17:07:19+08:00\",\"DeletedAt\":null,\"categorySubject\":{\"ID\":100,\"CreatedAt\":\"2020-07-30T10:22:39+08:00\",\"UpdatedAt\":\"2020-07-30T17:12:55+08:00\",\"DeletedAt\":null,\"subjectName\":\"电梯使用场景\"},\"categorySubjectId\":100,\"categoryName\":\"商场扶梯\"},{\"ID\":107,\"CreatedAt\":\"2020-07-30T17:08:45+08:00\",\"UpdatedAt\":\"2020-07-30T17:08:45+08:00\",\"DeletedAt\":null,\"categorySubject\":{\"ID\":100,\"CreatedAt\":\"2020-07-30T10:22:39+08:00\",\"UpdatedAt\":\"2020-07-30T17:12:55+08:00\",\"DeletedAt\":null,\"subjectName\":\"电梯使用场景\"},\"categorySubjectId\":100,\"categoryName\":\"医院客梯\"},{\"ID\":108,\"CreatedAt\":\"2020-07-30T17:09:00+08:00\",\"UpdatedAt\":\"2020-07-30T17:09:00+08:00\",\"DeletedAt\":null,\"categorySubject\":{\"ID\":100,\"CreatedAt\":\"2020-07-30T10:22:39+08:00\",\"UpdatedAt\":\"2020-07-30T17:12:55+08:00\",\"DeletedAt\":null,\"subjectName\":\"电梯使用场景\"},\"categorySubjectId\":100,\"categoryName\":\"医院货梯\"},{\"ID\":109,\"CreatedAt\":\"2020-07-30T17:09:11+08:00\",\"UpdatedAt\":\"2020-07-30T17:09:11+08:00\",\"DeletedAt\":null,\"categorySubject\":{\"ID\":100,\"CreatedAt\":\"2020-07-30T10:22:39+08:00\",\"UpdatedAt\":\"2020-07-30T17:12:55+08:00\",\"DeletedAt\":null,\"subjectName\":\"电梯使用场景\"},\"categorySubjectId\":100,\"categoryName\":\"医院扶梯\"},{\"ID\":110,\"CreatedAt\":\"2020-07-30T17:10:24+08:00\",\"UpdatedAt\":\"2020-07-30T17:10:24+08:00\",\"DeletedAt\":null,\"categorySubject\":{\"ID\":100,\"CreatedAt\":\"2020-07-30T10:22:39+08:00\",\"UpdatedAt\":\"2020-07-30T17:12:55+08:00\",\"DeletedAt\":null,\"subjectName\":\"电梯使用场景\"},\"categorySubjectId\":100,\"categoryName\":\"写字楼客梯\"}],\"total\":21,\"page\":1,\"pageSize\":10},\"msg\":\"操作成功\"}'),(538,'2020-07-30 17:40:16','2020-07-30 17:40:16',NULL,'127.0.0.1','GET','/categories/getCategoriesList',200,1866409,'Mozilla/5.0 (X11; Ubuntu; Linux x86_64; rv:79.0) Gecko/20100101 Firefox/79.0','','',10,'{\"code\":0,\"data\":{\"list\":[{\"ID\":101,\"CreatedAt\":\"2020-07-30T14:39:09+08:00\",\"UpdatedAt\":\"2020-07-30T14:39:09+08:00\",\"DeletedAt\":null,\"categorySubject\":{\"ID\":100,\"CreatedAt\":\"2020-07-30T10:22:39+08:00\",\"UpdatedAt\":\"2020-07-30T17:12:55+08:00\",\"DeletedAt\":null,\"subjectName\":\"电梯使用场景\"},\"categorySubjectId\":100,\"categoryName\":\"住宅客梯\"},{\"ID\":102,\"CreatedAt\":\"2020-07-30T17:05:44+08:00\",\"UpdatedAt\":\"2020-07-30T17:05:44+08:00\",\"DeletedAt\":null,\"categorySubject\":{\"ID\":100,\"CreatedAt\":\"2020-07-30T10:22:39+08:00\",\"UpdatedAt\":\"2020-07-30T17:12:55+08:00\",\"DeletedAt\":null,\"subjectName\":\"电梯使用场景\"},\"categorySubjectId\":100,\"categoryName\":\"住宅货梯\"},{\"ID\":103,\"CreatedAt\":\"2020-07-30T17:06:15+08:00\",\"UpdatedAt\":\"2020-07-30T17:06:15+08:00\",\"DeletedAt\":null,\"categorySubject\":{\"ID\":100,\"CreatedAt\":\"2020-07-30T10:22:39+08:00\",\"UpdatedAt\":\"2020-07-30T17:12:55+08:00\",\"DeletedAt\":null,\"subjectName\":\"电梯使用场景\"},\"categorySubjectId\":100,\"categoryName\":\"住宅扶梯\"},{\"ID\":104,\"CreatedAt\":\"2020-07-30T17:06:57+08:00\",\"UpdatedAt\":\"2020-07-30T17:06:57+08:00\",\"DeletedAt\":null,\"categorySubject\":{\"ID\":100,\"CreatedAt\":\"2020-07-30T10:22:39+08:00\",\"UpdatedAt\":\"2020-07-30T17:12:55+08:00\",\"DeletedAt\":null,\"subjectName\":\"电梯使用场景\"},\"categorySubjectId\":100,\"categoryName\":\"商场客梯\"},{\"ID\":105,\"CreatedAt\":\"2020-07-30T17:07:06+08:00\",\"UpdatedAt\":\"2020-07-30T17:07:06+08:00\",\"DeletedAt\":null,\"categorySubject\":{\"ID\":100,\"CreatedAt\":\"2020-07-30T10:22:39+08:00\",\"UpdatedAt\":\"2020-07-30T17:12:55+08:00\",\"DeletedAt\":null,\"subjectName\":\"电梯使用场景\"},\"categorySubjectId\":100,\"categoryName\":\"商场货梯\"},{\"ID\":106,\"CreatedAt\":\"2020-07-30T17:07:19+08:00\",\"UpdatedAt\":\"2020-07-30T17:07:19+08:00\",\"DeletedAt\":null,\"categorySubject\":{\"ID\":100,\"CreatedAt\":\"2020-07-30T10:22:39+08:00\",\"UpdatedAt\":\"2020-07-30T17:12:55+08:00\",\"DeletedAt\":null,\"subjectName\":\"电梯使用场景\"},\"categorySubjectId\":100,\"categoryName\":\"商场扶梯\"},{\"ID\":107,\"CreatedAt\":\"2020-07-30T17:08:45+08:00\",\"UpdatedAt\":\"2020-07-30T17:08:45+08:00\",\"DeletedAt\":null,\"categorySubject\":{\"ID\":100,\"CreatedAt\":\"2020-07-30T10:22:39+08:00\",\"UpdatedAt\":\"2020-07-30T17:12:55+08:00\",\"DeletedAt\":null,\"subjectName\":\"电梯使用场景\"},\"categorySubjectId\":100,\"categoryName\":\"医院客梯\"},{\"ID\":108,\"CreatedAt\":\"2020-07-30T17:09:00+08:00\",\"UpdatedAt\":\"2020-07-30T17:09:00+08:00\",\"DeletedAt\":null,\"categorySubject\":{\"ID\":100,\"CreatedAt\":\"2020-07-30T10:22:39+08:00\",\"UpdatedAt\":\"2020-07-30T17:12:55+08:00\",\"DeletedAt\":null,\"subjectName\":\"电梯使用场景\"},\"categorySubjectId\":100,\"categoryName\":\"医院货梯\"},{\"ID\":109,\"CreatedAt\":\"2020-07-30T17:09:11+08:00\",\"UpdatedAt\":\"2020-07-30T17:09:11+08:00\",\"DeletedAt\":null,\"categorySubject\":{\"ID\":100,\"CreatedAt\":\"2020-07-30T10:22:39+08:00\",\"UpdatedAt\":\"2020-07-30T17:12:55+08:00\",\"DeletedAt\":null,\"subjectName\":\"电梯使用场景\"},\"categorySubjectId\":100,\"categoryName\":\"医院扶梯\"},{\"ID\":110,\"CreatedAt\":\"2020-07-30T17:10:24+08:00\",\"UpdatedAt\":\"2020-07-30T17:10:24+08:00\",\"DeletedAt\":null,\"categorySubject\":{\"ID\":100,\"CreatedAt\":\"2020-07-30T10:22:39+08:00\",\"UpdatedAt\":\"2020-07-30T17:12:55+08:00\",\"DeletedAt\":null,\"subjectName\":\"电梯使用场景\"},\"categorySubjectId\":100,\"categoryName\":\"写字楼客梯\"}],\"total\":21,\"page\":1,\"pageSize\":10},\"msg\":\"操作成功\"}'),(539,'2020-07-30 17:40:52','2020-07-30 17:40:52',NULL,'127.0.0.1','GET','/categories/getCategoriesList',200,1698526,'Mozilla/5.0 (X11; Ubuntu; Linux x86_64; rv:79.0) Gecko/20100101 Firefox/79.0','','',10,'{\"code\":0,\"data\":{\"list\":[{\"ID\":101,\"CreatedAt\":\"2020-07-30T14:39:09+08:00\",\"UpdatedAt\":\"2020-07-30T14:39:09+08:00\",\"DeletedAt\":null,\"categorySubject\":{\"ID\":100,\"CreatedAt\":\"2020-07-30T10:22:39+08:00\",\"UpdatedAt\":\"2020-07-30T17:12:55+08:00\",\"DeletedAt\":null,\"subjectName\":\"电梯使用场景\"},\"categorySubjectId\":100,\"categoryName\":\"住宅客梯\"},{\"ID\":102,\"CreatedAt\":\"2020-07-30T17:05:44+08:00\",\"UpdatedAt\":\"2020-07-30T17:05:44+08:00\",\"DeletedAt\":null,\"categorySubject\":{\"ID\":100,\"CreatedAt\":\"2020-07-30T10:22:39+08:00\",\"UpdatedAt\":\"2020-07-30T17:12:55+08:00\",\"DeletedAt\":null,\"subjectName\":\"电梯使用场景\"},\"categorySubjectId\":100,\"categoryName\":\"住宅货梯\"},{\"ID\":103,\"CreatedAt\":\"2020-07-30T17:06:15+08:00\",\"UpdatedAt\":\"2020-07-30T17:06:15+08:00\",\"DeletedAt\":null,\"categorySubject\":{\"ID\":100,\"CreatedAt\":\"2020-07-30T10:22:39+08:00\",\"UpdatedAt\":\"2020-07-30T17:12:55+08:00\",\"DeletedAt\":null,\"subjectName\":\"电梯使用场景\"},\"categorySubjectId\":100,\"categoryName\":\"住宅扶梯\"},{\"ID\":104,\"CreatedAt\":\"2020-07-30T17:06:57+08:00\",\"UpdatedAt\":\"2020-07-30T17:06:57+08:00\",\"DeletedAt\":null,\"categorySubject\":{\"ID\":100,\"CreatedAt\":\"2020-07-30T10:22:39+08:00\",\"UpdatedAt\":\"2020-07-30T17:12:55+08:00\",\"DeletedAt\":null,\"subjectName\":\"电梯使用场景\"},\"categorySubjectId\":100,\"categoryName\":\"商场客梯\"},{\"ID\":105,\"CreatedAt\":\"2020-07-30T17:07:06+08:00\",\"UpdatedAt\":\"2020-07-30T17:07:06+08:00\",\"DeletedAt\":null,\"categorySubject\":{\"ID\":100,\"CreatedAt\":\"2020-07-30T10:22:39+08:00\",\"UpdatedAt\":\"2020-07-30T17:12:55+08:00\",\"DeletedAt\":null,\"subjectName\":\"电梯使用场景\"},\"categorySubjectId\":100,\"categoryName\":\"商场货梯\"},{\"ID\":106,\"CreatedAt\":\"2020-07-30T17:07:19+08:00\",\"UpdatedAt\":\"2020-07-30T17:07:19+08:00\",\"DeletedAt\":null,\"categorySubject\":{\"ID\":100,\"CreatedAt\":\"2020-07-30T10:22:39+08:00\",\"UpdatedAt\":\"2020-07-30T17:12:55+08:00\",\"DeletedAt\":null,\"subjectName\":\"电梯使用场景\"},\"categorySubjectId\":100,\"categoryName\":\"商场扶梯\"},{\"ID\":107,\"CreatedAt\":\"2020-07-30T17:08:45+08:00\",\"UpdatedAt\":\"2020-07-30T17:08:45+08:00\",\"DeletedAt\":null,\"categorySubject\":{\"ID\":100,\"CreatedAt\":\"2020-07-30T10:22:39+08:00\",\"UpdatedAt\":\"2020-07-30T17:12:55+08:00\",\"DeletedAt\":null,\"subjectName\":\"电梯使用场景\"},\"categorySubjectId\":100,\"categoryName\":\"医院客梯\"},{\"ID\":108,\"CreatedAt\":\"2020-07-30T17:09:00+08:00\",\"UpdatedAt\":\"2020-07-30T17:09:00+08:00\",\"DeletedAt\":null,\"categorySubject\":{\"ID\":100,\"CreatedAt\":\"2020-07-30T10:22:39+08:00\",\"UpdatedAt\":\"2020-07-30T17:12:55+08:00\",\"DeletedAt\":null,\"subjectName\":\"电梯使用场景\"},\"categorySubjectId\":100,\"categoryName\":\"医院货梯\"},{\"ID\":109,\"CreatedAt\":\"2020-07-30T17:09:11+08:00\",\"UpdatedAt\":\"2020-07-30T17:09:11+08:00\",\"DeletedAt\":null,\"categorySubject\":{\"ID\":100,\"CreatedAt\":\"2020-07-30T10:22:39+08:00\",\"UpdatedAt\":\"2020-07-30T17:12:55+08:00\",\"DeletedAt\":null,\"subjectName\":\"电梯使用场景\"},\"categorySubjectId\":100,\"categoryName\":\"医院扶梯\"},{\"ID\":110,\"CreatedAt\":\"2020-07-30T17:10:24+08:00\",\"UpdatedAt\":\"2020-07-30T17:10:24+08:00\",\"DeletedAt\":null,\"categorySubject\":{\"ID\":100,\"CreatedAt\":\"2020-07-30T10:22:39+08:00\",\"UpdatedAt\":\"2020-07-30T17:12:55+08:00\",\"DeletedAt\":null,\"subjectName\":\"电梯使用场景\"},\"categorySubjectId\":100,\"categoryName\":\"写字楼客梯\"}],\"total\":21,\"page\":1,\"pageSize\":10},\"msg\":\"操作成功\"}'),(540,'2020-07-30 17:42:39','2020-07-30 17:42:39',NULL,'127.0.0.1','GET','/categories/getCategoriesList',200,908605,'Mozilla/5.0 (X11; Ubuntu; Linux x86_64; rv:79.0) Gecko/20100101 Firefox/79.0','','',10,'{\"code\":0,\"data\":{\"list\":[{\"ID\":101,\"CreatedAt\":\"2020-07-30T14:39:09+08:00\",\"UpdatedAt\":\"2020-07-30T14:39:09+08:00\",\"DeletedAt\":null,\"categorySubject\":{\"ID\":100,\"CreatedAt\":\"2020-07-30T10:22:39+08:00\",\"UpdatedAt\":\"2020-07-30T17:12:55+08:00\",\"DeletedAt\":null,\"subjectName\":\"电梯使用场景\"},\"categorySubjectId\":100,\"categoryName\":\"住宅客梯\"},{\"ID\":102,\"CreatedAt\":\"2020-07-30T17:05:44+08:00\",\"UpdatedAt\":\"2020-07-30T17:05:44+08:00\",\"DeletedAt\":null,\"categorySubject\":{\"ID\":100,\"CreatedAt\":\"2020-07-30T10:22:39+08:00\",\"UpdatedAt\":\"2020-07-30T17:12:55+08:00\",\"DeletedAt\":null,\"subjectName\":\"电梯使用场景\"},\"categorySubjectId\":100,\"categoryName\":\"住宅货梯\"},{\"ID\":103,\"CreatedAt\":\"2020-07-30T17:06:15+08:00\",\"UpdatedAt\":\"2020-07-30T17:06:15+08:00\",\"DeletedAt\":null,\"categorySubject\":{\"ID\":100,\"CreatedAt\":\"2020-07-30T10:22:39+08:00\",\"UpdatedAt\":\"2020-07-30T17:12:55+08:00\",\"DeletedAt\":null,\"subjectName\":\"电梯使用场景\"},\"categorySubjectId\":100,\"categoryName\":\"住宅扶梯\"},{\"ID\":104,\"CreatedAt\":\"2020-07-30T17:06:57+08:00\",\"UpdatedAt\":\"2020-07-30T17:06:57+08:00\",\"DeletedAt\":null,\"categorySubject\":{\"ID\":100,\"CreatedAt\":\"2020-07-30T10:22:39+08:00\",\"UpdatedAt\":\"2020-07-30T17:12:55+08:00\",\"DeletedAt\":null,\"subjectName\":\"电梯使用场景\"},\"categorySubjectId\":100,\"categoryName\":\"商场客梯\"},{\"ID\":105,\"CreatedAt\":\"2020-07-30T17:07:06+08:00\",\"UpdatedAt\":\"2020-07-30T17:07:06+08:00\",\"DeletedAt\":null,\"categorySubject\":{\"ID\":100,\"CreatedAt\":\"2020-07-30T10:22:39+08:00\",\"UpdatedAt\":\"2020-07-30T17:12:55+08:00\",\"DeletedAt\":null,\"subjectName\":\"电梯使用场景\"},\"categorySubjectId\":100,\"categoryName\":\"商场货梯\"},{\"ID\":106,\"CreatedAt\":\"2020-07-30T17:07:19+08:00\",\"UpdatedAt\":\"2020-07-30T17:07:19+08:00\",\"DeletedAt\":null,\"categorySubject\":{\"ID\":100,\"CreatedAt\":\"2020-07-30T10:22:39+08:00\",\"UpdatedAt\":\"2020-07-30T17:12:55+08:00\",\"DeletedAt\":null,\"subjectName\":\"电梯使用场景\"},\"categorySubjectId\":100,\"categoryName\":\"商场扶梯\"},{\"ID\":107,\"CreatedAt\":\"2020-07-30T17:08:45+08:00\",\"UpdatedAt\":\"2020-07-30T17:08:45+08:00\",\"DeletedAt\":null,\"categorySubject\":{\"ID\":100,\"CreatedAt\":\"2020-07-30T10:22:39+08:00\",\"UpdatedAt\":\"2020-07-30T17:12:55+08:00\",\"DeletedAt\":null,\"subjectName\":\"电梯使用场景\"},\"categorySubjectId\":100,\"categoryName\":\"医院客梯\"},{\"ID\":108,\"CreatedAt\":\"2020-07-30T17:09:00+08:00\",\"UpdatedAt\":\"2020-07-30T17:09:00+08:00\",\"DeletedAt\":null,\"categorySubject\":{\"ID\":100,\"CreatedAt\":\"2020-07-30T10:22:39+08:00\",\"UpdatedAt\":\"2020-07-30T17:12:55+08:00\",\"DeletedAt\":null,\"subjectName\":\"电梯使用场景\"},\"categorySubjectId\":100,\"categoryName\":\"医院货梯\"},{\"ID\":109,\"CreatedAt\":\"2020-07-30T17:09:11+08:00\",\"UpdatedAt\":\"2020-07-30T17:09:11+08:00\",\"DeletedAt\":null,\"categorySubject\":{\"ID\":100,\"CreatedAt\":\"2020-07-30T10:22:39+08:00\",\"UpdatedAt\":\"2020-07-30T17:12:55+08:00\",\"DeletedAt\":null,\"subjectName\":\"电梯使用场景\"},\"categorySubjectId\":100,\"categoryName\":\"医院扶梯\"},{\"ID\":110,\"CreatedAt\":\"2020-07-30T17:10:24+08:00\",\"UpdatedAt\":\"2020-07-30T17:10:24+08:00\",\"DeletedAt\":null,\"categorySubject\":{\"ID\":100,\"CreatedAt\":\"2020-07-30T10:22:39+08:00\",\"UpdatedAt\":\"2020-07-30T17:12:55+08:00\",\"DeletedAt\":null,\"subjectName\":\"电梯使用场景\"},\"categorySubjectId\":100,\"categoryName\":\"写字楼客梯\"}],\"total\":21,\"page\":1,\"pageSize\":10},\"msg\":\"操作成功\"}'),(541,'2020-07-30 17:42:43','2020-07-30 17:42:43',NULL,'127.0.0.1','GET','/categories/getCategoriesList',200,550919,'Mozilla/5.0 (X11; Ubuntu; Linux x86_64; rv:79.0) Gecko/20100101 Firefox/79.0','','',10,'{\"code\":7,\"data\":{},\"msg\":\"获取数据失败，Error 1054: Unknown column \'CategorySubjectId\' in \'where clause\'\"}'),(542,'2020-07-30 17:43:57','2020-07-30 17:43:57',NULL,'127.0.0.1','GET','/categories/getCategoriesList',200,1017257,'Mozilla/5.0 (X11; Ubuntu; Linux x86_64; rv:79.0) Gecko/20100101 Firefox/79.0','','',10,'{\"code\":0,\"data\":{\"list\":[{\"ID\":101,\"CreatedAt\":\"2020-07-30T14:39:09+08:00\",\"UpdatedAt\":\"2020-07-30T14:39:09+08:00\",\"DeletedAt\":null,\"categorySubject\":{\"ID\":100,\"CreatedAt\":\"2020-07-30T10:22:39+08:00\",\"UpdatedAt\":\"2020-07-30T17:12:55+08:00\",\"DeletedAt\":null,\"subjectName\":\"电梯使用场景\"},\"categorySubjectId\":100,\"categoryName\":\"住宅客梯\"},{\"ID\":102,\"CreatedAt\":\"2020-07-30T17:05:44+08:00\",\"UpdatedAt\":\"2020-07-30T17:05:44+08:00\",\"DeletedAt\":null,\"categorySubject\":{\"ID\":100,\"CreatedAt\":\"2020-07-30T10:22:39+08:00\",\"UpdatedAt\":\"2020-07-30T17:12:55+08:00\",\"DeletedAt\":null,\"subjectName\":\"电梯使用场景\"},\"categorySubjectId\":100,\"categoryName\":\"住宅货梯\"},{\"ID\":103,\"CreatedAt\":\"2020-07-30T17:06:15+08:00\",\"UpdatedAt\":\"2020-07-30T17:06:15+08:00\",\"DeletedAt\":null,\"categorySubject\":{\"ID\":100,\"CreatedAt\":\"2020-07-30T10:22:39+08:00\",\"UpdatedAt\":\"2020-07-30T17:12:55+08:00\",\"DeletedAt\":null,\"subjectName\":\"电梯使用场景\"},\"categorySubjectId\":100,\"categoryName\":\"住宅扶梯\"},{\"ID\":104,\"CreatedAt\":\"2020-07-30T17:06:57+08:00\",\"UpdatedAt\":\"2020-07-30T17:06:57+08:00\",\"DeletedAt\":null,\"categorySubject\":{\"ID\":100,\"CreatedAt\":\"2020-07-30T10:22:39+08:00\",\"UpdatedAt\":\"2020-07-30T17:12:55+08:00\",\"DeletedAt\":null,\"subjectName\":\"电梯使用场景\"},\"categorySubjectId\":100,\"categoryName\":\"商场客梯\"},{\"ID\":105,\"CreatedAt\":\"2020-07-30T17:07:06+08:00\",\"UpdatedAt\":\"2020-07-30T17:07:06+08:00\",\"DeletedAt\":null,\"categorySubject\":{\"ID\":100,\"CreatedAt\":\"2020-07-30T10:22:39+08:00\",\"UpdatedAt\":\"2020-07-30T17:12:55+08:00\",\"DeletedAt\":null,\"subjectName\":\"电梯使用场景\"},\"categorySubjectId\":100,\"categoryName\":\"商场货梯\"},{\"ID\":106,\"CreatedAt\":\"2020-07-30T17:07:19+08:00\",\"UpdatedAt\":\"2020-07-30T17:07:19+08:00\",\"DeletedAt\":null,\"categorySubject\":{\"ID\":100,\"CreatedAt\":\"2020-07-30T10:22:39+08:00\",\"UpdatedAt\":\"2020-07-30T17:12:55+08:00\",\"DeletedAt\":null,\"subjectName\":\"电梯使用场景\"},\"categorySubjectId\":100,\"categoryName\":\"商场扶梯\"},{\"ID\":107,\"CreatedAt\":\"2020-07-30T17:08:45+08:00\",\"UpdatedAt\":\"2020-07-30T17:08:45+08:00\",\"DeletedAt\":null,\"categorySubject\":{\"ID\":100,\"CreatedAt\":\"2020-07-30T10:22:39+08:00\",\"UpdatedAt\":\"2020-07-30T17:12:55+08:00\",\"DeletedAt\":null,\"subjectName\":\"电梯使用场景\"},\"categorySubjectId\":100,\"categoryName\":\"医院客梯\"},{\"ID\":108,\"CreatedAt\":\"2020-07-30T17:09:00+08:00\",\"UpdatedAt\":\"2020-07-30T17:09:00+08:00\",\"DeletedAt\":null,\"categorySubject\":{\"ID\":100,\"CreatedAt\":\"2020-07-30T10:22:39+08:00\",\"UpdatedAt\":\"2020-07-30T17:12:55+08:00\",\"DeletedAt\":null,\"subjectName\":\"电梯使用场景\"},\"categorySubjectId\":100,\"categoryName\":\"医院货梯\"},{\"ID\":109,\"CreatedAt\":\"2020-07-30T17:09:11+08:00\",\"UpdatedAt\":\"2020-07-30T17:09:11+08:00\",\"DeletedAt\":null,\"categorySubject\":{\"ID\":100,\"CreatedAt\":\"2020-07-30T10:22:39+08:00\",\"UpdatedAt\":\"2020-07-30T17:12:55+08:00\",\"DeletedAt\":null,\"subjectName\":\"电梯使用场景\"},\"categorySubjectId\":100,\"categoryName\":\"医院扶梯\"},{\"ID\":110,\"CreatedAt\":\"2020-07-30T17:10:24+08:00\",\"UpdatedAt\":\"2020-07-30T17:10:24+08:00\",\"DeletedAt\":null,\"categorySubject\":{\"ID\":100,\"CreatedAt\":\"2020-07-30T10:22:39+08:00\",\"UpdatedAt\":\"2020-07-30T17:12:55+08:00\",\"DeletedAt\":null,\"subjectName\":\"电梯使用场景\"},\"categorySubjectId\":100,\"categoryName\":\"写字楼客梯\"}],\"total\":21,\"page\":1,\"pageSize\":10},\"msg\":\"操作成功\"}'),(543,'2020-07-30 17:44:00','2020-07-30 17:44:00',NULL,'127.0.0.1','GET','/categories/getCategoriesList',200,1447501,'Mozilla/5.0 (X11; Ubuntu; Linux x86_64; rv:79.0) Gecko/20100101 Firefox/79.0','','',10,'{\"code\":0,\"data\":{\"list\":[{\"ID\":114,\"CreatedAt\":\"2020-07-30T17:14:50+08:00\",\"UpdatedAt\":\"2020-07-30T17:14:50+08:00\",\"DeletedAt\":null,\"categorySubject\":{\"ID\":101,\"CreatedAt\":\"2020-07-30T10:23:20+08:00\",\"UpdatedAt\":\"2020-07-30T10:23:20+08:00\",\"DeletedAt\":null,\"subjectName\":\"公司类别\"},\"categorySubjectId\":101,\"categoryName\":\"运营平台\"},{\"ID\":115,\"CreatedAt\":\"2020-07-30T17:16:21+08:00\",\"UpdatedAt\":\"2020-07-30T17:16:21+08:00\",\"DeletedAt\":null,\"categorySubject\":{\"ID\":101,\"CreatedAt\":\"2020-07-30T10:23:20+08:00\",\"UpdatedAt\":\"2020-07-30T10:23:20+08:00\",\"DeletedAt\":null,\"subjectName\":\"公司类别\"},\"categorySubjectId\":101,\"categoryName\":\"物业\"},{\"ID\":116,\"CreatedAt\":\"2020-07-30T17:16:40+08:00\",\"UpdatedAt\":\"2020-07-30T17:16:40+08:00\",\"DeletedAt\":null,\"categorySubject\":{\"ID\":101,\"CreatedAt\":\"2020-07-30T10:23:20+08:00\",\"UpdatedAt\":\"2020-07-30T10:23:20+08:00\",\"DeletedAt\":null,\"subjectName\":\"公司类别\"},\"categorySubjectId\":101,\"categoryName\":\"维保公司\"},{\"ID\":117,\"CreatedAt\":\"2020-07-30T17:17:15+08:00\",\"UpdatedAt\":\"2020-07-30T17:17:15+08:00\",\"DeletedAt\":null,\"categorySubject\":{\"ID\":101,\"CreatedAt\":\"2020-07-30T10:23:20+08:00\",\"UpdatedAt\":\"2020-07-30T10:23:20+08:00\",\"DeletedAt\":null,\"subjectName\":\"公司类别\"},\"categorySubjectId\":101,\"categoryName\":\"电梯生产商\"},{\"ID\":118,\"CreatedAt\":\"2020-07-30T17:18:20+08:00\",\"UpdatedAt\":\"2020-07-30T17:18:20+08:00\",\"DeletedAt\":null,\"categorySubject\":{\"ID\":101,\"CreatedAt\":\"2020-07-30T10:23:20+08:00\",\"UpdatedAt\":\"2020-07-30T10:23:20+08:00\",\"DeletedAt\":null,\"subjectName\":\"公司类别\"},\"categorySubjectId\":101,\"categoryName\":\"电梯年检单位\"},{\"ID\":119,\"CreatedAt\":\"2020-07-30T17:18:37+08:00\",\"UpdatedAt\":\"2020-07-30T17:18:37+08:00\",\"DeletedAt\":null,\"categorySubject\":{\"ID\":101,\"CreatedAt\":\"2020-07-30T10:23:20+08:00\",\"UpdatedAt\":\"2020-07-30T10:23:20+08:00\",\"DeletedAt\":null,\"subjectName\":\"公司类别\"},\"categorySubjectId\":101,\"categoryName\":\"电梯安装公司\"},{\"ID\":120,\"CreatedAt\":\"2020-07-30T17:19:01+08:00\",\"UpdatedAt\":\"2020-07-30T17:19:01+08:00\",\"DeletedAt\":null,\"categorySubject\":{\"ID\":101,\"CreatedAt\":\"2020-07-30T10:23:20+08:00\",\"UpdatedAt\":\"2020-07-30T10:23:20+08:00\",\"DeletedAt\":null,\"subjectName\":\"公司类别\"},\"categorySubjectId\":101,\"categoryName\":\"监督单位\"},{\"ID\":121,\"CreatedAt\":\"2020-07-30T17:19:21+08:00\",\"UpdatedAt\":\"2020-07-30T17:19:21+08:00\",\"DeletedAt\":null,\"categorySubject\":{\"ID\":101,\"CreatedAt\":\"2020-07-30T10:23:20+08:00\",\"UpdatedAt\":\"2020-07-30T10:23:20+08:00\",\"DeletedAt\":null,\"subjectName\":\"公司类别\"},\"categorySubjectId\":101,\"categoryName\":\"电梯使用单位\"}],\"total\":8,\"page\":1,\"pageSize\":10},\"msg\":\"操作成功\"}');
/*!40000 ALTER TABLE `sys_operation_records` ENABLE KEYS */;
UNLOCK TABLES;

--
-- Table structure for table `sys_users`
--

DROP TABLE IF EXISTS `sys_users`;
/*!40101 SET @saved_cs_client     = @@character_set_client */;
/*!40101 SET character_set_client = utf8 */;
CREATE TABLE `sys_users` (
  `id` int(10) unsigned NOT NULL AUTO_INCREMENT,
  `created_at` timestamp NULL DEFAULT NULL,
  `updated_at` timestamp NULL DEFAULT NULL,
  `deleted_at` timestamp NULL DEFAULT NULL,
  `uuid` varbinary(255) DEFAULT NULL COMMENT 'uuid',
  `nick_name` varchar(255) DEFAULT 'QMPlusUser' COMMENT '用户昵称',
  `header_img` varchar(255) DEFAULT 'http://www.henrongyi.top/avatar/lufu.jpg' COMMENT '用户头像',
  `authority_id` double DEFAULT '888' COMMENT '用户角色',
  `username` varchar(255) DEFAULT NULL COMMENT '登录用户名',
  `password` varchar(255) DEFAULT NULL COMMENT '登录密码',
  PRIMARY KEY (`id`) USING BTREE,
  KEY `idx_users_deleted_at` (`deleted_at`) USING BTREE,
  KEY `idx_sys_users_deleted_at` (`deleted_at`) USING BTREE
) ENGINE=InnoDB AUTO_INCREMENT=12 DEFAULT CHARSET=utf8 ROW_FORMAT=COMPACT;
/*!40101 SET character_set_client = @saved_cs_client */;

--
-- Dumping data for table `sys_users`
--

LOCK TABLES `sys_users` WRITE;
/*!40000 ALTER TABLE `sys_users` DISABLE KEYS */;
INSERT INTO `sys_users` VALUES (10,'2019-09-13 09:23:46','2020-06-26 13:17:50',NULL,_binary 'ce0d6685-c15f-4126-a5b4-890bc9d2356d','超级管理员','http://qmplusimg.henrongyi.top/1571627762timg.jpg',888,'admin','e10adc3949ba59abbe56e057f20f883e'),(11,'2019-09-13 09:27:29','2019-09-13 09:27:29',NULL,_binary 'fd6ef79b-944c-4888-8377-abe2d2608858','QMPlusUser','http://qmplusimg.henrongyi.top/1572075907logo.png',9528,'a303176530','3ec063004a6f31642261936a379fde3d');
/*!40000 ALTER TABLE `sys_users` ENABLE KEYS */;
UNLOCK TABLES;

--
-- Table structure for table `sys_workflow_step_infos`
--

DROP TABLE IF EXISTS `sys_workflow_step_infos`;
/*!40101 SET @saved_cs_client     = @@character_set_client */;
/*!40101 SET character_set_client = utf8 */;
CREATE TABLE `sys_workflow_step_infos` (
  `id` int(10) unsigned NOT NULL AUTO_INCREMENT,
  `created_at` timestamp NULL DEFAULT NULL,
  `updated_at` timestamp NULL DEFAULT NULL,
  `deleted_at` timestamp NULL DEFAULT NULL,
  `workflow_id` int(10) unsigned DEFAULT NULL COMMENT '节点id',
  `is_strat` tinyint(1) DEFAULT NULL COMMENT '是否是开始节点',
  `step_name` varchar(255) DEFAULT NULL COMMENT '步骤name',
  `step_no` double DEFAULT NULL COMMENT '第几步',
  `step_authority_id` varchar(255) DEFAULT NULL COMMENT '可操作者角色',
  `is_end` tinyint(1) DEFAULT NULL COMMENT '是否是结尾',
  `sys_workflow_id` int(10) unsigned DEFAULT NULL COMMENT '关联工作流id',
  PRIMARY KEY (`id`) USING BTREE,
  KEY `idx_workflow_step_infos_deleted_at` (`deleted_at`) USING BTREE,
  KEY `idx_sys_workflow_step_infos_deleted_at` (`deleted_at`) USING BTREE
) ENGINE=InnoDB DEFAULT CHARSET=utf8 ROW_FORMAT=COMPACT;
/*!40101 SET character_set_client = @saved_cs_client */;

--
-- Dumping data for table `sys_workflow_step_infos`
--

LOCK TABLES `sys_workflow_step_infos` WRITE;
/*!40000 ALTER TABLE `sys_workflow_step_infos` DISABLE KEYS */;
/*!40000 ALTER TABLE `sys_workflow_step_infos` ENABLE KEYS */;
UNLOCK TABLES;

--
-- Table structure for table `sys_workflows`
--

DROP TABLE IF EXISTS `sys_workflows`;
/*!40101 SET @saved_cs_client     = @@character_set_client */;
/*!40101 SET character_set_client = utf8 */;
CREATE TABLE `sys_workflows` (
  `id` int(10) unsigned NOT NULL AUTO_INCREMENT,
  `created_at` datetime DEFAULT NULL,
  `updated_at` datetime DEFAULT NULL,
  `deleted_at` datetime DEFAULT NULL,
  `workflow_nick_name` varchar(255) DEFAULT NULL COMMENT '工作流中文名称',
  `workflow_name` varchar(255) DEFAULT NULL COMMENT '工作流英文名称',
  `workflow_description` varchar(255) DEFAULT NULL COMMENT '工作流描述',
  PRIMARY KEY (`id`) USING BTREE,
  KEY `idx_sys_workflows_deleted_at` (`deleted_at`) USING BTREE
) ENGINE=InnoDB DEFAULT CHARSET=utf8 ROW_FORMAT=COMPACT;
/*!40101 SET character_set_client = @saved_cs_client */;

--
-- Dumping data for table `sys_workflows`
--

LOCK TABLES `sys_workflows` WRITE;
/*!40000 ALTER TABLE `sys_workflows` DISABLE KEYS */;
/*!40000 ALTER TABLE `sys_workflows` ENABLE KEYS */;
UNLOCK TABLES;

--
-- Table structure for table `user_admins`
--

DROP TABLE IF EXISTS `user_admins`;
/*!40101 SET @saved_cs_client     = @@character_set_client */;
/*!40101 SET character_set_client = utf8 */;
CREATE TABLE `user_admins` (
  `id` int(10) unsigned NOT NULL AUTO_INCREMENT,
  `create_at` timestamp NULL DEFAULT NULL,
  `update_at` timestamp NULL DEFAULT NULL,
  `deleted_at` timestamp NULL DEFAULT NULL,
  `uuid` varbinary(255) DEFAULT NULL COMMENT 'uuid',
  `phone_number` varchar(20) NOT NULL COMMENT '登陆手机号',
  `password` varchar(255) DEFAULT NULL COMMENT '登陆密码',
  `real_name` varchar(255) DEFAULT NULL COMMENT '用户真名',
  `nick_name` varchar(255) DEFAULT NULL COMMENT '用户昵称',
  `avatar` varchar(255) DEFAULT NULL COMMENT '用户头像',
  `role_id` int(10) unsigned NOT NULL COMMENT '角色id',
  `role_name` varchar(255) DEFAULT NULL COMMENT '角色名称',
  `company_id` int(10) unsigned NOT NULL COMMENT '用户所属公司id',
  `address` varchar(255) DEFAULT NULL COMMENT '用户住址',
  `created_at` datetime DEFAULT NULL,
  `updated_at` datetime DEFAULT NULL,
  PRIMARY KEY (`id`) USING BTREE,
  KEY `idx_user_admins_deleted_at` (`deleted_at`)
) ENGINE=InnoDB AUTO_INCREMENT=100 DEFAULT CHARSET=utf8 ROW_FORMAT=COMPACT COMMENT='用户表';
/*!40101 SET character_set_client = @saved_cs_client */;

--
-- Dumping data for table `user_admins`
--

LOCK TABLES `user_admins` WRITE;
/*!40000 ALTER TABLE `user_admins` DISABLE KEYS */;
/*!40000 ALTER TABLE `user_admins` ENABLE KEYS */;
UNLOCK TABLES;

--
-- Table structure for table `user_lifts`
--

DROP TABLE IF EXISTS `user_lifts`;
/*!40101 SET @saved_cs_client     = @@character_set_client */;
/*!40101 SET character_set_client = utf8 */;
CREATE TABLE `user_lifts` (
  `id` int(10) unsigned NOT NULL AUTO_INCREMENT,
  `create_at` timestamp NULL DEFAULT NULL,
  `update_at` timestamp NULL DEFAULT NULL,
  `deleted_at` timestamp NULL DEFAULT NULL,
  `user_id` int(10) unsigned NOT NULL COMMENT '用户',
  `lift_id` int(10) unsigned NOT NULL COMMENT '电梯',
  `category_id` int(10) NOT NULL COMMENT '用户电梯关系类型',
  `created_at` datetime DEFAULT NULL,
  `updated_at` datetime DEFAULT NULL,
  PRIMARY KEY (`id`) USING BTREE,
  KEY `idx_user_lifts_deleted_at` (`deleted_at`)
) ENGINE=InnoDB AUTO_INCREMENT=100 DEFAULT CHARSET=utf8 ROW_FORMAT=COMPACT COMMENT='用户电梯关系表';
/*!40101 SET character_set_client = @saved_cs_client */;

--
-- Dumping data for table `user_lifts`
--

LOCK TABLES `user_lifts` WRITE;
/*!40000 ALTER TABLE `user_lifts` DISABLE KEYS */;
/*!40000 ALTER TABLE `user_lifts` ENABLE KEYS */;
UNLOCK TABLES;

--
-- Final view structure for view `authority_menu`
--

/*!50001 DROP VIEW IF EXISTS `authority_menu`*/;
/*!50001 SET @saved_cs_client          = @@character_set_client */;
/*!50001 SET @saved_cs_results         = @@character_set_results */;
/*!50001 SET @saved_col_connection     = @@collation_connection */;
/*!50001 SET character_set_client      = utf8mb4 */;
/*!50001 SET character_set_results     = utf8mb4 */;
/*!50001 SET collation_connection      = utf8mb4_general_ci */;
/*!50001 CREATE ALGORITHM=UNDEFINED */
/*!50013 DEFINER=`root`@`localhost` SQL SECURITY DEFINER */
/*!50001 VIEW `authority_menu` AS select `sys_base_menus`.`id` AS `id`,`sys_base_menus`.`created_at` AS `created_at`,`sys_base_menus`.`updated_at` AS `updated_at`,`sys_base_menus`.`deleted_at` AS `deleted_at`,`sys_base_menus`.`menu_level` AS `menu_level`,`sys_base_menus`.`parent_id` AS `parent_id`,`sys_base_menus`.`path` AS `path`,`sys_base_menus`.`name` AS `name`,`sys_base_menus`.`hidden` AS `hidden`,`sys_base_menus`.`component` AS `component`,`sys_base_menus`.`title` AS `title`,`sys_base_menus`.`icon` AS `icon`,`sys_base_menus`.`nick_name` AS `nick_name`,`sys_base_menus`.`sort` AS `sort`,`sys_authority_menus`.`sys_authority_authority_id` AS `authority_id`,`sys_authority_menus`.`sys_base_menu_id` AS `menu_id`,`sys_base_menus`.`keep_alive` AS `keep_alive`,`sys_base_menus`.`default_menu` AS `default_menu` from (`sys_authority_menus` join `sys_base_menus` on((`sys_authority_menus`.`sys_base_menu_id` = `sys_base_menus`.`id`))) */;
/*!50001 SET character_set_client      = @saved_cs_client */;
/*!50001 SET character_set_results     = @saved_cs_results */;
/*!50001 SET collation_connection      = @saved_col_connection */;
/*!40103 SET TIME_ZONE=@OLD_TIME_ZONE */;

/*!40101 SET SQL_MODE=@OLD_SQL_MODE */;
/*!40014 SET FOREIGN_KEY_CHECKS=@OLD_FOREIGN_KEY_CHECKS */;
/*!40014 SET UNIQUE_CHECKS=@OLD_UNIQUE_CHECKS */;
/*!40101 SET CHARACTER_SET_CLIENT=@OLD_CHARACTER_SET_CLIENT */;
/*!40101 SET CHARACTER_SET_RESULTS=@OLD_CHARACTER_SET_RESULTS */;
/*!40101 SET COLLATION_CONNECTION=@OLD_COLLATION_CONNECTION */;
/*!40111 SET SQL_NOTES=@OLD_SQL_NOTES */;

-- Dump completed on 2020-07-30 17:48:39
