-- MySQL dump 10.13  Distrib 5.7.31, for Linux (x86_64)
--
-- Host: localhost    Database: qmPlus
-- ------------------------------------------------------
-- Server version	5.7.31-0ubuntu0.16.04.1

/*!40101 SET @OLD_CHARACTER_SET_CLIENT=@@CHARACTER_SET_CLIENT */;
/*!40101 SET @OLD_CHARACTER_SET_RESULTS=@@CHARACTER_SET_RESULTS */;
/*!40101 SET @OLD_COLLATION_CONNECTION=@@COLLATION_CONNECTION */;
/*!40101 SET NAMES utf8 */;
/*!40103 SET @OLD_TIME_ZONE=@@TIME_ZONE */;
/*!40103 SET TIME_ZONE='+00:00' */;
/*!40014 SET @OLD_UNIQUE_CHECKS=@@UNIQUE_CHECKS, UNIQUE_CHECKS=0 */;
/*!40014 SET @OLD_FOREIGN_KEY_CHECKS=@@FOREIGN_KEY_CHECKS, FOREIGN_KEY_CHECKS=0 */;
/*!40101 SET @OLD_SQL_MODE=@@SQL_MODE, SQL_MODE='NO_AUTO_VALUE_ON_ZERO' */;
/*!40111 SET @OLD_SQL_NOTES=@@SQL_NOTES, SQL_NOTES=0 */;

--
-- Table structure for table `ad_device_config_relations`
--

DROP TABLE IF EXISTS `ad_device_config_relations`;
/*!40101 SET @saved_cs_client     = @@character_set_client */;
/*!40101 SET character_set_client = utf8 */;
CREATE TABLE `ad_device_config_relations` (
  `ad_device_id` int(10) unsigned NOT NULL,
  `ad_device_config_id` int(10) unsigned NOT NULL,
  PRIMARY KEY (`ad_device_id`,`ad_device_config_id`)
) ENGINE=InnoDB DEFAULT CHARSET=latin1;
/*!40101 SET character_set_client = @saved_cs_client */;

--
-- Dumping data for table `ad_device_config_relations`
--

LOCK TABLES `ad_device_config_relations` WRITE;
/*!40000 ALTER TABLE `ad_device_config_relations` DISABLE KEYS */;
INSERT INTO `ad_device_config_relations` VALUES (102,100),(102,101),(103,100),(103,101),(104,100),(105,100),(105,101),(106,100),(106,101);
/*!40000 ALTER TABLE `ad_device_config_relations` ENABLE KEYS */;
UNLOCK TABLES;

--
-- Table structure for table `ad_device_configs`
--

DROP TABLE IF EXISTS `ad_device_configs`;
/*!40101 SET @saved_cs_client     = @@character_set_client */;
/*!40101 SET character_set_client = utf8 */;
CREATE TABLE `ad_device_configs` (
  `id` int(10) unsigned NOT NULL AUTO_INCREMENT,
  `created_at` datetime DEFAULT NULL,
  `updated_at` datetime DEFAULT NULL,
  `deleted_at` datetime DEFAULT NULL,
  `key` char(50) NOT NULL COMMENT '配置键值',
  `value` char(255) NOT NULL COMMENT '配置内容',
  `comment` char(255) DEFAULT NULL COMMENT '配置说明',
  PRIMARY KEY (`id`) USING BTREE,
  KEY `idx_ad_device_configs_deleted_at` (`deleted_at`)
) ENGINE=InnoDB AUTO_INCREMENT=102 DEFAULT CHARSET=utf8 ROW_FORMAT=COMPACT COMMENT='广告机设备配置表';
/*!40101 SET character_set_client = @saved_cs_client */;

--
-- Dumping data for table `ad_device_configs`
--

LOCK TABLES `ad_device_configs` WRITE;
/*!40000 ALTER TABLE `ad_device_configs` DISABLE KEYS */;
INSERT INTO `ad_device_configs` VALUES (100,'2020-08-13 14:11:11','2020-08-24 15:00:43',NULL,'开机时间','06:00:00','设备默认开机时间，早上6点整'),(101,'2020-08-13 14:11:50','2020-08-24 15:00:43',NULL,'关机时间','22:00:00','设备默认关机时间，晚上十点整');
/*!40000 ALTER TABLE `ad_device_configs` ENABLE KEYS */;
UNLOCK TABLES;

--
-- Table structure for table `ad_device_data`
--

DROP TABLE IF EXISTS `ad_device_data`;
/*!40101 SET @saved_cs_client     = @@character_set_client */;
/*!40101 SET character_set_client = utf8 */;
CREATE TABLE `ad_device_data` (
  `id` int(10) unsigned NOT NULL AUTO_INCREMENT,
  `created_at` datetime DEFAULT NULL,
  `updated_at` datetime DEFAULT NULL,
  `deleted_at` datetime DEFAULT NULL,
  `device_id` int(11) DEFAULT NULL,
  `trouble_id` int(11) DEFAULT NULL,
  `accx` double DEFAULT NULL,
  `accy` double DEFAULT NULL,
  `accz` double DEFAULT NULL,
  `degx` double DEFAULT NULL,
  `degy` double DEFAULT NULL,
  `degz` double DEFAULT NULL,
  `speedz` double DEFAULT NULL,
  `floor` double DEFAULT NULL,
  `door_state_id` int(11) DEFAULT NULL COMMENT '开门状态',
  `people_inside` tinyint(1) DEFAULT NULL,
  PRIMARY KEY (`id`),
  KEY `idx_ad_device_data_deleted_at` (`deleted_at`)
) ENGINE=InnoDB AUTO_INCREMENT=1161 DEFAULT CHARSET=utf8;
/*!40101 SET character_set_client = @saved_cs_client */;

--
-- Dumping data for table `ad_device_data`
--

LOCK TABLES `ad_device_data` WRITE;
/*!40000 ALTER TABLE `ad_device_data` DISABLE KEYS */;
INSERT INTO `ad_device_data` VALUES (1,'2020-08-22 13:04:41','2020-08-22 13:04:41',NULL,102,145,1.018049955368042,-1.2278800010681152,-0.48443999886512756,23.327590942382812,-53.931461334228516,-44.62076950073242,0.850130021572113,49.29999923706055,158,1),(2,'2020-08-22 13:04:51','2020-08-22 13:04:51',NULL,102,145,-1.021690011024475,1.3473399877548218,1.538040041923523,68.71935272216797,4.499090194702148,-41.73506164550781,1.0875799655914307,-2.5,158,1),(3,'2020-08-22 13:05:01','2020-08-22 13:05:01',NULL,102,145,-1.0710599422454834,0.14541999995708466,-1.7369600534439087,66.8963623046875,63.215599060058594,-55.6285400390625,2.4001400470733643,41.79999923706055,158,1),(4,'2020-08-22 13:05:11','2020-08-22 13:05:11',NULL,102,145,-0.23130999505519867,0.7799400091171265,0.7226600050926208,5.611569881439209,-14.44884967803955,71.65753173828125,3.3669400215148926,38.29999923706055,158,1),(5,'2020-08-22 13:05:22','2020-08-22 13:05:22',NULL,102,145,-1.4261800050735474,0.7381399869918823,-1.8610299825668335,15.295510292053223,30.857219696044922,80.11036682128906,2.8220999240875244,45.099998474121094,158,1),(6,'2020-08-22 13:05:32','2020-08-22 13:05:32',NULL,102,145,-1.794469952583313,0.6923800110816956,-0.04470000043511391,-19.907690048217773,32.86705017089844,8.076069831848145,4.401159763336182,27.100000381469727,158,1),(7,'2020-08-22 13:05:42','2020-08-22 13:05:42',NULL,102,145,0.9878100156784058,1.0071500539779663,0.18786999583244324,-23.008060455322266,-9.392410278320312,21.06328010559082,4.116179943084717,5.199999809265137,158,1),(8,'2020-08-22 13:05:56','2020-08-22 13:05:56',NULL,102,145,1.4555100202560425,-1.5587999820709229,1.0977100133895874,-46.78554153442383,66.10704040527344,30.548599243164062,0.09047999978065491,10.5,158,1),(9,'2020-08-22 13:06:02','2020-08-22 13:06:02',NULL,102,145,1.1727800369262695,0.0451200008392334,1.1829500198364258,3.6117799282073975,-31.226530075073242,-58.690738677978516,0.97461998462677,30.600000381469727,158,1),(10,'2020-08-22 13:06:12','2020-08-22 13:06:12',NULL,102,145,0.6217700242996216,1.2541300058364868,0.49132001399993896,-73.4295425415039,-26.307329177856445,37.58415985107422,2.856369972229004,39,158,1),(11,'2020-08-22 13:06:22','2020-08-22 13:06:22',NULL,102,145,1.1617499589920044,1.1762499809265137,0.2531000077724457,-29.745990753173828,-82.1257095336914,-28.11539077758789,2.8650400638580322,47.79999923706055,158,1),(12,'2020-08-22 13:06:32','2020-08-22 13:06:32',NULL,102,145,-1.9416099786758423,-1.9242500066757202,-0.1657799929380417,-41.5529899597168,-8.585869789123535,-14.406929969787598,3.630549907684326,21.899999618530273,158,1),(13,'2020-08-22 13:06:42','2020-08-22 13:06:42',NULL,102,145,-0.41655001044273376,0.05194000154733658,-1.9901800155639648,22.647239685058594,-64.07032012939453,-5.690899848937988,0.7711399793624878,46.5,158,1),(14,'2020-08-22 13:06:52','2020-08-22 13:06:52',NULL,102,145,-0.8151999711990356,1.9132200479507446,-0.4419499933719635,76.00269317626953,24.49551010131836,-74.41442108154297,1.4851200580596924,13.899999618530273,158,1),(15,'2020-08-22 13:07:02','2020-08-22 13:07:02',NULL,102,145,-0.2733300030231476,1.2465200424194336,-1.825819969177246,-5.4027299880981445,-20.722429275512695,81.45379638671875,3.8105099201202393,25.5,158,1),(16,'2020-08-22 13:07:12','2020-08-22 13:07:12',NULL,102,145,-1.199720025062561,0.6819599866867065,-1.2949700355529785,43.21907043457031,-74.4208984375,-23.857559204101562,2.516669988632202,2.4000000953674316,158,1),(17,'2020-08-22 13:07:25','2020-08-22 13:07:25',NULL,102,145,0.1047699972987175,1.352929949760437,1.7037500143051147,76.51458740234375,75.15352630615234,-37.634681701660156,2.6211700439453125,3.5,158,1),(18,'2020-08-22 13:08:13','2020-08-22 13:08:13',NULL,102,145,1.8748799562454224,1.1139099597930908,-0.31898000836372375,84.31546783447266,77.75437927246094,-32.25374984741211,4.3408098220825195,39.599998474121094,158,1),(19,'2020-08-22 13:08:29','2020-08-22 13:08:29',NULL,102,145,0.003809999907389283,0.36180999875068665,-0.7266200184822083,-10.32880973815918,51.47608184814453,57.54035949707031,3.4492599964141846,38.599998474121094,158,1),(20,'2020-08-22 13:08:33','2020-08-22 13:08:33',NULL,102,145,0.041850000619888306,-1.4729700088500977,0.846809983253479,59.342811584472656,81.04438018798828,66.12380981445312,3.832089900970459,23,158,1),(21,'2020-08-22 13:09:24','2020-08-22 13:09:24',NULL,102,145,1.5902600288391113,1.8089200258255005,1.9688700437545776,23.042329788208008,34.671661376953125,46.41075134277344,1.6750799417495728,23.799999237060547,158,1),(22,'2020-08-22 13:09:34','2020-08-22 13:09:34',NULL,102,145,1.9833199977874756,-1.5136100053787231,-0.5067700147628784,74.7732162475586,16.603469848632812,49.09197998046875,2.9454801082611084,6.199999809265137,158,1),(23,'2020-08-22 13:10:44','2020-08-22 13:10:44',NULL,102,145,1.8360300064086914,-1.5695600509643555,-0.4744899868965149,-60.1562385559082,63.602481842041016,36.11003875732422,2.7235798835754395,4.199999809265137,158,1),(24,'2020-08-22 13:10:55','2020-08-22 13:10:55',NULL,102,145,0.9539999961853027,-0.7597900032997131,-1.0374499559402466,-23.216609954833984,-67.5994873046875,-15.509980201721191,1.7256499528884888,3.4000000953674316,158,1),(25,'2020-08-22 13:11:04','2020-08-22 13:11:04',NULL,102,145,-0.5798599720001221,-0.6731399893760681,1.4973399639129639,80.0576400756836,-72.52554321289062,-44.8756103515625,0.7037500143051147,35.599998474121094,158,1),(26,'2020-08-22 13:11:24','2020-08-22 13:11:24',NULL,102,145,0.875760018825531,-0.960919976234436,1.484779953956604,82.99463653564453,62.2087516784668,45.5932502746582,3.9534199237823486,19.200000762939453,158,1),(27,'2020-08-22 13:11:37','2020-08-22 13:11:37',NULL,102,145,-0.8972600102424622,1.2054100036621094,1.0973299741744995,43.55693054199219,20.792030334472656,70.77516174316406,1.0042500495910645,15.899999618530273,158,1),(28,'2020-08-22 13:11:45','2020-08-22 13:11:45',NULL,102,145,-0.4993099868297577,-0.38888001441955566,1.5728800296783447,81.84351348876953,16.306970596313477,45.134620666503906,1.4958100318908691,14.100000381469727,158,1),(29,'2020-08-22 13:11:55','2020-08-22 13:11:55',NULL,102,145,0.5920100212097168,1.5372400283813477,-1.3481999635696411,-86.4152603149414,-8.463950157165527,13.224249839782715,1.385200023651123,1.7000000476837158,158,1),(30,'2020-08-22 13:12:05','2020-08-22 13:12:05',NULL,102,145,0.21965999901294708,0.9455100297927856,-0.6394199728965759,-66.08631896972656,-66.56974029541016,2.194610118865967,4.154429912567139,9.600000381469727,158,1),(31,'2020-08-22 13:12:15','2020-08-22 13:12:15',NULL,102,145,-0.03285999968647957,-0.3975200057029724,-1.144320011138916,8.743419647216797,9.487850189208984,66.04654693603516,3.904639959335327,-1.7999999523162842,158,1),(32,'2020-08-22 13:12:25','2020-08-22 13:12:25',NULL,102,145,1.6487599611282349,-0.6010900139808655,-0.41238000988960266,60.221988677978516,50.5548210144043,-34.40351867675781,0.6723399758338928,45.70000076293945,158,1),(33,'2020-08-22 13:12:35','2020-08-22 13:12:35',NULL,102,145,-1.1297199726104736,-1.1354999542236328,-0.21455000340938568,11.1870698928833,50.38999938964844,-60.16484832763672,2.1283600330352783,-0.30000001192092896,158,1),(34,'2020-08-22 13:12:45','2020-08-22 13:12:45',NULL,102,145,0.6598399877548218,0.8778700232505798,0.2615000009536743,-32.60503005981445,-68.84652709960938,-0.562470018863678,1.5972100496292114,26,158,1),(35,'2020-08-22 13:12:55','2020-08-22 13:12:55',NULL,102,145,-1.8308500051498413,0.5719299912452698,0.5363799929618835,-53.420921325683594,30.498550415039062,83.58717346191406,2.8329598903656006,50.20000076293945,158,1),(36,'2020-08-22 13:13:05','2020-08-22 13:13:05',NULL,102,145,1.4450700283050537,-1.5654799938201904,1.2844500541687012,-7.136859893798828,-44.31216812133789,40.343299865722656,0.9908699989318848,23.799999237060547,158,1),(37,'2020-08-22 13:13:15','2020-08-22 13:13:15',NULL,102,145,1.271440029144287,-0.39566999673843384,0.09940999746322632,-0.9992300271987915,-29.47216033935547,-12.668330192565918,1.4113099575042725,28,158,1),(38,'2020-08-22 13:13:25','2020-08-22 13:13:25',NULL,102,145,1.081279993057251,0.3622500002384186,1.5803799629211426,21.301210403442383,38.25812911987305,-54.094520568847656,1.307669997215271,27.700000762939453,158,1),(39,'2020-08-22 13:13:36','2020-08-22 13:13:36',NULL,102,145,-0.06074000149965286,0.8178799748420715,-1.2618600130081177,-73.27818298339844,28.78537940979004,-77.28800201416016,2.558300018310547,18.5,158,1),(40,'2020-08-22 13:13:46','2020-08-22 13:13:46',NULL,102,145,-0.4055100083351135,-1.2085299491882324,-1.2781800031661987,42.470279693603516,-56.840301513671875,-24.201000213623047,0.8188499808311462,45.900001525878906,158,1),(41,'2020-08-22 13:13:56','2020-08-22 13:13:56',NULL,102,145,0.6036400198936462,-0.10890000313520432,1.865779995918274,-16.0374698638916,81.5029067993164,-76.85769653320312,1.2665300369262695,-1.2000000476837158,158,1),(42,'2020-08-22 13:14:06','2020-08-22 13:14:06',NULL,102,145,-1.4756499528884888,0.7852299809455872,-0.9431099891662598,-38.90475845336914,7.285789966583252,28.5273494720459,3.9565200805664062,-2.200000047683716,158,1),(43,'2020-08-22 13:14:16','2020-08-22 13:14:16',NULL,102,145,1.1789499521255493,0.6705399751663208,0.42208999395370483,-32.28694152832031,-62.907188415527344,82.12602996826172,2.3939900398254395,40.599998474121094,158,1),(44,'2020-08-22 13:14:26','2020-08-22 13:14:26',NULL,102,145,-0.01145000010728836,1.9350099563598633,-1.6637599468231201,-66.66371154785156,68.08580017089844,-58.581871032714844,3.1477599143981934,21.200000762939453,158,1),(45,'2020-08-22 13:14:36','2020-08-22 13:14:36',NULL,102,145,-1.6226600408554077,-0.9835100173950195,-0.2496500015258789,65.70548248291016,-3.4999899864196777,-43.970680236816406,2.7778100967407227,22,158,1),(46,'2020-08-22 13:14:57','2020-08-22 13:14:57',NULL,102,145,1.5232399702072144,1.1486999988555908,-1.0257099866867065,30.688819885253906,-1.638350009918213,36.33515930175781,0.7396500110626221,25.100000381469727,158,1),(47,'2020-08-22 13:15:06','2020-08-22 13:15:06',NULL,102,145,1.7678899765014648,-0.21536999940872192,1.004770040512085,4.950900077819824,1.5835100412368774,-80.59058380126953,0.01051000040024519,31.899999618530273,158,1),(48,'2020-08-22 13:15:16','2020-08-22 13:15:16',NULL,102,145,-1.1322499513626099,0.4920499920845032,-1.1249300241470337,-58.805519104003906,-5.355340003967285,72.39592742919922,1.6780600547790527,51.900001525878906,158,1),(49,'2020-08-22 13:15:27','2020-08-22 13:15:27',NULL,102,145,-0.21111999452114105,-0.32934001088142395,-0.4494999945163727,39.862579345703125,-18.532400131225586,-59.838069915771484,1.6317399740219116,14.5,158,1),(50,'2020-08-22 13:15:36','2020-08-22 13:15:36',NULL,102,145,0.4031499922275543,-0.9777200222015381,0.2682200074195862,53.33993911743164,14.82936954498291,0.3230699896812439,1.8592300415039062,5,158,1),(51,'2020-08-22 13:15:46','2020-08-22 13:15:46',NULL,102,145,1.3848199844360352,1.7764999866485596,-1.8924800157546997,-82.26344299316406,37.42203903198242,74.10620880126953,3.856260061264038,43.70000076293945,158,1),(52,'2020-08-22 13:15:57','2020-08-22 13:15:57',NULL,102,145,-0.8226600289344788,1.1116700172424316,0.8805800080299377,-1.4174100160598755,1.7754000425338745,-77.33402252197266,4.071579933166504,11,158,1),(53,'2020-08-22 13:16:07','2020-08-22 13:16:07',NULL,102,145,1.0305700302124023,1.7711199522018433,-1.656559944152832,17.994380950927734,-5.994619846343994,29.187049865722656,1.4493199586868286,17.5,158,1),(54,'2020-08-22 13:16:17','2020-08-22 13:16:17',NULL,102,145,1.1082500219345093,1.8747700452804565,-1.2727099657058716,-56.37678146362305,32.68626022338867,64.61216735839844,2.5345299243927,-0.4000000059604645,158,1),(55,'2020-08-22 13:16:27','2020-08-22 13:16:27',NULL,102,145,-1.3342100381851196,-0.07394000142812729,1.5901399850845337,28.64954948425293,-61.36933898925781,-19.057729721069336,2.8989999294281006,5.300000190734863,158,1),(56,'2020-08-22 13:16:37','2020-08-22 13:16:37',NULL,102,145,-0.7016299962997437,-1.9859100580215454,1.9887100458145142,-84.38426971435547,-87.1431884765625,22.471820831298828,4.143310070037842,15.899999618530273,158,1),(57,'2020-08-22 13:16:47','2020-08-22 13:16:47',NULL,102,145,-1.740630030632019,0.2112099975347519,0.9707000255584717,-63.17110824584961,-35.42961120605469,64.15982055664062,0.5110700130462646,20.899999618530273,158,1),(58,'2020-08-22 13:16:57','2020-08-22 13:16:57',NULL,102,145,-1.150879979133606,-0.8342099785804749,1.3873599767684937,-50.868160247802734,47.333648681640625,68.22701263427734,3.315390110015869,25.799999237060547,158,1),(59,'2020-08-22 13:17:08','2020-08-22 13:17:08',NULL,102,145,-1.1260900497436523,1.8904399871826172,0.026350000873208046,-50.66463851928711,38.06338119506836,28.885700225830078,3.6726300716400146,3.5999999046325684,158,1),(60,'2020-08-22 13:17:17','2020-08-22 13:17:17',NULL,102,145,0.17535999417304993,-0.2545900046825409,-0.9350799918174744,62.066551208496094,75.38944244384766,-51.433380126953125,4.353320121765137,9.100000381469727,158,1),(61,'2020-08-22 13:17:27','2020-08-22 13:17:27',NULL,102,145,0.23013000190258026,-0.38262999057769775,-0.1565600037574768,-53.00933837890625,83.43821716308594,-40.31758117675781,1.1206799745559692,7.599999904632568,158,1),(62,'2020-08-22 13:17:37','2020-08-22 13:17:37',NULL,102,145,0.8198400139808655,1.293529987335205,-0.04083000123500824,60.48447036743164,30.636030197143555,-85.60086059570312,1.8813600540161133,7.800000190734863,158,1),(63,'2020-08-22 13:17:48','2020-08-22 13:17:48',NULL,102,145,0.771399974822998,0.03101000003516674,-1.319599986076355,42.47745132446289,-49.15692901611328,32.259971618652344,4.268089771270752,29.200000762939453,158,1),(64,'2020-08-22 13:17:58','2020-08-22 13:17:58',NULL,102,145,1.76760995388031,1.3215500116348267,-0.31909000873565674,31.05702018737793,82.35243225097656,23.00288963317871,4.326320171356201,8.699999809265137,158,1),(65,'2020-08-22 13:18:08','2020-08-22 13:18:08',NULL,102,145,-1.7719000577926636,-1.1484800577163696,0.09465999901294708,-12.275440216064453,-22.348339080810547,-88.78193664550781,3.8819899559020996,33.099998474121094,158,1),(66,'2020-08-22 13:18:18','2020-08-22 13:18:18',NULL,102,145,-1.7394700050354004,-1.3427000045776367,0.8909299969673157,58.702030181884766,-68.6596908569336,47.26879119873047,4.291920185089111,27.100000381469727,158,1),(67,'2020-08-22 13:18:29','2020-08-22 13:18:29',NULL,102,145,0.6821600198745728,0.4758700132369995,1.5696300268173218,-20.04730987548828,-56.745689392089844,-77.8918228149414,3.3474600315093994,13.300000190734863,158,1),(68,'2020-08-22 13:18:38','2020-08-22 13:18:38',NULL,102,145,-0.8883100152015686,-0.7091900110244751,0.1770000010728836,-12.173270225524902,-33.31700134277344,-34.79732131958008,3.15762996673584,9.699999809265137,158,1),(69,'2020-08-22 13:18:48','2020-08-22 13:18:48',NULL,102,145,0.13143999874591827,0.07355000078678131,1.6416300535202026,-85.22904968261719,26.247909545898438,-40.52307891845703,3.296750068664551,8,158,1),(70,'2020-08-22 13:18:58','2020-08-22 13:18:58',NULL,102,145,-1.4801599979400635,-1.280019998550415,-0.5692399740219116,72.40778350830078,-56.17679977416992,-16.792470932006836,0.4596099853515625,41,158,1),(71,'2020-08-22 13:19:08','2020-08-22 13:19:08',NULL,102,145,-1.4457800388336182,0.18231000006198883,-0.4731200039386749,-29.148130416870117,-73.06791687011719,75.31432342529297,2.449970006942749,37.29999923706055,158,1),(72,'2020-08-22 13:19:18','2020-08-22 13:19:18',NULL,102,145,-1.6160900592803955,0.7963200211524963,1.7247099876403809,59.70555877685547,0.4496400058269501,12.646980285644531,3.9551498889923096,43.79999923706055,158,1),(73,'2020-08-22 13:19:28','2020-08-22 13:19:28',NULL,102,145,-1.5263299942016602,-0.19618000090122223,-0.751579999923706,44.14942169189453,5.620639801025391,-2.4563100337982178,1.2508900165557861,43.099998474121094,158,1),(74,'2020-08-22 13:19:38','2020-08-22 13:19:38',NULL,102,145,-0.8825899958610535,-0.929419994354248,1.6891900300979614,-32.19990158081055,-81.81143188476562,62.078758239746094,2.233069896697998,37.400001525878906,158,1),(75,'2020-08-22 13:19:48','2020-08-22 13:19:48',NULL,102,145,-1.9777400493621826,1.9993900060653687,-1.7369199991226196,-36.3772087097168,22.770139694213867,47.172000885009766,1.5896400213241577,20.399999618530273,158,1),(76,'2020-08-22 13:19:58','2020-08-22 13:19:58',NULL,102,145,-1.0370999574661255,0.6385599970817566,-1.6107399463653564,-59.2511100769043,-29.214670181274414,42.52021026611328,0.49292001128196716,40.5,158,1),(77,'2020-08-22 13:20:09','2020-08-22 13:20:09',NULL,102,145,0.5062400102615356,1.9856699705123901,0.5884299874305725,-75.02320861816406,-37.99422836303711,59.74953842163086,0.3761799931526184,41.20000076293945,158,1),(78,'2020-08-22 13:20:19','2020-08-22 13:20:19',NULL,102,145,-0.19357000291347504,-1.5132999420166016,-1.2982900142669678,-0.2324800044298172,18.090700149536133,32.22587966918945,3.2176899909973145,47.400001525878906,158,1),(79,'2020-08-22 13:20:29','2020-08-22 13:20:29',NULL,102,145,0.4700999855995178,1.730370044708252,0.4297100007534027,69.10629272460938,-15.56521987915039,67.73316955566406,3.797410011291504,8.899999618530273,158,1),(80,'2020-08-22 13:20:39','2020-08-22 13:20:39',NULL,102,145,-0.5079799890518188,-1.6621299982070923,-0.8080000281333923,25.8433895111084,-54.95793914794922,34.99557113647461,4.11368989944458,30.100000381469727,158,1),(81,'2020-08-22 13:20:49','2020-08-22 13:20:49',NULL,102,145,-1.739009976387024,1.0479099750518799,-1.6931699514389038,10.229080200195312,77.7366714477539,-46.85979080200195,4.120160102844238,34.70000076293945,158,1),(82,'2020-08-22 13:20:59','2020-08-22 13:20:59',NULL,102,145,0.6360899806022644,1.9970300197601318,0.491210013628006,40.8644905090332,-83.83097076416016,-43.500831604003906,3.442229986190796,38,158,1),(83,'2020-08-22 13:21:09','2020-08-22 13:21:09',NULL,102,145,1.093209981918335,-0.8047800064086914,-0.3187200129032135,57.840248107910156,44.01771926879883,-24.377010345458984,1.774530053138733,-1.7999999523162842,158,1),(84,'2020-08-22 13:21:19','2020-08-22 13:21:19',NULL,102,145,1.9419300556182861,-0.8030700087547302,0.17298999428749084,76.1936264038086,43.131160736083984,-53.80155944824219,1.3136099576950073,36.70000076293945,158,1),(85,'2020-08-22 13:21:29','2020-08-22 13:21:29',NULL,102,145,-1.3873499631881714,-1.032670021057129,-1.916890025138855,-80.26399230957031,-79.65543365478516,-24.326919555664062,3.3995299339294434,46.599998474121094,158,1),(86,'2020-08-22 13:21:39','2020-08-22 13:21:39',NULL,102,145,0.014120000414550304,-0.05615000054240227,-1.869480013847351,-22.485279083251953,-65.13787078857422,44.969879150390625,0.4844200015068054,19.799999237060547,158,1),(87,'2020-08-22 13:21:49','2020-08-22 13:21:49',NULL,102,145,-1.038789987564087,1.2931499481201172,0.7378699779510498,-82.74018859863281,40.38895034790039,-36.9303092956543,2.559190034866333,24.299999237060547,158,1),(88,'2020-08-22 13:21:59','2020-08-22 13:21:59',NULL,102,145,1.6730300188064575,1.3632700443267822,0.4534600079059601,-89.3135986328125,22.03388023376465,-2.921610116958618,0.7694900035858154,10.699999809265137,158,1),(89,'2020-08-22 13:22:09','2020-08-22 13:22:09',NULL,102,145,-0.6586700081825256,-1.6688300371170044,-1.306439995765686,84.11022186279297,-0.7189000248908997,-69.46955871582031,1.2668499946594238,47.400001525878906,158,1),(90,'2020-08-22 13:22:19','2020-08-22 13:22:19',NULL,102,145,0.7692400217056274,1.0455700159072876,1.804900050163269,-41.36602020263672,27.17993927001953,58.31938934326172,0.7211899757385254,19.299999237060547,158,1),(91,'2020-08-22 13:22:30','2020-08-22 13:22:30',NULL,102,145,1.0803500413894653,-0.9348899722099304,1.4475899934768677,-60.676780700683594,-3.478569984436035,-47.539119720458984,0.7636200189590454,1.100000023841858,158,1),(92,'2020-08-22 13:22:40','2020-08-22 13:22:40',NULL,102,145,-0.5019800066947937,0.8917700052261353,-1.7016899585723877,43.58932876586914,81.20520782470703,-70.78218078613281,2.1037099361419678,31.799999237060547,158,1),(93,'2020-08-22 13:22:50','2020-08-22 13:22:50',NULL,102,145,-0.8049399852752686,1.3996700048446655,-1.9262399673461914,74.82372283935547,-4.628200054168701,5.313479900360107,4.036099910736084,30.700000762939453,158,1),(94,'2020-08-22 13:23:00','2020-08-22 13:23:00',NULL,102,145,0.21373000741004944,1.4591699838638306,-1.125480055809021,-80.23313903808594,-88.71286010742188,66.2854995727539,3.746079921722412,35.29999923706055,158,1),(95,'2020-08-22 13:23:10','2020-08-22 13:23:10',NULL,102,145,-1.5439499616622925,0.7562400102615356,-1.1508599519729614,3.153330087661743,-81.3356704711914,46.212501525878906,1.0046199560165405,18.700000762939453,158,1),(96,'2020-08-22 13:23:20','2020-08-22 13:23:20',NULL,102,145,1.7443499565124512,0.8071500062942505,-0.8213800191879272,-52.454681396484375,-89.57190704345703,-35.475608825683594,0.4262799918651581,3.4000000953674316,158,1),(97,'2020-08-22 13:23:40','2020-08-22 13:23:40',NULL,102,145,-1.7941299676895142,1.8427499532699585,1.9369900226593018,-74.37552642822266,-30.178300857543945,25.4648494720459,0.20302000641822815,19.799999237060547,158,1),(98,'2020-08-22 13:23:50','2020-08-22 13:23:50',NULL,102,145,-1.8446500301361084,-1.1215800046920776,-0.7657600045204163,78.5721206665039,-69.07369995117188,-56.425689697265625,0.08489999920129776,13.899999618530273,158,1),(99,'2020-08-22 13:24:00','2020-08-22 13:24:00',NULL,102,145,-1.6832400560379028,0.16648000478744507,1.8341599702835083,-20.753650665283203,-62.04132843017578,47.62322998046875,4.293220043182373,-1.600000023841858,158,1),(100,'2020-08-22 13:24:10','2020-08-22 13:24:10',NULL,102,145,-1.515779972076416,-1.5685399770736694,1.0572999715805054,-58.987831115722656,-56.822509765625,9.982810020446777,1.4167499542236328,51.20000076293945,158,1),(101,'2020-08-22 13:24:20','2020-08-22 13:24:20',NULL,102,145,1.212440013885498,0.41797998547554016,-1.110159993171692,83.29701232910156,-64.49378204345703,-65.9791488647461,3.16117000579834,32.70000076293945,158,1),(102,'2020-08-22 13:24:40','2020-08-22 13:24:40',NULL,102,145,-1.2402700185775757,-0.8782899975776672,0.3358500003814697,31.503759384155273,56.38679885864258,40.8140983581543,2.235419988632202,17,158,1),(103,'2020-08-22 13:25:11','2020-08-22 13:25:11',NULL,102,145,1.4761799573898315,-1.827929973602295,-1.2377300262451172,-57.92898178100586,-27.585590362548828,78.4823226928711,3.69677996635437,38.900001525878906,158,1),(104,'2020-08-22 13:25:21','2020-08-22 13:25:21',NULL,102,145,0.3200399875640869,-0.017909999936819077,-1.851699948310852,-3.4664700031280518,12.131110191345215,39.77629852294922,3.0777699947357178,39,158,1),(105,'2020-08-22 13:26:21','2020-08-22 13:26:21',NULL,102,145,-0.5728600025177002,-0.7229999899864197,0.8774499893188477,63.28266143798828,-42.82701110839844,-63.6515998840332,0.812749981880188,15.5,158,1),(106,'2020-08-22 13:26:31','2020-08-22 13:26:31',NULL,102,145,-0.8128200173377991,-1.2494200468063354,1.8015300035476685,-48.91680145263672,-68.37094116210938,73.42880249023438,2.3355801105499268,48.70000076293945,158,1),(107,'2020-08-22 13:26:41','2020-08-22 13:26:41',NULL,102,145,0.6661199927330017,1.8171600103378296,0.9073399901390076,11.464839935302734,40.77376174926758,-29.65700912475586,3.0711300373077393,52.29999923706055,158,1),(108,'2020-08-22 13:26:51','2020-08-22 13:26:51',NULL,102,145,-0.46255001425743103,0.7262200117111206,-1.265120029449463,16.064590454101562,-28.914430618286133,-3.4999399185180664,0.11703000217676163,15.800000190734863,158,1),(109,'2020-08-22 13:27:02','2020-08-22 13:27:02',NULL,102,145,-0.482589989900589,-0.7047799825668335,-1.4467899799346924,31.134429931640625,8.15530014038086,47.438411712646484,3.2073299884796143,46.29999923706055,158,1),(110,'2020-08-22 13:27:11','2020-08-22 13:27:11',NULL,102,145,1.0428500175476074,-1.5834599733352661,1.7121299505233765,-89.18327331542969,37.753658294677734,-15.923999786376953,1.0448700189590454,37.599998474121094,158,1),(111,'2020-08-22 13:27:22','2020-08-22 13:27:22',NULL,102,145,1.019279956817627,-0.24036000669002533,0.3140299916267395,-39.36539077758789,73.48699951171875,-70.9556884765625,3.4591100215911865,1.2000000476837158,158,1),(112,'2020-08-22 13:27:32','2020-08-22 13:27:32',NULL,102,145,0.6393200159072876,0.6686099767684937,-1.793779969215393,14.125009536743164,-16.70577049255371,10.905730247497559,3.982640027999878,1.2000000476837158,158,1),(113,'2020-08-22 13:27:42','2020-08-22 13:27:42',NULL,102,145,0.2714399993419647,-0.744979977607727,1.293429970741272,-78.81800079345703,58.29507827758789,72.78605651855469,2.600600004196167,36.400001525878906,158,1),(114,'2020-08-22 13:27:52','2020-08-22 13:27:52',NULL,102,145,0.41898998618125916,0.686020016670227,0.17072999477386475,46.0954704284668,42.577239990234375,-30.71508026123047,2.5844600200653076,49.400001525878906,158,1),(115,'2020-08-22 13:28:02','2020-08-22 13:28:02',NULL,102,145,-0.2504499852657318,1.6678500175476074,-1.92330002784729,37.86040115356445,-15.267560005187988,-51.4509391784668,2.6527199745178223,35.5,158,1),(116,'2020-08-22 13:28:12','2020-08-22 13:28:12',NULL,102,145,-0.8053600192070007,-1.8754299879074097,-0.833109974861145,-1.6976699829101562,-33.75981140136719,-0.7617300152778625,3.4652199745178223,15.199999809265137,158,1),(117,'2020-08-22 13:28:22','2020-08-22 13:28:22',NULL,102,145,1.1196399927139282,-0.9278200268745422,-1.892300009727478,-77.52671813964844,55.047889709472656,-59.941978454589844,2.736140012741089,11.800000190734863,158,1),(118,'2020-08-22 13:28:34','2020-08-22 13:28:34',NULL,102,145,-1.4358400106430054,-0.3120200037956238,-0.009549999609589577,47.642601013183594,21.481430053710938,84.15374755859375,2.444550037384033,43.099998474121094,158,1),(119,'2020-08-22 13:28:42','2020-08-22 13:28:42',NULL,102,145,-0.4474300146102905,-1.4246799945831299,-0.4341599941253662,-15.61812973022461,-63.24372100830078,-50.626041412353516,2.4275898933410645,7.300000190734863,158,1),(120,'2020-08-22 13:28:52','2020-08-22 13:28:52',NULL,102,145,1.4749900102615356,-1.7764099836349487,0.7986999750137329,44.219730377197266,-69.91932678222656,79.09590911865234,3.835099935531616,27.899999618530273,158,1),(121,'2020-08-22 13:29:02','2020-08-22 13:29:02',NULL,102,145,0.5384699702262878,-0.33643999695777893,1.7430299520492554,-59.3319091796875,-3.4581100940704346,3.7902300357818604,3.439079999923706,48.900001525878906,158,1),(122,'2020-08-22 13:29:12','2020-08-22 13:29:12',NULL,102,145,-0.7114199995994568,0.3180699944496155,-0.26260000467300415,-44.853668212890625,-83.85025787353516,-16.031360626220703,2.2766599655151367,25,158,1),(123,'2020-08-22 13:29:23','2020-08-22 13:29:23',NULL,102,145,1.2012200355529785,-1.9521000385284424,1.9206299781799316,66.59882354736328,28.64756965637207,-86.4825210571289,0.675819993019104,51.599998474121094,158,1),(124,'2020-08-22 13:29:32','2020-08-22 13:29:32',NULL,102,145,-0.6551600098609924,0.3931199908256531,0.0677499994635582,-63.958438873291016,26.520750045776367,18.785980224609375,3.142469882965088,19.100000381469727,158,1),(125,'2020-08-22 13:29:43','2020-08-22 13:29:43',NULL,102,145,0.11288999766111374,-1.9903299808502197,-1.2536200284957886,-59.42409133911133,25.912059783935547,-34.21369171142578,0.6859800219535828,0.699999988079071,158,1),(126,'2020-08-22 13:29:53','2020-08-22 13:29:53',NULL,102,145,1.026610016822815,-0.6988099813461304,-0.20669999718666077,43.63964080810547,-49.10454177856445,-89.2711181640625,3.2553200721740723,36.70000076293945,158,1),(127,'2020-08-22 13:30:03','2020-08-22 13:30:03',NULL,102,145,-0.3918299973011017,1.2463099956512451,0.1114099994301796,-70.61237335205078,1.5964299440383911,-41.33063888549805,2.65625,33.900001525878906,158,1),(128,'2020-08-22 13:30:13','2020-08-22 13:30:13',NULL,102,145,0.3240799903869629,1.4211299419403076,1.7869600057601929,72.5000991821289,-67.92214965820312,22.60403060913086,1.2315399646759033,30,158,1),(129,'2020-08-22 13:30:23','2020-08-22 13:30:23',NULL,102,145,-1.4011199474334717,0.2170500010251999,1.5271300077438354,6.948919773101807,82.89276885986328,49.472530364990234,0.09114000201225281,24.5,158,1),(130,'2020-08-22 13:30:33','2020-08-22 13:30:33',NULL,102,145,0.8992599844932556,0.25394999980926514,-1.582110047340393,52.47611999511719,15.92611026763916,2.621229887008667,3.9118900299072266,16.899999618530273,158,1),(131,'2020-08-22 13:30:43','2020-08-22 13:30:43',NULL,102,145,1.8883600234985352,1.988610029220581,-0.9977899789810181,25.367919921875,-89.86622619628906,-57.15414810180664,0.9396899938583374,23.799999237060547,158,1),(132,'2020-08-22 13:30:53','2020-08-22 13:30:53',NULL,102,145,-0.3495500087738037,-1.4814900159835815,0.6785200238227844,-82.2802734375,-64.76995849609375,-40.19036102294922,2.0464799404144287,8.899999618530273,158,1),(133,'2020-08-22 13:31:03','2020-08-22 13:31:03',NULL,102,145,1.985949993133545,-1.419100046157837,-1.5804400444030762,69.86492919921875,-28.680849075317383,14.211050033569336,3.5600199699401855,-0.5,158,1),(134,'2020-08-22 13:31:13','2020-08-22 13:31:13',NULL,102,145,-1.2233200073242188,0.7472000122070312,1.8114700317382812,-69.64013671875,43.42219924926758,5.986340045928955,2.440459966659546,19.799999237060547,158,1),(135,'2020-08-22 13:31:23','2020-08-22 13:31:23',NULL,102,145,1.4214799404144287,-0.18727999925613403,-0.5867599844932556,-1.3553199768066406,-11.61355972290039,8.173500061035156,0.07554999738931656,52.20000076293945,158,1),(136,'2020-08-22 13:31:33','2020-08-22 13:31:33',NULL,102,145,0.34213998913764954,-1.618340015411377,-0.5635300278663635,74.47119903564453,64.7688217163086,42.57427978515625,2.520930051803589,21.700000762939453,158,1),(137,'2020-08-22 13:31:43','2020-08-22 13:31:43',NULL,102,145,-0.44036999344825745,0.6474800109863281,1.745419979095459,-61.31235885620117,3.533869981765747,7.6611199378967285,2.6509900093078613,14.600000381469727,158,1),(138,'2020-08-22 13:31:53','2020-08-22 13:31:53',NULL,102,145,-0.6593400239944458,1.3684899806976318,0.17737999558448792,3.469789981842041,7.956419944763184,-19.90052032470703,1.2399300336837769,44.599998474121094,158,1),(139,'2020-08-22 13:32:03','2020-08-22 13:32:03',NULL,102,145,-0.08550000190734863,1.03889000415802,0.1833599954843521,46.99293899536133,46.758121490478516,37.943870544433594,1.0092400312423706,-2.799999952316284,158,1),(140,'2020-08-22 13:32:14','2020-08-22 13:32:14',NULL,102,145,-0.7398200035095215,0.25494998693466187,-1.2108999490737915,-43.155860900878906,23.136289596557617,-52.374149322509766,3.828279972076416,9.800000190734863,158,1),(141,'2020-08-22 13:32:24','2020-08-22 13:32:24',NULL,102,145,-0.03602999821305275,0.2766599953174591,-0.12364999949932098,73.92938232421875,-5.424129962921143,-30.83180046081543,1.0057799816131592,15.600000381469727,158,1),(142,'2020-08-22 13:32:34','2020-08-22 13:32:34',NULL,102,145,0.14715999364852905,0.7846199870109558,1.7845300436019897,-63.89262008666992,7.411399841308594,-17.695789337158203,2.5116899013519287,47.70000076293945,158,1),(143,'2020-08-22 13:32:44','2020-08-22 13:32:44',NULL,102,145,-0.5358099937438965,-0.16776999831199646,0.23263999819755554,16.669479370117188,-44.66065979003906,-14.265159606933594,1.1520800590515137,32.20000076293945,158,1),(144,'2020-08-22 13:32:54','2020-08-22 13:32:54',NULL,102,145,1.171049952507019,-1.006809949874878,-0.4384700059890747,-56.000221252441406,45.494571685791016,44.26926040649414,0.2711400091648102,40.900001525878906,158,1),(145,'2020-08-22 13:33:04','2020-08-22 13:33:04',NULL,102,145,-0.7359700202941895,0.7044199705123901,1.2964400053024292,11.242429733276367,-12.914389610290527,25.96721076965332,1.003059983253479,39.70000076293945,158,1),(146,'2020-08-22 13:33:14','2020-08-22 13:33:14',NULL,102,145,1.6887500286102295,-1.1959099769592285,1.0298700332641602,-81.53204345703125,62.152828216552734,61.723411560058594,1.6213300228118896,10.300000190734863,158,1),(147,'2020-08-22 13:33:24','2020-08-22 13:33:24',NULL,102,145,-1.3804600238800049,-0.7348099946975708,-1.375190019607544,-80.63619995117188,-33.679561614990234,56.95130920410156,1.159309983253479,3.5999999046325684,158,1),(148,'2020-08-22 13:33:44','2020-08-22 13:33:44',NULL,102,145,-0.9916099905967712,1.6053199768066406,0.6646900177001953,59.01390075683594,23.645410537719727,84.40141296386719,1.5921800136566162,37.099998474121094,158,1),(149,'2020-08-22 13:33:54','2020-08-22 13:33:54',NULL,102,145,-0.5428299903869629,1.4396400451660156,-1.4990899562835693,56.613441467285156,-58.964561462402344,-28.77420997619629,0.5849000215530396,6.300000190734863,158,1),(150,'2020-08-22 13:34:04','2020-08-22 13:34:04',NULL,102,145,-1.5556600093841553,0.38008999824523926,-1.3702199459075928,33.24045944213867,70.4233169555664,-8.533300399780273,0.5279200077056885,14.100000381469727,158,1),(151,'2020-08-22 13:34:14','2020-08-22 13:34:14',NULL,102,145,0.9390100240707397,0.911300003528595,1.5252799987792969,56.80342102050781,-42.06000900268555,79.81144714355469,2.337869882583618,14.100000381469727,158,1),(152,'2020-08-22 13:34:24','2020-08-22 13:34:24',NULL,102,145,0.2916800081729889,-1.844980001449585,0.8775399923324585,71.1836166381836,-27.214590072631836,11.463109970092773,0.599120020866394,10.100000381469727,158,1),(153,'2020-08-22 13:34:35','2020-08-22 13:34:35',NULL,102,145,-1.9941999912261963,-0.029279999434947968,-0.9617900252342224,-9.476059913635254,20.472349166870117,-87.544189453125,1.4306199550628662,40,158,1),(154,'2020-08-22 13:34:45','2020-08-22 13:34:45',NULL,102,145,0.5796599984169006,1.2515699863433838,1.7861299514770508,-42.498409271240234,-29.51214027404785,-16.933860778808594,4.374660015106201,22.200000762939453,158,1),(155,'2020-08-22 13:34:55','2020-08-22 13:34:55',NULL,102,145,0.4184899926185608,-0.5842999815940857,1.4133299589157104,47.807281494140625,47.5313606262207,44.76747131347656,0.8552700281143188,5.300000190734863,158,1),(156,'2020-08-22 13:35:15','2020-08-22 13:35:15',NULL,102,145,-0.9878299832344055,0.006020000204443932,-0.20212000608444214,41.61994934082031,77.37761688232422,-20.52802085876465,1.7965799570083618,49.79999923706055,158,1),(157,'2020-08-22 13:35:25','2020-08-22 13:35:25',NULL,102,145,1.3063199520111084,-1.9508600234985352,1.963629961013794,1.4043200016021729,-46.042301177978516,-11.079310417175293,1.1452699899673462,45,158,1),(158,'2020-08-22 13:36:05','2020-08-22 13:36:05',NULL,102,145,-0.3925899863243103,-1.9003499746322632,-0.5742800235748291,-42.92121124267578,-19.016250610351562,5.043000221252441,2.9335598945617676,27.200000762939453,158,1),(159,'2020-08-22 13:36:25','2020-08-22 13:36:25',NULL,102,145,0.823930025100708,-1.7173500061035156,0.42195001244544983,57.78915023803711,-5.745840072631836,51.19514846801758,0.1973699927330017,1.899999976158142,158,1),(160,'2020-08-22 13:36:36','2020-08-22 13:36:36',NULL,102,145,1.1039400100708008,-0.9549000263214111,0.5615000128746033,-68.46417999267578,-87.6344223022461,-43.97663879394531,1.4152599573135376,52,158,1),(161,'2020-08-22 13:37:16','2020-08-22 13:37:16',NULL,102,145,1.727620005607605,-1.525130033493042,1.017930030822754,-86.71112060546875,60.814361572265625,-31.03104019165039,3.691380023956299,43.900001525878906,158,1),(162,'2020-08-22 13:37:26','2020-08-22 13:37:26',NULL,102,145,-1.24836003780365,-0.5713599920272827,1.6007800102233887,-67.67830657958984,62.82762908935547,-46.29594039916992,3.004549980163574,34.900001525878906,158,1),(163,'2020-08-22 13:37:36','2020-08-22 13:37:36',NULL,102,145,1.736050009727478,-0.7393400073051453,-0.7638700008392334,-0.9688699841499329,-83.49049377441406,50.60541915893555,0.4859200119972229,51.900001525878906,158,1),(164,'2020-08-22 13:37:46','2020-08-22 13:37:46',NULL,102,145,0.19960999488830566,-0.2640500068664551,0.4809100031852722,78.70073699951172,68.8131103515625,19.24114990234375,2.6298298835754395,1.100000023841858,158,1),(165,'2020-08-22 13:37:56','2020-08-22 13:37:56',NULL,102,145,-1.9894100427627563,-1.6141899824142456,0.7266799807548523,-23.061460494995117,69.65206909179688,47.031890869140625,0.4939599931240082,3.700000047683716,158,1),(166,'2020-08-22 13:38:06','2020-08-22 13:38:06',NULL,102,145,-0.3651700019836426,0.7100600004196167,1.3715300559997559,-73.97704315185547,-78.68881225585938,-10.957260131835938,3.471909999847412,39.29999923706055,158,1),(167,'2020-08-22 13:38:16','2020-08-22 13:38:16',NULL,102,145,0.4542100131511688,-0.4254299998283386,-0.6876400113105774,27.133100509643555,76.62568664550781,27.87042999267578,2.428679943084717,33.099998474121094,158,1),(168,'2020-08-22 13:38:26','2020-08-22 13:38:26',NULL,102,145,-1.844670057296753,0.8040400147438049,1.7574000358581543,-89.77118682861328,-41.52687072753906,23.386869430541992,1.9534200429916382,49.29999923706055,158,1),(169,'2020-08-22 13:38:37','2020-08-22 13:38:37',NULL,102,145,-1.811400055885315,-0.02978000044822693,1.3591099977493286,-13.237689971923828,-55.47563171386719,-66.24854278564453,4.335790157318115,33.400001525878906,158,1),(170,'2020-08-22 13:38:56','2020-08-22 13:38:56',NULL,102,145,1.1185599565505981,-1.7692300081253052,-1.0969899892807007,78.90058135986328,-25.219409942626953,27.24397087097168,3.875269889831543,-2.0999999046325684,158,1),(171,'2020-08-22 13:39:07','2020-08-22 13:39:07',NULL,102,145,-0.1491899937391281,-0.9686300158500671,0.0514799989759922,1.1592199802398682,-14.100720405578613,71.95674896240234,3.613830089569092,6.5,158,1),(172,'2020-08-22 13:39:27','2020-08-22 13:39:27',NULL,102,145,0.1717499941587448,-1.5245100259780884,-1.3423199653625488,-24.26738929748535,-84.707763671875,27.5733699798584,3.37253999710083,19.5,158,1),(173,'2020-08-22 13:39:37','2020-08-22 13:39:37',NULL,102,145,-1.0129799842834473,-1.3736499547958374,1.2387100458145142,71.17410278320312,57.9114990234375,21.37727928161621,1.3460899591445923,13.699999809265137,158,1),(174,'2020-08-22 13:39:47','2020-08-22 13:39:47',NULL,102,145,-1.001189947128296,1.8523999452590942,0.4090000092983246,-7.285069942474365,-29.47787094116211,0.5573499798774719,3.4379100799560547,15.199999809265137,158,1),(175,'2020-08-22 13:39:57','2020-08-22 13:39:57',NULL,102,145,0.7309799790382385,1.5122900009155273,-0.40422001481056213,-61.663509368896484,19.96932029724121,-63.03525161743164,3.030090093612671,-1.100000023841858,158,1),(176,'2020-08-22 13:40:07','2020-08-22 13:40:07',NULL,102,145,1.7666499614715576,-1.4059699773788452,1.2804100513458252,-87.00105285644531,-31.853900909423828,-4.4327898025512695,1.18517005443573,11.600000381469727,158,1),(177,'2020-08-22 13:40:17','2020-08-22 13:40:17',NULL,102,145,1.9103699922561646,1.4563499689102173,-1.6655999422073364,11.702939987182617,-58.18600082397461,56.24755859375,3.147969961166382,10.5,158,1),(178,'2020-08-22 13:40:27','2020-08-22 13:40:27',NULL,102,145,-0.5793700218200684,-0.23481999337673187,0.6757500171661377,-72.61306762695312,17.651269912719727,-88.9131088256836,1.2301900386810303,46.099998474121094,158,1),(179,'2020-08-22 13:40:37','2020-08-22 13:40:37',NULL,102,145,-0.6874200105667114,-0.3743399977684021,0.24549999833106995,-28.84239959716797,66.03858947753906,-30.57267951965332,3.3333799839019775,9.899999618530273,158,1),(180,'2020-08-22 13:40:47','2020-08-22 13:40:47',NULL,102,145,0.7312399744987488,0.9092400074005127,1.3047399520874023,2.5479800701141357,48.12025833129883,49.05276107788086,3.133359909057617,50.5,158,1),(181,'2020-08-22 13:40:57','2020-08-22 13:40:57',NULL,102,145,-1.6051700115203857,1.7762800455093384,1.0518200397491455,-60.80937957763672,8.113719940185547,3.373650074005127,0.3752000033855438,31.200000762939453,158,1),(182,'2020-08-22 13:41:07','2020-08-22 13:41:07',NULL,102,145,1.1085799932479858,1.3938699960708618,1.5599199533462524,14.566360473632812,-58.01094055175781,-35.799888610839844,0.8427299857139587,-2.200000047683716,158,1),(183,'2020-08-22 13:41:17','2020-08-22 13:41:17',NULL,102,145,-1.6513099670410156,1.84893000125885,-1.9651000499725342,39.217918395996094,-61.69763946533203,18.982139587402344,3.8287599086761475,43.70000076293945,158,1),(184,'2020-08-22 13:41:27','2020-08-22 13:41:27',NULL,102,145,-0.0832199975848198,-1.7432600259780884,-1.6064499616622925,-47.074119567871094,47.81850051879883,0.04529999941587448,0.5847300291061401,3.9000000953674316,158,1),(185,'2020-08-22 13:41:38','2020-08-22 13:41:38',NULL,102,145,1.664489984512329,-1.935349941253662,1.1620099544525146,78.00279235839844,-17.45355987548828,-3.7314300537109375,0.5203999876976013,6.199999809265137,158,1),(186,'2020-08-22 13:41:48','2020-08-22 13:41:48',NULL,102,145,-1.7115099430084229,0.5512099862098694,0.6946300268173218,-86.81404876708984,46.20159149169922,-16.05643081665039,3.5368399620056152,33.79999923706055,158,1),(187,'2020-08-22 13:41:58','2020-08-22 13:41:58',NULL,102,145,0.19578999280929565,-0.47947001457214355,0.713100016117096,22.999610900878906,15.783479690551758,19.0789794921875,2.3456599712371826,51.099998474121094,158,1),(188,'2020-08-22 13:42:08','2020-08-22 13:42:08',NULL,102,145,-0.5606899857521057,0.19202999770641327,-0.8341599702835083,12.513179779052734,-34.3497200012207,72.12625122070312,0.23960000276565552,14.800000190734863,158,1),(189,'2020-08-22 13:42:18','2020-08-22 13:42:18',NULL,102,145,-0.2761699855327606,-0.7145799994468689,-0.5922099947929382,-13.355389595031738,-85.22493743896484,-32.00727081298828,2.947619915008545,18.899999618530273,158,1),(190,'2020-08-22 13:42:28','2020-08-22 13:42:28',NULL,102,145,1.4822299480438232,1.3010599613189697,0.7004600167274475,-26.843000411987305,-86.13883972167969,-65.54263305664062,3.5807900428771973,47.29999923706055,158,1),(191,'2020-08-22 13:42:38','2020-08-22 13:42:38',NULL,102,145,1.0219999551773071,1.9955999851226807,1.032289981842041,-27.494619369506836,-64.96282196044922,-5.268519878387451,2.036329984664917,50.900001525878906,158,1),(192,'2020-08-22 13:42:48','2020-08-22 13:42:48',NULL,102,145,0.7421200275421143,0.052949998527765274,1.2593400478363037,77.75289154052734,-80.33354949951172,-44.99428939819336,1.8401800394058228,21.5,158,1),(193,'2020-08-22 13:42:58','2020-08-22 13:42:58',NULL,102,145,1.4202500581741333,1.9505200386047363,1.5663299560546875,-80.05455017089844,-9.0208101272583,-6.308460235595703,3.434429883956909,16.700000762939453,158,1),(194,'2020-08-22 13:43:08','2020-08-22 13:43:08',NULL,102,145,1.5701600313186646,1.020859956741333,1.247879981994629,61.852970123291016,19.83456039428711,-86.31382751464844,3.972140073776245,14.800000190734863,158,1),(195,'2020-08-22 13:43:18','2020-08-22 13:43:18',NULL,102,145,-1.1304099559783936,1.708490014076233,-1.1898200511932373,-86.86015319824219,52.958740234375,42.811798095703125,2.5014400482177734,-0.5,158,1),(196,'2020-08-22 13:43:28','2020-08-22 13:43:28',NULL,102,145,-1.3417099714279175,-1.9778300523757935,1.392930030822754,35.688209533691406,54.06364059448242,59.37586975097656,0.47655999660491943,47.599998474121094,158,1),(197,'2020-08-22 13:43:39','2020-08-22 13:43:39',NULL,102,145,-1.4934899806976318,1.182379961013794,-1.488450050354004,-49.2966194152832,11.034480094909668,-51.103660583496094,0.9499199986457825,5.400000095367432,158,1),(198,'2020-08-22 13:43:48','2020-08-22 13:43:48',NULL,102,145,-0.14632000029087067,-0.535830020904541,1.119789958000183,67.64402770996094,40.23488998413086,80.00829315185547,3.091279983520508,8.199999809265137,158,1),(199,'2020-08-22 13:43:59','2020-08-22 13:43:59',NULL,102,145,-0.28251999616622925,1.2353099584579468,0.9925699830055237,-53.2481803894043,-55.43489074707031,70.84993743896484,2.0959999561309814,48.400001525878906,158,1),(200,'2020-08-22 13:44:09','2020-08-22 13:44:09',NULL,102,145,1.4731700420379639,-1.8102500438690186,-0.5708400011062622,-67.91316223144531,43.19641876220703,61.649959564208984,2.308990001678467,47.400001525878906,158,1),(201,'2020-08-22 13:44:19','2020-08-22 13:44:19',NULL,102,145,1.7033100128173828,-0.2236199975013733,-1.723289966583252,-9.770919799804688,-60.995361328125,-0.3575200140476227,2.196769952774048,45.70000076293945,158,1),(202,'2020-08-22 13:44:29','2020-08-22 13:44:29',NULL,102,145,0.11771000176668167,1.8231300115585327,0.2740499973297119,14.355790138244629,-73.84651184082031,-51.7065315246582,1.4794299602508545,15.899999618530273,158,1),(203,'2020-08-22 13:44:39','2020-08-22 13:44:39',NULL,102,145,1.5437300205230713,0.35635000467300415,-0.28422001004219055,3.850029945373535,-13.44972038269043,5.407320022583008,2.4713900089263916,1.7000000476837158,158,1),(204,'2020-08-22 13:44:50','2020-08-22 13:44:50',NULL,102,145,0.9868599772453308,1.6155500411987305,-1.563230037689209,-21.431520462036133,-9.104089736938477,-55.84680938720703,0.04108000174164772,-2.5999999046325684,158,1),(205,'2020-08-22 13:44:59','2020-08-22 13:44:59',NULL,102,145,-1.2382899522781372,-0.7366200089454651,0.11685000360012054,-3.2805800437927246,51.141170501708984,-47.8071403503418,3.79256010055542,34.900001525878906,158,1),(206,'2020-08-22 13:45:09','2020-08-22 13:45:09',NULL,102,145,-1.3068100214004517,-0.2090200036764145,1.905900001525879,41.56394958496094,65.07605743408203,-73.49909973144531,1.90857994556427,43.20000076293945,158,1),(207,'2020-08-22 13:45:19','2020-08-22 13:45:19',NULL,102,145,0.3880400061607361,1.1186599731445312,-1.6307899951934814,25.143909454345703,42.896568298339844,27.283159255981445,1.937059998512268,49.70000076293945,158,1),(208,'2020-08-22 13:45:29','2020-08-22 13:45:29',NULL,102,145,-1.4232399463653564,1.391819953918457,0.7531800270080566,76.74160766601562,55.22962188720703,55.915809631347656,4.294589996337891,3.700000047683716,158,1),(209,'2020-08-22 13:45:39','2020-08-22 13:45:39',NULL,102,145,0.5256900191307068,-1.0277899503707886,-1.4286799430847168,22.634140014648438,37.403289794921875,65.14984893798828,3.5199599266052246,29,158,1),(210,'2020-08-22 13:45:49','2020-08-22 13:45:49',NULL,102,145,-1.480430006980896,-1.3754199743270874,0.5105400085449219,-71.26891326904297,33.576019287109375,34.83150100708008,2.7431299686431885,20.600000381469727,158,1),(211,'2020-08-22 13:45:59','2020-08-22 13:45:59',NULL,102,145,-1.5857199430465698,0.8985000252723694,1.6577800512313843,-84.99458312988281,55.61587142944336,-65.34559631347656,0.0024900001008063555,11.800000190734863,158,1),(212,'2020-08-22 13:46:10','2020-08-22 13:46:10',NULL,102,145,-0.7399899959564209,1.7056200504302979,0.04698000103235245,-80.75420379638672,-87.73560333251953,59.904361724853516,1.1940399408340454,12.899999618530273,158,1),(213,'2020-08-22 13:46:20','2020-08-22 13:46:20',NULL,102,145,-1.0054099559783936,-0.9078099727630615,1.5262700319290161,-86.75406646728516,8.107780456542969,50.35213851928711,2.6327600479125977,0.6000000238418579,158,1),(214,'2020-08-22 13:46:30','2020-08-22 13:46:30',NULL,102,145,-0.792680025100708,-1.7931499481201172,1.9455900192260742,-39.0157585144043,33.289398193359375,-20.062559127807617,2.481909990310669,30.399999618530273,158,1),(215,'2020-08-22 13:46:40','2020-08-22 13:46:40',NULL,102,145,-0.027060000225901604,-0.5361599922180176,-0.33550000190734863,-35.49483108520508,45.16884994506836,8.853260040283203,1.9192500114440918,38.599998474121094,158,1),(216,'2020-08-22 13:47:00','2020-08-22 13:47:00',NULL,102,145,-0.6143100261688232,1.7355899810791016,0.27715998888015747,11.42113971710205,-28.891620635986328,72.81642150878906,3.6895699501037598,9.800000190734863,158,1),(217,'2020-08-22 13:47:10','2020-08-22 13:47:10',NULL,102,145,-0.8995500206947327,-1.8906500339508057,1.4935799837112427,77.59220886230469,19.267589569091797,-73.21515655517578,2.0641400814056396,41.20000076293945,158,1),(218,'2020-08-22 13:47:20','2020-08-22 13:47:20',NULL,102,145,1.6636699438095093,0.036890000104904175,1.9128899574279785,-53.77587127685547,3.5530200004577637,-38.40153884887695,0.8622900247573853,21.299999237060547,158,1),(219,'2020-08-22 13:47:30','2020-08-22 13:47:30',NULL,102,145,-1.450950026512146,-1.456570029258728,-0.7280099987983704,-13.339340209960938,37.20872116088867,13.191829681396484,3.316080093383789,27.299999237060547,158,1),(220,'2020-08-22 13:47:40','2020-08-22 13:47:40',NULL,102,145,-1.8033699989318848,0.00018000000272877514,-0.40876999497413635,10.936140060424805,6.628330230712891,60.211631774902344,1.6794999837875366,49.599998474121094,158,1),(221,'2020-08-22 13:47:50','2020-08-22 13:47:50',NULL,102,145,1.338979959487915,0.6547099947929382,1.9244999885559082,-13.575610160827637,-4.442409992218018,-30.875059127807617,0.46713000535964966,-0.800000011920929,158,1),(222,'2020-08-22 13:48:10','2020-08-22 13:48:10',NULL,102,145,1.950510025024414,-1.5216699838638306,1.7587699890136719,51.708778381347656,14.802009582519531,-12.575900077819824,4.274720191955566,37.5,158,1),(223,'2020-08-22 13:48:20','2020-08-22 13:48:20',NULL,102,145,-0.7320299744606018,-0.9683200120925903,1.770050048828125,-3.3317999839782715,26.18427085876465,-21.6854305267334,1.9805699586868286,26.700000762939453,158,1),(224,'2020-08-22 13:48:30','2020-08-22 13:48:30',NULL,102,145,-0.0785600021481514,-0.020819999277591705,1.5582300424575806,2.8954200744628906,-78.29358673095703,-78.04096984863281,1.484410047531128,47,158,1),(225,'2020-08-22 13:48:41','2020-08-22 13:48:41',NULL,102,145,1.460610032081604,1.7410900592803955,-1.1933599710464478,3.5544800758361816,-63.25096893310547,-14.86874008178711,0.9503999948501587,51.5,158,1),(226,'2020-08-22 13:48:51','2020-08-22 13:48:51',NULL,102,145,0.161640003323555,1.8975900411605835,0.45906001329421997,-68.7227783203125,37.1196403503418,11.918769836425781,2.907560110092163,36.5,158,1),(227,'2020-08-22 13:49:01','2020-08-22 13:49:01',NULL,102,145,-0.154339998960495,-0.9137099981307983,-1.2880300283432007,-44.68415069580078,27.917280197143555,39.38352966308594,2.541019916534424,3.299999952316284,158,1),(228,'2020-08-22 13:49:11','2020-08-22 13:49:11',NULL,102,145,1.7674000263214111,1.095080018043518,0.3271099925041199,-83.30191802978516,-85.57354736328125,79.98474884033203,0.37918001413345337,43.400001525878906,158,1),(229,'2020-08-22 13:49:21','2020-08-22 13:49:21',NULL,102,145,0.5743399858474731,-1.8497400283813477,0.26434001326560974,-86.52748107910156,-1.4913699626922607,-44.376739501953125,2.481559991836548,2.4000000953674316,158,1),(230,'2020-08-22 13:49:31','2020-08-22 13:49:31',NULL,102,145,-0.6640300154685974,0.4000200033187866,-1.365149974822998,57.124000549316406,-20.702800750732422,35.249568939208984,0.3011400103569031,28.700000762939453,158,1),(231,'2020-08-22 13:49:41','2020-08-22 13:49:41',NULL,102,145,-1.3564800024032593,0.5931900143623352,-0.025350000709295273,24.02172088623047,83.59574890136719,-1.7839399576187134,2.893470048904419,27.100000381469727,158,1),(232,'2020-08-22 13:49:51','2020-08-22 13:49:51',NULL,102,145,0.7799400091171265,0.9533500075340271,1.8383699655532837,-61.920799255371094,46.768638610839844,70.91249084472656,4.078780174255371,36.099998474121094,158,1),(233,'2020-08-22 13:50:01','2020-08-22 13:50:01',NULL,102,145,-0.03984000161290169,-0.7517899870872498,-0.2866100072860718,1.9671900272369385,-64.49475860595703,-19.43168067932129,1.9509299993515015,2.299999952316284,158,1),(234,'2020-08-22 13:50:12','2020-08-22 13:50:12',NULL,102,145,1.641759991645813,-0.9456999897956848,-0.7457200288772583,-69.93222045898438,82.2188720703125,-87.23594665527344,2.532900094985962,34.79999923706055,158,1),(235,'2020-08-22 13:50:22','2020-08-22 13:50:22',NULL,102,145,-0.094200000166893,1.217039942741394,0.8375499844551086,-25.739910125732422,-9.792010307312012,-75.98824310302734,1.9887399673461914,0.5,158,1),(236,'2020-08-22 13:50:31','2020-08-22 13:50:31',NULL,102,145,-0.09184999763965607,1.5060399770736694,1.4366999864578247,-19.518789291381836,80.21353912353516,16.403949737548828,4.411799907684326,27.5,158,1),(237,'2020-08-22 13:50:42','2020-08-22 13:50:42',NULL,102,145,-1.5990400314331055,-0.534250020980835,-1.1823899745941162,-69.21248626708984,33.03440856933594,76.05439758300781,2.5167899131774902,49,158,1),(238,'2020-08-22 13:50:52','2020-08-22 13:50:52',NULL,102,145,-0.6754400134086609,1.4614399671554565,1.0541900396347046,5.412459850311279,67.45377349853516,-9.383410453796387,0.6164100170135498,0.5,158,1),(239,'2020-08-22 13:51:02','2020-08-22 13:51:02',NULL,102,145,-0.5303699970245361,-1.07955002784729,-1.6355600357055664,23.94879913330078,-85.63091278076172,-47.41202926635742,0.5017799735069275,17.799999237060547,158,1),(240,'2020-08-22 13:51:12','2020-08-22 13:51:12',NULL,102,145,1.2096500396728516,0.7687600255012512,0.2667100131511688,-50.58591079711914,-11.66946029663086,2.543260097503662,0.5385599732398987,35,158,1),(241,'2020-08-22 13:51:22','2020-08-22 13:51:22',NULL,102,145,1.3037300109863281,-0.9370499849319458,1.0563299655914307,39.768760681152344,40.620540618896484,26.481700897216797,2.3882501125335693,17.399999618530273,158,1),(242,'2020-08-22 13:51:32','2020-08-22 13:51:32',NULL,102,145,-1.230299949645996,-1.182669997215271,0.6025699973106384,-84.30763244628906,-70.75666809082031,79.8324203491211,1.8762400150299072,47.29999923706055,158,1),(243,'2020-08-22 13:51:42','2020-08-22 13:51:42',NULL,102,145,-1.1724599599838257,-0.9734799861907959,1.465880036354065,66.42510986328125,-36.58483123779297,-15.070159912109375,3.137619972229004,5.099999904632568,158,1),(244,'2020-08-22 13:52:12','2020-08-22 13:52:12',NULL,102,145,0.564769983291626,-1.0248299837112427,-1.6388800144195557,74.35224914550781,15.418919563293457,26.924299240112305,0.94896000623703,23.899999618530273,158,1),(245,'2020-08-22 13:52:32','2020-08-22 13:52:32',NULL,102,145,-1.5193599462509155,0.17985999584197998,1.574779987335205,-23.74806022644043,-70.33988952636719,24.234399795532227,2.712510108947754,19.700000762939453,158,1),(246,'2020-08-22 13:52:42','2020-08-22 13:52:42',NULL,102,145,-0.3809700012207031,-1.0424100160598755,0.30748000741004944,63.191200256347656,78.9781265258789,-84.37580871582031,4.335149765014648,32.20000076293945,158,1),(247,'2020-08-22 13:52:52','2020-08-22 13:52:52',NULL,102,145,1.5621099472045898,1.5080300569534302,-1.2523200511932373,19.24020004272461,48.423431396484375,-77.73400115966797,2.213639974594116,2.700000047683716,158,1),(248,'2020-08-22 13:53:02','2020-08-22 13:53:02',NULL,102,145,1.5476800203323364,-1.083590030670166,-0.356330007314682,-52.41727828979492,-85.77677917480469,36.09280014038086,4.265820026397705,44.400001525878906,158,1),(249,'2020-08-22 13:53:12','2020-08-22 13:53:12',NULL,102,145,-1.3295300006866455,-1.760010004043579,1.904189944267273,-9.590319633483887,-85.66737365722656,-15.950160026550293,1.8828699588775635,31.5,158,1),(250,'2020-08-22 13:53:22','2020-08-22 13:53:22',NULL,102,145,-0.4711900055408478,0.48374998569488525,1.9188599586486816,-33.78861999511719,6.073619842529297,-88.015380859375,3.308840036392212,51.900001525878906,158,1),(251,'2020-08-22 13:53:33','2020-08-22 13:53:33',NULL,102,145,0.9413800239562988,0.7713299989700317,0.19878999888896942,2.8712399005889893,-69.28507232666016,-26.944229125976562,1.9732500314712524,-1.7999999523162842,158,1),(252,'2020-08-22 13:53:43','2020-08-22 13:53:43',NULL,102,145,-1.265570044517517,1.7112799882888794,0.337660014629364,40.06026840209961,-33.885318756103516,-45.65277099609375,3.878649950027466,7.900000095367432,158,1),(253,'2020-08-22 13:53:53','2020-08-22 13:53:53',NULL,102,145,-0.40070998668670654,0.9586799740791321,1.2929600477218628,72.52127075195312,79.92790985107422,75.37420654296875,3.357680082321167,34.099998474121094,158,1),(254,'2020-08-22 13:54:03','2020-08-22 13:54:03',NULL,102,145,1.0200999975204468,-0.02800000086426735,-0.012330000288784504,-66.52587127685547,-27.877140045166016,-40.086238861083984,4.468629837036133,11.699999809265137,158,1),(255,'2020-08-22 13:54:13','2020-08-22 13:54:13',NULL,102,145,0.27195000648498535,-1.0346599817276,1.2321699857711792,-60.341461181640625,-80.40072631835938,27.453109741210938,1.9408899545669556,11,158,1),(256,'2020-08-22 13:54:23','2020-08-22 13:54:23',NULL,102,145,1.4893300533294678,1.0559500455856323,-0.03353000059723854,-37.063968658447266,1.2471599578857422,-15.350079536437988,1.0507400035858154,34.400001525878906,158,1),(257,'2020-08-22 13:54:33','2020-08-22 13:54:33',NULL,102,145,1.804819941520691,-1.3929500579833984,0.8228200078010559,-32.73231887817383,4.359869956970215,18.154890060424805,3.7551000118255615,6.599999904632568,158,1),(258,'2020-08-22 13:54:43','2020-08-22 13:54:43',NULL,102,145,1.5581300258636475,0.7659800052642822,0.00853000022470951,-21.51827049255371,5.693379878997803,-80.73641967773438,0.21469999849796295,51.099998474121094,158,1),(259,'2020-08-22 13:54:53','2020-08-22 13:54:53',NULL,102,145,-0.42447999119758606,-0.8023399710655212,-1.4908000230789185,70.44490814208984,-16.33823013305664,-69.46719360351562,2.6015100479125977,8.100000381469727,158,1),(260,'2020-08-22 13:55:04','2020-08-22 13:55:04',NULL,102,145,-1.48062002658844,-0.9866300225257874,-0.38780999183654785,65.76817321777344,-2.152440071105957,7.2169599533081055,1.5610599517822266,47.5,158,1),(261,'2020-08-22 13:55:13','2020-08-22 13:55:13',NULL,102,145,-0.6916999816894531,-0.10516999661922455,1.750440001487732,-62.84706115722656,16.803110122680664,-71.39766693115234,0.7361199855804443,47.70000076293945,158,1),(262,'2020-08-22 13:55:23','2020-08-22 13:55:23',NULL,102,145,-0.3926900029182434,-1.586400032043457,-0.33340001106262207,30.603059768676758,18.00581932067871,-69.46260833740234,3.0141100883483887,13.600000381469727,158,1),(263,'2020-08-22 13:55:33','2020-08-22 13:55:33',NULL,102,145,-0.61149001121521,-1.4542399644851685,-1.1025500297546387,43.898101806640625,-62.64945983886719,-52.67893981933594,1.045680046081543,38.20000076293945,158,1),(264,'2020-08-22 13:55:43','2020-08-22 13:55:43',NULL,102,145,0.5619699954986572,-0.6180099844932556,0.5786799788475037,-26.44240951538086,78.62551879882812,-61.7239990234375,4.457610130310059,41.70000076293945,158,1),(265,'2020-08-22 13:55:54','2020-08-22 13:55:54',NULL,102,145,1.6770000457763672,-0.9671499729156494,1.5699000358581543,-62.1856803894043,-9.364500045776367,-9.092679977416992,2.018709897994995,22.5,158,1),(266,'2020-08-22 13:56:04','2020-08-22 13:56:04',NULL,102,145,-1.3063299655914307,1.7294600009918213,-1.0999200344085693,9.283069610595703,71.68132019042969,-7.307680130004883,0.7493100166320801,45.900001525878906,158,1),(267,'2020-08-22 13:56:14','2020-08-22 13:56:14',NULL,102,145,0.8246399760246277,-0.8805500268936157,1.5331599712371826,-3.049099922180176,45.13410186767578,-75.31072235107422,4.455900192260742,5.900000095367432,158,1),(268,'2020-08-22 13:56:24','2020-08-22 13:56:24',NULL,102,145,-1.552590012550354,0.7582100033760071,-1.5458799600601196,-24.234609603881836,-65.71295166015625,5.521880149841309,4.363309860229492,38.900001525878906,158,1),(269,'2020-08-22 13:56:34','2020-08-22 13:56:34',NULL,102,145,0.08670999854803085,-1.2044800519943237,0.07524000108242035,-12.607170104980469,-25.571409225463867,61.876251220703125,3.087019920349121,35,158,1),(270,'2020-08-22 13:56:44','2020-08-22 13:56:44',NULL,102,145,1.4673800468444824,1.857409954071045,1.96274995803833,72.66560363769531,-74.99703979492188,-56.566078186035156,3.7454700469970703,22.5,158,1),(271,'2020-08-22 13:56:54','2020-08-22 13:56:54',NULL,102,145,-0.3625999987125397,1.1233799457550049,1.8837499618530273,-14.976929664611816,-78.22476959228516,-57.53091812133789,3.343640089035034,33.099998474121094,158,1),(272,'2020-08-22 13:57:04','2020-08-22 13:57:04',NULL,102,145,1.1613800525665283,1.5989199876785278,1.173490047454834,-39.87226104736328,71.67980194091797,3.925230026245117,0.49020999670028687,21.600000381469727,158,1),(273,'2020-08-22 13:57:14','2020-08-22 13:57:14',NULL,102,145,-0.6157699823379517,1.5833699703216553,1.4228800535202026,26.08016014099121,44.78641128540039,13.468700408935547,2.9137399196624756,35.20000076293945,158,1),(274,'2020-08-22 13:57:24','2020-08-22 13:57:24',NULL,102,145,1.7652699947357178,1.3329999446868896,1.4864200353622437,-86.34877014160156,-28.516429901123047,29.832780838012695,0.11896000057458878,50.400001525878906,158,1),(275,'2020-08-22 13:57:34','2020-08-22 13:57:34',NULL,102,145,0.2825399935245514,1.919569969177246,-0.18967999517917633,83.06366729736328,75.63710021972656,-28.246789932250977,2.9242100715637207,42.400001525878906,158,1),(276,'2020-08-22 13:57:44','2020-08-22 13:57:44',NULL,102,145,-0.09254000335931778,-0.7160099744796753,1.0810699462890625,-70.3931884765625,-37.25199890136719,81.0116195678711,3.417530059814453,23.700000762939453,158,1),(277,'2020-08-22 13:57:54','2020-08-22 13:57:54',NULL,102,145,0.1498900055885315,-1.514490008354187,0.1942099928855896,-23.08819007873535,-28.645490646362305,35.08597183227539,1.7938899993896484,6.599999904632568,158,1),(278,'2020-08-22 13:58:04','2020-08-22 13:58:04',NULL,102,145,-1.3266799449920654,1.1460299491882324,0.5434499979019165,-79.16417694091797,19.391820907592773,-10.280170440673828,0.5686299800872803,52.20000076293945,158,1),(279,'2020-08-22 13:58:15','2020-08-22 13:58:15',NULL,102,145,1.9805699586868286,-0.9101399779319763,-0.36987000703811646,-63.4793701171875,-49.69300842285156,29.60342025756836,3.0619699954986572,38.900001525878906,158,1),(280,'2020-08-22 13:58:25','2020-08-22 13:58:25',NULL,102,145,0.16966000199317932,1.1787400245666504,0.9929500222206116,9.518250465393066,17.163679122924805,32.91941833496094,1.6204999685287476,48.20000076293945,158,1),(281,'2020-08-22 13:58:35','2020-08-22 13:58:35',NULL,102,145,-1.2399699687957764,0.3421599864959717,1.4580199718475342,21.222700119018555,22.223690032958984,36.96012878417969,3.6507999897003174,40.900001525878906,158,1),(282,'2020-08-22 13:58:46','2020-08-22 13:58:46',NULL,102,145,-1.4108500480651855,1.8029899597167969,0.7092800140380859,58.65974044799805,-10.175219535827637,11.378809928894043,0.4324899911880493,16.899999618530273,158,1),(283,'2020-08-22 13:58:56','2020-08-22 13:58:56',NULL,102,145,-1.2206900119781494,-0.5015299916267395,-1.8208600282669067,43.027000427246094,44.808021545410156,-41.90092086791992,0.5763199925422668,19.899999618530273,158,1),(284,'2020-08-22 13:59:05','2020-08-22 13:59:05',NULL,102,145,1.7748299837112427,-0.30351001024246216,0.25949999690055847,-41.748451232910156,-0.39017999172210693,76.26245880126953,1.7895400524139404,-0.5,158,1),(285,'2020-08-22 13:59:15','2020-08-22 13:59:15',NULL,102,145,-0.5504800081253052,0.8071399927139282,0.8330399990081787,28.869129180908203,-15.048480033874512,73.19013214111328,0.45346999168395996,25.700000762939453,158,1),(286,'2020-08-22 13:59:25','2020-08-22 13:59:25',NULL,102,145,1.2845100164413452,0.38962000608444214,-1.8751200437545776,62.365020751953125,-15.790840148925781,43.020469665527344,2.118299961090088,11.399999618530273,158,1),(287,'2020-08-22 13:59:35','2020-08-22 13:59:35',NULL,102,145,-0.38370001316070557,-1.645550012588501,-1.1255199909210205,-51.68666076660156,22.304859161376953,-85.54473114013672,2.727950096130371,2.200000047683716,158,1),(288,'2020-08-22 13:59:45','2020-08-22 13:59:45',NULL,102,145,0.9552500247955322,-0.638979971408844,-1.1720900535583496,-87.70001220703125,-70.90106964111328,77.10591125488281,4.303279876708984,44.900001525878906,158,1),(289,'2020-08-22 13:59:55','2020-08-22 13:59:55',NULL,102,145,-1.625749945640564,1.4103599786758423,0.5504099726676941,21.514049530029297,-54.86674880981445,-40.20650100708008,1.3553600311279297,21,158,1),(290,'2020-08-22 14:00:05','2020-08-22 14:00:05',NULL,102,145,1.967810034751892,-0.3666299879550934,-0.4407399892807007,-4.804470062255859,83.47444915771484,41.40544128417969,3.993079900741577,10.800000190734863,158,1),(291,'2020-08-22 14:00:16','2020-08-22 14:00:16',NULL,102,145,-1.6186000108718872,-1.7258000373840332,1.7769399881362915,-69.61383819580078,25.331010818481445,2.4908599853515625,0.4559299945831299,10.600000381469727,158,1),(292,'2020-08-22 14:00:25','2020-08-22 14:00:25',NULL,102,145,0.41110000014305115,1.869070053100586,-0.6953200101852417,-62.76982116699219,25.726680755615234,41.084381103515625,3.298530101776123,31.399999618530273,158,1),(293,'2020-08-22 14:00:35','2020-08-22 14:00:35',NULL,102,145,-0.3263700008392334,0.6203500032424927,1.5162299871444702,-75.15715026855469,-48.589141845703125,-20.51304054260254,3.695359945297241,1.7999999523162842,158,1),(294,'2020-08-22 14:00:46','2020-08-22 14:00:46',NULL,102,145,1.346619963645935,0.9659299850463867,-1.527999997138977,-39.63648986816406,-0.35436001420021057,-7.611949920654297,0.4530099928379059,36.79999923706055,158,1),(295,'2020-08-22 14:00:56','2020-08-22 14:00:56',NULL,102,145,-0.020810000598430634,0.34397000074386597,1.653499960899353,13.841230392456055,-21.44516944885254,-55.65425109863281,4.224679946899414,27,158,1),(296,'2020-08-22 14:01:06','2020-08-22 14:01:06',NULL,102,145,1.3729300498962402,1.1528799533843994,-0.9819200038909912,48.22597122192383,26.85434913635254,-27.05108070373535,0.15651999413967133,6,158,1),(297,'2020-08-22 14:01:17','2020-08-22 14:01:17',NULL,102,145,1.5330899953842163,-1.0932999849319458,1.3739800453186035,5.015810012817383,82.97434997558594,70.41301727294922,4.248030185699463,-2.799999952316284,158,1),(298,'2020-08-22 14:01:26','2020-08-22 14:01:26',NULL,102,145,1.690119981765747,-0.4143100082874298,-0.92426997423172,-39.40346908569336,-24.83827018737793,65.62431335449219,4.353990077972412,11.800000190734863,158,1),(299,'2020-08-22 14:01:36','2020-08-22 14:01:36',NULL,102,145,0.39157000184059143,1.1823500394821167,-1.960170030593872,-49.841800689697266,-75.39099884033203,26.756929397583008,1.608489990234375,33.70000076293945,158,1),(300,'2020-08-22 14:01:46','2020-08-22 14:01:46',NULL,102,145,1.6642199754714966,-1.5573500394821167,-1.9192899465560913,83.05180358886719,59.59465026855469,-22.390670776367188,1.336709976196289,-2.4000000953674316,158,1),(301,'2020-08-22 14:01:56','2020-08-22 14:01:56',NULL,102,145,-1.7534300088882446,1.8026299476623535,0.567110002040863,17.145519256591797,-33.00962829589844,47.93001174926758,1.5295499563217163,15.5,158,1),(302,'2020-08-22 14:02:06','2020-08-22 14:02:06',NULL,102,145,-1.1083300113677979,1.5202900171279907,0.3986400067806244,26.012609481811523,18.559810638427734,71.62666320800781,0.12404000014066696,8.699999809265137,158,1),(303,'2020-08-22 14:02:16','2020-08-22 14:02:16',NULL,102,145,0.7401700019836426,-1.997189998626709,-0.6972500085830688,70.06178283691406,78.17542266845703,48.28968811035156,2.0828700065612793,41.79999923706055,158,1),(304,'2020-08-22 14:02:26','2020-08-22 14:02:26',NULL,102,145,1.763800024986267,-0.6709399819374084,1.4519699811935425,-35.90802001953125,-43.0058708190918,-81.56495666503906,2.794219970703125,13.100000381469727,158,1),(305,'2020-08-22 14:02:36','2020-08-22 14:02:36',NULL,102,145,0.27904999256134033,-1.0325499773025513,0.40147000551223755,57.65800094604492,-26.91826057434082,0.8153200149536133,0.3396799862384796,16,158,1),(306,'2020-08-22 14:02:46','2020-08-22 14:02:46',NULL,102,145,-1.46875,-1.3109300136566162,0.3469400107860565,73.667236328125,12.225540161132812,18.964130401611328,4.207089900970459,41.20000076293945,158,1),(307,'2020-08-22 14:02:56','2020-08-22 14:02:56',NULL,102,145,-0.6510800123214722,-0.32387998700141907,0.7027699947357178,83.17250061035156,-18.829219818115234,-29.547340393066406,1.3172199726104736,47.79999923706055,158,1),(308,'2020-08-22 14:03:07','2020-08-22 14:03:07',NULL,102,145,0.8684399724006653,0.8257499933242798,1.000540018081665,0.6390699744224548,76.85333251953125,-52.37752151489258,3.4660799503326416,34.099998474121094,158,1),(309,'2020-08-22 14:03:17','2020-08-22 14:03:17',NULL,102,145,0.329010009765625,1.2490700483322144,1.1078499555587769,-18.901729583740234,-20.562789916992188,-10.184459686279297,0.6513800024986267,1.399999976158142,158,1),(310,'2020-08-22 14:03:27','2020-08-22 14:03:27',NULL,102,145,1.937999963760376,-0.03440000116825104,1.7674299478530884,-58.48638153076172,75.05545806884766,-26.19063949584961,2.5228800773620605,4,158,1),(311,'2020-08-22 14:03:37','2020-08-22 14:03:37',NULL,102,145,1.80649995803833,1.7929500341415405,0.4565899968147278,-69.63213348388672,-7.612929821014404,-8.092659950256348,1.3694100379943848,-2.299999952316284,158,1),(312,'2020-08-22 14:03:47','2020-08-22 14:03:47',NULL,102,145,0.955269992351532,0.43184998631477356,1.5669300556182861,23.954870223999023,-52.911109924316406,-36.75019836425781,3.1050400733947754,4.800000190734863,158,1),(313,'2020-08-22 14:03:57','2020-08-22 14:03:57',NULL,102,145,1.39096999168396,-0.2535000145435333,1.9044699668884277,64.66175079345703,17.218280792236328,-52.55738067626953,2.152750015258789,-2.5,158,1),(314,'2020-08-22 14:04:07','2020-08-22 14:04:07',NULL,102,145,0.2527100145816803,-1.759809970855713,0.5099400281906128,66.3505630493164,66.4691390991211,13.400409698486328,4.202539920806885,3,158,1),(315,'2020-08-22 14:04:17','2020-08-22 14:04:17',NULL,102,145,-0.9711300134658813,-0.27371999621391296,-0.20044000446796417,-48.09328079223633,-67.14630126953125,-34.72637939453125,4.047399997711182,22.100000381469727,158,1),(316,'2020-08-22 14:04:27','2020-08-22 14:04:27',NULL,102,145,0.8443499803543091,-0.8055400252342224,1.0259300470352173,-68.94583129882812,37.11859130859375,-88.43464660644531,2.34948992729187,50.79999923706055,158,1),(317,'2020-08-22 14:04:37','2020-08-22 14:04:37',NULL,102,145,0.8179600238800049,-1.1276600360870361,1.0594500303268433,76.17318725585938,-24.1825008392334,20.511550903320312,4.316939830780029,42,158,1),(318,'2020-08-22 14:04:47','2020-08-22 14:04:47',NULL,102,145,-1.5097099542617798,-0.5176500082015991,-0.5101400017738342,-78.76981353759766,16.15350914001465,-75.4091567993164,3.6452200412750244,49.5,158,1),(319,'2020-08-22 14:05:07','2020-08-22 14:05:07',NULL,102,145,-1.7388900518417358,0.7711399793624878,-1.6508599519729614,54.075260162353516,27.56406021118164,-44.88801956176758,0.5572199821472168,46.5,158,1),(320,'2020-08-22 14:05:19','2020-08-22 14:05:19',NULL,102,145,-1.6159700155258179,-0.5847100019454956,1.9533699750900269,19.11659049987793,-74.72846221923828,13.77871036529541,4.235960006713867,45.400001525878906,158,1),(321,'2020-08-22 14:05:27','2020-08-22 14:05:27',NULL,102,145,-0.3976700007915497,-0.19666999578475952,-1.2493799924850464,8.213820457458496,-23.098400115966797,56.21089172363281,2.9487600326538086,9.399999618530273,158,1),(322,'2020-08-22 14:05:37','2020-08-22 14:05:37',NULL,102,145,0.44317999482154846,1.8211599588394165,1.6627899408340454,-65.95136260986328,-84.2969970703125,80.1439437866211,3.557810068130493,8.100000381469727,158,1),(323,'2020-08-22 14:05:48','2020-08-22 14:05:48',NULL,102,145,1.8988800048828125,-1.5075700283050537,-0.3325299918651581,27.01272964477539,44.97951126098633,50.52954864501953,0.347460001707077,0.6000000238418579,158,1),(324,'2020-08-22 14:05:58','2020-08-22 14:05:58',NULL,102,145,-1.6532399654388428,-0.39733999967575073,1.1417200565338135,-34.65065002441406,-84.56568908691406,54.47330093383789,1.1626900434494019,10,158,1),(325,'2020-08-22 14:06:09','2020-08-22 14:06:09',NULL,102,145,0.5395299792289734,-1.4814000129699707,-0.4737899899482727,0.618690013885498,-1.800950050354004,-28.86224937438965,3.0351901054382324,11.399999618530273,158,1),(326,'2020-08-22 14:06:18','2020-08-22 14:06:18',NULL,102,145,1.6658899784088135,-0.7970600128173828,0.30967000126838684,46.856571197509766,54.544219970703125,-88.9549789428711,3.3856000900268555,46.599998474121094,158,1),(327,'2020-08-22 14:06:28','2020-08-22 14:06:28',NULL,102,145,-0.5186200141906738,-1.5756299495697021,-1.6663899421691895,40.570838928222656,45.116268157958984,-4.068480014801025,3.1986100673675537,44.400001525878906,158,1),(328,'2020-08-22 14:06:38','2020-08-22 14:06:38',NULL,102,145,-0.4902699887752533,0.16286000609397888,0.4174099862575531,62.229740142822266,43.4782600402832,9.102869987487793,1.0528899431228638,10,158,1),(329,'2020-08-22 14:06:48','2020-08-22 14:06:48',NULL,102,145,0.3142699897289276,1.2103500366210938,-1.6963200569152832,78.36984252929688,-47.77000045776367,49.97555160522461,1.4846099615097046,-0.30000001192092896,158,1),(330,'2020-08-22 14:06:58','2020-08-22 14:06:58',NULL,102,145,-0.16008000075817108,-1.033310055732727,-1.0760799646377563,75.76712036132812,-86.10089111328125,79.72087860107422,3.0253899097442627,36.20000076293945,158,1),(331,'2020-08-22 14:07:08','2020-08-22 14:07:08',NULL,102,145,1.825260043144226,0.4309299886226654,-1.0154199600219727,-36.19192886352539,-12.244649887084961,28.354419708251953,2.8099100589752197,15.199999809265137,158,1),(332,'2020-08-22 14:07:19','2020-08-22 14:07:19',NULL,102,145,-0.7149500250816345,-0.6121299862861633,0.8733100295066833,16.50444984436035,51.821441650390625,67.48634338378906,3.2186601161956787,5.400000095367432,158,1),(333,'2020-08-22 14:07:28','2020-08-22 14:07:28',NULL,102,145,-1.9369399547576904,-1.210010051727295,0.8856099843978882,-57.68663024902344,-76.62776184082031,-84.95330047607422,3.785360097885132,7.5,158,1),(334,'2020-08-22 14:07:39','2020-08-22 14:07:39',NULL,102,145,1.4551000595092773,1.3346400260925293,-1.2282099723815918,23.07159996032715,53.45697021484375,-57.52640914916992,4.0838398933410645,35.900001525878906,158,1),(335,'2020-08-22 14:07:48','2020-08-22 14:07:48',NULL,102,145,-1.0974899530410767,1.2365800142288208,1.6041699647903442,35.50143051147461,65.20559692382812,25.900829315185547,0.8238300085067749,32.099998474121094,158,1),(336,'2020-08-22 14:07:58','2020-08-22 14:07:58',NULL,102,145,1.75586998462677,0.19580000638961792,-1.0353399515151978,67.41742706298828,-0.632889986038208,-14.853830337524414,2.6344199180603027,28.399999618530273,158,1),(337,'2020-08-22 14:08:09','2020-08-22 14:08:09',NULL,102,145,-0.8909599781036377,0.5606600046157837,0.4526599943637848,-51.67781066894531,34.203128814697266,7.239109992980957,1.0432599782943726,26.399999618530273,158,1),(338,'2020-08-22 14:08:19','2020-08-22 14:08:19',NULL,102,145,-1.2964999675750732,0.6863700151443481,0.5132099986076355,11.213669776916504,68.33499908447266,28.133230209350586,3.864840030670166,44.5,158,1),(339,'2020-08-22 14:08:29','2020-08-22 14:08:29',NULL,102,145,1.9030699729919434,-0.5112400054931641,1.5855000019073486,-81.29109191894531,5.069819927215576,-69.22450256347656,0.18768000602722168,23.700000762939453,158,1),(340,'2020-08-22 14:08:39','2020-08-22 14:08:39',NULL,102,145,-0.2611599862575531,1.1933399438858032,0.571690022945404,27.85601043701172,7.011290073394775,16.16802978515625,3.423140048980713,13.600000381469727,158,1),(341,'2020-08-22 14:08:49','2020-08-22 14:08:49',NULL,102,145,1.0245200395584106,1.2797199487686157,1.6260299682617188,-39.38761901855469,3.1774299144744873,77.07951354980469,1.3564200401306152,42.400001525878906,158,1),(342,'2020-08-22 14:08:59','2020-08-22 14:08:59',NULL,102,145,-0.45802000164985657,0.6213200092315674,0.26427000761032104,35.00505828857422,-55.44525146484375,-47.77421188354492,4.383659839630127,4.699999809265137,158,1),(343,'2020-08-22 14:09:09','2020-08-22 14:09:09',NULL,102,145,-0.7027699947357178,-1.1796200275421143,1.7934800386428833,-17.544260025024414,-30.436689376831055,-82.59030151367188,2.987459897994995,42.400001525878906,158,1),(344,'2020-08-22 14:09:19','2020-08-22 14:09:19',NULL,102,145,0.8466299772262573,1.7382999658584595,-0.9379900097846985,83.04638671875,-63.93178176879883,-5.403900146484375,3.273789882659912,39.900001525878906,158,1),(345,'2020-08-22 14:09:29','2020-08-22 14:09:29',NULL,102,145,1.6934399604797363,0.22126999497413635,0.5299500226974487,83.3567123413086,30.529460906982422,50.511070251464844,0.8162000179290771,24.399999618530273,158,1),(346,'2020-08-22 14:09:39','2020-08-22 14:09:39',NULL,102,145,1.7546499967575073,1.02128005027771,-0.3402400016784668,35.8350715637207,-34.45343017578125,47.4859504699707,1.2565100193023682,37.29999923706055,158,1),(347,'2020-08-22 14:10:09','2020-08-22 14:10:09',NULL,102,145,-0.6261000037193298,0.23860999941825867,-1.1457699537277222,77.49015808105469,-59.95771026611328,49.43724060058594,1.465690016746521,-0.5,158,1),(348,'2020-08-22 14:10:20','2020-08-22 14:10:20',NULL,102,145,1.0154199600219727,-0.8871300220489502,-0.08437000215053558,83.21134185791016,-78.99922180175781,-51.154659271240234,3.894979953765869,33.099998474121094,158,1),(349,'2020-08-22 14:10:30','2020-08-22 14:10:30',NULL,102,145,-0.07540000230073929,0.5559700131416321,-1.9169700145721436,-82.20255279541016,-33.98461151123047,-15.131230354309082,3.2269399166107178,44.79999923706055,158,1),(350,'2020-08-22 14:10:40','2020-08-22 14:10:40',NULL,102,145,1.2424800395965576,-0.9678800106048584,-0.02483000047504902,-56.641998291015625,42.73889923095703,-43.06747817993164,1.6512399911880493,24.399999618530273,158,1),(351,'2020-08-22 14:10:50','2020-08-22 14:10:50',NULL,102,145,-1.2393800020217896,0.826770007610321,-0.08327999711036682,78.90699005126953,51.5334587097168,-17.05937957763672,0.18922999501228333,49.70000076293945,158,1),(352,'2020-08-22 14:11:00','2020-08-22 14:11:00',NULL,102,145,0.9504500031471252,-1.4699300527572632,1.8914999961853027,59.893531799316406,-60.89577102661133,-71.21563720703125,2.0349600315093994,37.5,158,1),(353,'2020-08-22 14:11:10','2020-08-22 14:11:10',NULL,102,145,1.0629099607467651,-1.2843799591064453,-0.18407000601291656,42.83810043334961,84.28707885742188,-64.04782104492188,3.397010087966919,18.700000762939453,158,1),(354,'2020-08-22 14:11:20','2020-08-22 14:11:20',NULL,102,145,0.2985000014305115,1.8145699501037598,1.132889986038208,-48.18632888793945,44.15201950073242,41.487998962402344,4.2639899253845215,35.20000076293945,158,1),(355,'2020-08-22 14:11:40','2020-08-22 14:11:40',NULL,102,145,1.200659990310669,0.37672001123428345,0.15318000316619873,58.09663009643555,-22.86393928527832,-74.93810272216797,1.5835399627685547,49.099998474121094,158,1),(356,'2020-08-22 14:11:50','2020-08-22 14:11:50',NULL,102,145,-1.469980001449585,1.5910999774932861,-0.7968599796295166,-69.58399200439453,-28.672260284423828,45.56095886230469,1.4232100248336792,24.299999237060547,158,1),(357,'2020-08-22 14:12:00','2020-08-22 14:12:00',NULL,102,145,-1.859760046005249,-1.663390040397644,-1.2313100099563599,-20.46211051940918,31.32377052307129,20.670679092407227,3.07000994682312,18,158,1),(358,'2020-08-22 14:12:10','2020-08-22 14:12:10',NULL,102,145,1.9900699853897095,-0.7206699848175049,-1.9569799900054932,-64.88694763183594,-53.333560943603516,26.219079971313477,3.214639902114868,1.2000000476837158,158,1),(359,'2020-08-22 14:12:20','2020-08-22 14:12:20',NULL,102,145,-0.5157300233840942,0.28898999094963074,-0.9648299813270569,51.20819854736328,-30.532550811767578,-76.49781036376953,0.09217999875545502,31.299999237060547,158,1),(360,'2020-08-22 14:12:31','2020-08-22 14:12:31',NULL,102,145,-1.8642699718475342,-0.31981000304222107,-0.5939300060272217,-49.54201889038086,50.157840728759766,-14.794870376586914,0.605239987373352,17.100000381469727,158,1),(361,'2020-08-22 14:12:41','2020-08-22 14:12:41',NULL,102,145,-0.702019989490509,1.6490099430084229,0.624809980392456,-87.00961303710938,9.504070281982422,-51.06343078613281,0.4134199917316437,27.600000381469727,158,1),(362,'2020-08-22 14:12:51','2020-08-22 14:12:51',NULL,102,145,-0.032010000199079514,0.9049000144004822,0.445279985666275,-25.2431697845459,63.27640914916992,-12.73447036743164,0.7170100212097168,12.600000381469727,158,1),(363,'2020-08-22 14:13:01','2020-08-22 14:13:01',NULL,102,145,-0.3407500088214874,-0.5020999908447266,-1.2968800067901611,21.663530349731445,-64.68785858154297,-61.71051025390625,0.2430099993944168,27.5,158,1),(364,'2020-08-22 14:13:11','2020-08-22 14:13:11',NULL,102,145,-0.6547899842262268,-1.158869981765747,1.4329500198364258,0.7297300100326538,-80.21637725830078,-3.4529500007629395,3.80076003074646,21.600000381469727,158,1),(365,'2020-08-22 14:13:21','2020-08-22 14:13:21',NULL,102,145,-0.5269700288772583,-0.0713300034403801,-1.69405996799469,67.15101623535156,22.037620544433594,13.288479804992676,3.8039300441741943,34.099998474121094,158,1),(366,'2020-08-22 14:13:31','2020-08-22 14:13:31',NULL,102,145,0.04758000001311302,-1.2513200044631958,0.3876799941062927,83.65422058105469,69.24182891845703,29.011869430541992,2.958750009536743,33.70000076293945,158,1),(367,'2020-08-22 14:13:41','2020-08-22 14:13:41',NULL,102,145,1.7858400344848633,1.8918399810791016,1.2163699865341187,21.73872947692871,-47.687110900878906,-88.23573303222656,3.210439920425415,39.099998474121094,158,1),(368,'2020-08-22 14:13:51','2020-08-22 14:13:51',NULL,102,145,-0.6584500074386597,1.3551700115203857,-1.798699975013733,64.03604888916016,46.08367919921875,-67.45256042480469,2.314919948577881,25.100000381469727,158,1),(369,'2020-08-22 14:14:01','2020-08-22 14:14:01',NULL,102,145,-0.39980000257492065,-0.4589200019836426,1.3416999578475952,12.003299713134766,-10.213760375976562,-49.918479919433594,1.3899500370025635,23.100000381469727,158,1),(370,'2020-08-22 14:14:11','2020-08-22 14:14:11',NULL,102,145,-1.9556900262832642,1.4517899751663208,-1.7341699600219727,58.36933135986328,-6.354730129241943,-24.5852108001709,2.2031400203704834,38.70000076293945,158,1),(371,'2020-08-22 14:14:21','2020-08-22 14:14:21',NULL,102,145,-1.8109300136566162,-0.920989990234375,0.5904300212860107,-74.23355865478516,49.629478454589844,-36.95396041870117,2.022900104522705,-2.799999952316284,158,1),(372,'2020-08-22 14:14:31','2020-08-22 14:14:31',NULL,102,145,-0.9117699861526489,0.9889900088310242,0.6004400253295898,-39.56343078613281,71.76094818115234,15.911760330200195,0.5669500231742859,45,158,1),(373,'2020-08-22 14:14:43','2020-08-22 14:14:43',NULL,102,145,1.910330057144165,-1.8971799612045288,-0.7508699893951416,28.633909225463867,73.79118347167969,-8.700819969177246,0.04165999963879585,-0.699999988079071,158,1),(374,'2020-08-22 14:14:51','2020-08-22 14:14:51',NULL,102,145,-1.4147100448608398,-1.3278700113296509,0.47839999198913574,-7.557310104370117,-78.6220474243164,57.28041076660156,3.862529993057251,49.900001525878906,158,1),(375,'2020-08-22 14:15:01','2020-08-22 14:15:01',NULL,102,145,1.5212199687957764,-0.5499899983406067,-1.1405099630355835,14.16886043548584,7.111830234527588,-7.33144998550415,3.9933700561523438,5.199999809265137,158,1),(376,'2020-08-22 14:15:11','2020-08-22 14:15:11',NULL,102,145,-0.6083999872207642,-1.9427299499511719,1.554010033607483,65.44278717041016,51.071380615234375,-25.84889030456543,2.743680000305176,46.099998474121094,158,1),(377,'2020-08-22 14:15:21','2020-08-22 14:15:21',NULL,102,145,-0.0072200000286102295,-0.4559299945831299,1.5951999425888062,-77.70005798339844,-75.62648010253906,-13.802180290222168,3.060159921646118,47,158,1),(378,'2020-08-22 14:15:32','2020-08-22 14:15:32',NULL,102,145,1.1717699766159058,-1.8532099723815918,-0.5104100108146667,-11.64225959777832,-86.93946075439453,7.076079845428467,4.207479953765869,-1,158,1),(379,'2020-08-22 14:15:42','2020-08-22 14:15:42',NULL,102,145,0.8243399858474731,1.2402399778366089,-1.8610700368881226,-25.645410537719727,53.372501373291016,-15.131770133972168,1.7203500270843506,41.5,158,1),(380,'2020-08-22 14:16:13','2020-08-22 14:16:13',NULL,102,145,0.2416599988937378,-1.2453999519348145,-0.10831999778747559,43.92061996459961,-88.4524917602539,72.28836059570312,3.8531100749969482,25.5,158,1),(381,'2020-08-22 14:16:42','2020-08-22 14:16:42',NULL,102,145,0.9996799826622009,-1.2711600065231323,0.49573999643325806,-31.439149856567383,-73.87605285644531,46.47431945800781,0.08742000162601471,2.4000000953674316,158,1),(382,'2020-08-22 14:17:02','2020-08-22 14:17:02',NULL,102,145,-0.16440999507904053,-0.3806700110435486,0.9712799787521362,33.150081634521484,31.076099395751953,-39.93772888183594,2.432569980621338,4.400000095367432,158,1),(383,'2020-08-22 14:17:12','2020-08-22 14:17:12',NULL,102,145,-1.3384499549865723,1.5477399826049805,-1.1954900026321411,-30.73246955871582,49.25156021118164,2.531599998474121,3.3532800674438477,21.299999237060547,158,1),(384,'2020-08-22 14:17:22','2020-08-22 14:17:22',NULL,102,145,0.45794999599456787,1.463230013847351,-1.0037200450897217,6.035560131072998,-19.037410736083984,-53.495079040527344,1.3705500364303589,4.199999809265137,158,1),(385,'2020-08-22 14:17:32','2020-08-22 14:17:32',NULL,102,145,-1.358530044555664,-1.0314600467681885,-1.74714994430542,19.00602912902832,-27.312509536743164,64.76567840576172,1.0519800186157227,25.399999618530273,158,1),(386,'2020-08-22 14:17:43','2020-08-22 14:17:43',NULL,102,145,-1.8608100414276123,-0.5342299938201904,-0.2766900062561035,-26.825260162353516,-69.61656188964844,-75.38407897949219,2.6420300006866455,22.700000762939453,158,1),(387,'2020-08-22 14:17:54','2020-08-22 14:17:54',NULL,102,145,-1.6991599798202515,1.6475900411605835,-1.9144500494003296,43.36920166015625,58.305049896240234,-39.2918701171875,2.756510019302368,25.399999618530273,158,1),(388,'2020-08-22 14:18:03','2020-08-22 14:18:03',NULL,102,145,0.8811900019645691,1.183840036392212,1.952589988708496,-80.7771987915039,39.88330841064453,-73.48161315917969,1.584380030632019,51.400001525878906,158,1),(389,'2020-08-22 14:18:13','2020-08-22 14:18:13',NULL,102,145,0.09291999787092209,-0.3965499997138977,0.5992400050163269,78.63990783691406,47.06169891357422,-13.192150115966797,4.298419952392578,35.400001525878906,158,1),(390,'2020-08-22 14:18:23','2020-08-22 14:18:23',NULL,102,145,-0.2703000009059906,-0.6283699870109558,-1.9910399913787842,-8.10906982421875,-37.63225173950195,-23.299230575561523,4.376530170440674,-1.100000023841858,158,1),(391,'2020-08-22 14:18:33','2020-08-22 14:18:33',NULL,102,145,0.3596000075340271,0.16237999498844147,1.241170048713684,-69.00005340576172,-40.132591247558594,-39.889869689941406,1.381160020828247,22.100000381469727,158,1),(392,'2020-08-22 14:18:43','2020-08-22 14:18:43',NULL,102,145,-0.4111500084400177,1.3263700008392334,-1.8812199831008911,4.9234299659729,23.340940475463867,-38.98973083496094,0.6492900252342224,12.5,158,1),(393,'2020-08-22 14:18:53','2020-08-22 14:18:53',NULL,102,145,0.39583998918533325,1.554029941558838,1.2360999584197998,22.824979782104492,4.940720081329346,81.74146270751953,0.48315000534057617,29.299999237060547,158,1),(394,'2020-08-22 14:19:03','2020-08-22 14:19:03',NULL,102,145,0.5355299711227417,-1.2659599781036377,1.2869700193405151,-22.50765037536621,-64.12151336669922,-4.5924201011657715,1.5007100105285645,23.899999618530273,158,1),(395,'2020-08-22 14:19:14','2020-08-22 14:19:14',NULL,102,145,-1.9859000444412231,-0.9928699731826782,-1.2867000102996826,1.7934399843215942,-21.304670333862305,73.03170013427734,1.2508599758148193,25.5,158,1),(396,'2020-08-22 14:19:23','2020-08-22 14:19:23',NULL,102,145,-0.36608999967575073,0.015080000273883343,0.6738700270652771,-20.707000732421875,27.822559356689453,-47.15803909301758,4.280159950256348,11.399999618530273,158,1),(397,'2020-08-22 14:19:53','2020-08-22 14:19:53',NULL,102,145,0.7209600210189819,-1.917680025100708,1.4156800508499146,-3.582050085067749,29.54737091064453,-73.53511810302734,2.409899950027466,41.900001525878906,158,1),(398,'2020-08-22 14:20:03','2020-08-22 14:20:03',NULL,102,145,-0.13460999727249146,-0.8746500015258789,-0.715690016746521,58.28179931640625,-62.809120178222656,35.52915954589844,3.931610107421875,10.5,158,1),(399,'2020-08-22 14:20:13','2020-08-22 14:20:13',NULL,102,145,-0.8977800011634827,1.0186799764633179,0.5644000172615051,28.55367088317871,23.236270904541016,65.54702758789062,0.6567800045013428,49.900001525878906,158,1),(400,'2020-08-22 14:20:24','2020-08-22 14:20:24',NULL,102,145,-0.6068599820137024,1.5789799690246582,-1.0015300512313843,-81.8036117553711,-48.03839874267578,34.84944152832031,0.009970000013709068,41.599998474121094,158,1),(401,'2020-08-22 14:20:34','2020-08-22 14:20:34',NULL,102,145,-1.7202800512313843,0.3364199995994568,0.7963600158691406,53.350860595703125,-54.31782150268555,-43.046958923339844,2.993079900741577,42.900001525878906,158,1),(402,'2020-08-22 14:20:44','2020-08-22 14:20:44',NULL,102,145,-1.0091899633407593,1.3461600542068481,0.1665000021457672,52.446659088134766,-67.07299041748047,43.71297836303711,1.4646199941635132,37.900001525878906,158,1),(403,'2020-08-22 14:21:04','2020-08-22 14:21:04',NULL,102,145,1.375599980354309,-0.7949299812316895,-1.1196399927139282,79.8082275390625,-61.6617317199707,5.039070129394531,2.898430109024048,43.400001525878906,158,1),(404,'2020-08-22 14:21:14','2020-08-22 14:21:14',NULL,102,145,0.8953099846839905,0.8283699750900269,-1.0998300313949585,4.936520099639893,29.35045051574707,-84.91934967041016,3.7677600383758545,8.800000190734863,158,1),(405,'2020-08-22 14:21:24','2020-08-22 14:21:24',NULL,102,145,1.638700008392334,-0.7574300169944763,-1.8507800102233887,-89.26535034179688,-82.35578918457031,83.7765884399414,0.27215999364852905,48,158,1),(406,'2020-08-22 14:21:34','2020-08-22 14:21:34',NULL,102,145,1.3443700075149536,0.13770000636577606,-1.9904099702835083,-15.250280380249023,-30.540210723876953,55.062049865722656,0.2773999869823456,14.899999618530273,158,1),(407,'2020-08-22 14:21:44','2020-08-22 14:21:44',NULL,102,145,-1.4402899742126465,-1.300130009651184,0.7763800024986267,5.007500171661377,49.8494987487793,56.26087951660156,2.0869998931884766,33.599998474121094,158,1),(408,'2020-08-22 14:21:54','2020-08-22 14:21:54',NULL,102,145,-0.7594500184059143,-0.2099200040102005,0.43125998973846436,-51.9971809387207,-47.93125915527344,-67.50302124023438,3.731559991836548,28.600000381469727,158,1),(409,'2020-08-22 14:22:04','2020-08-22 14:22:04',NULL,102,145,-1.5788700580596924,-1.6817400455474854,0.7362300157546997,-44.31045913696289,-28.334989547729492,17.732749938964844,3.11296010017395,5.699999809265137,158,1),(410,'2020-08-22 14:22:14','2020-08-22 14:22:14',NULL,102,145,-0.045570001006126404,0.8127099871635437,1.6477400064468384,-23.24410057067871,-85.3270263671875,18.13521957397461,1.301759958267212,22.299999237060547,158,1),(411,'2020-08-22 14:22:24','2020-08-22 14:22:24',NULL,102,145,-0.6772400140762329,1.184790015220642,1.0511800050735474,28.041719436645508,-85.8577880859375,-87.43232727050781,1.1615500450134277,11.5,158,1),(412,'2020-08-22 14:22:34','2020-08-22 14:22:34',NULL,102,145,0.5186700224876404,-0.3110699951648712,-1.1844199895858765,-71.00511932373047,-50.90092086791992,-21.029150009155273,0.18226000666618347,33.70000076293945,158,1),(413,'2020-08-22 14:22:44','2020-08-22 14:22:44',NULL,102,145,1.9961899518966675,-1.9220099449157715,-1.8313299417495728,-8.320090293884277,-35.63539123535156,47.25682067871094,3.2371599674224854,1.100000023841858,158,1),(414,'2020-08-22 14:22:55','2020-08-22 14:22:55',NULL,102,145,-1.3075900077819824,1.9538899660110474,-0.607699990272522,-77.31655883789062,-5.801919937133789,-69.19718933105469,0.47991999983787537,4.400000095367432,158,1),(415,'2020-08-22 14:23:05','2020-08-22 14:23:05',NULL,102,145,1.1192599534988403,-0.6864200234413147,-1.161929965019226,8.796150207519531,28.14645004272461,23.606189727783203,0.9424899816513062,0.6000000238418579,158,1),(416,'2020-08-22 14:23:15','2020-08-22 14:23:15',NULL,102,145,-1.4742300510406494,0.2902800142765045,-1.7366299629211426,71.8501968383789,-65.61475372314453,17.098560333251953,2.2040998935699463,16.899999618530273,158,1),(417,'2020-08-22 14:23:25','2020-08-22 14:23:25',NULL,102,145,1.1304899454116821,-0.9098700284957886,1.4876500368118286,-84.23500061035156,-56.33396911621094,63.41025924682617,2.3447000980377197,8.5,158,1),(418,'2020-08-22 14:23:35','2020-08-22 14:23:35',NULL,102,145,0.4242999851703644,1.124019980430603,1.3690999746322632,-28.881689071655273,50.36069869995117,4.628280162811279,1.635200023651123,18,158,1),(419,'2020-08-22 14:23:45','2020-08-22 14:23:45',NULL,102,145,0.5435299873352051,0.33483999967575073,-1.898460030555725,24.158130645751953,14.361709594726562,2.0249199867248535,1.7906899452209473,-2,158,1),(420,'2020-08-22 14:23:55','2020-08-22 14:23:55',NULL,102,145,1.713379979133606,1.7199699878692627,1.8316700458526611,-72.27790069580078,24.21198081970215,-44.2342414855957,3.904789924621582,52.29999923706055,158,1),(421,'2020-08-22 14:24:05','2020-08-22 14:24:05',NULL,102,145,0.761650025844574,-1.950850009918213,-1.4033299684524536,-20.26612091064453,55.960880279541016,-51.070980072021484,3.947000026702881,32.5,158,1),(422,'2020-08-22 14:24:15','2020-08-22 14:24:15',NULL,102,145,1.7027499675750732,1.777609944343567,0.5820299983024597,-83.91143035888672,0.5811700224876404,-88.67073822021484,2.5936200618743896,20.899999618530273,158,1),(423,'2020-08-22 14:24:25','2020-08-22 14:24:25',NULL,102,145,1.3921400308609009,1.1545300483703613,1.6997499465942383,-27.347749710083008,56.83177185058594,12.491479873657227,3.6774001121520996,1.5,158,1),(424,'2020-08-22 14:24:35','2020-08-22 14:24:35',NULL,102,145,1.2509000301361084,1.5267900228500366,-0.5131499767303467,-1.838670015335083,-79.530517578125,6.101480007171631,2.3740100860595703,37.70000076293945,158,1),(425,'2020-08-22 14:24:46','2020-08-22 14:24:46',NULL,102,145,0.06080999970436096,-1.1618900299072266,0.324180006980896,32.497711181640625,-30.37689971923828,14.67611026763916,0.02044999971985817,17.799999237060547,158,1),(426,'2020-08-22 14:24:55','2020-08-22 14:24:55',NULL,102,145,-1.1704399585723877,0.32339000701904297,-1.0244799852371216,49.425559997558594,12.207059860229492,-2.618269920349121,1.9620000123977661,34.29999923706055,158,1),(427,'2020-08-22 14:25:05','2020-08-22 14:25:05',NULL,102,145,0.726419985294342,-0.6015499830245972,1.4470399618148804,37.725711822509766,16.0810604095459,-26.16427993774414,1.7819299697875977,46.29999923706055,158,1),(428,'2020-08-22 14:25:26','2020-08-22 14:25:26',NULL,102,145,-1.5048600435256958,1.5911699533462524,-1.5139600038528442,50.457088470458984,-78.09195709228516,-66.54357147216797,0.14511999487876892,43.5,158,1),(429,'2020-08-22 14:25:56','2020-08-22 14:25:56',NULL,102,145,0.01776999980211258,-0.043060000985860825,1.844730019569397,3.4260900020599365,16.050399780273438,9.414420127868652,0.013700000010430813,5.900000095367432,158,1),(430,'2020-08-22 14:27:17','2020-08-22 14:27:17',NULL,102,145,0.9145600199699402,0.8056600093841553,1.628849983215332,7.459670066833496,-11.160550117492676,8.769559860229492,0.5932000279426575,38.400001525878906,158,1),(431,'2020-08-22 14:27:27','2020-08-22 14:27:27',NULL,102,145,-0.9663299918174744,1.0556000471115112,1.8603500127792358,-9.183420181274414,30.95509910583496,81.3311767578125,1.5468000173568726,13.699999809265137,158,1),(432,'2020-08-22 14:27:36','2020-08-22 14:27:36',NULL,102,145,0.5762799978256226,0.500789999961853,1.6632399559020996,-9.842399597167969,-48.852508544921875,-31.388050079345703,2.565000057220459,0.4000000059604645,158,1),(433,'2020-08-22 14:27:46','2020-08-22 14:27:46',NULL,102,145,-0.08577000349760056,1.827139973640442,1.1801300048828125,8.235600471496582,-41.962440490722656,17.863920211791992,2.5025999546051025,12.300000190734863,158,1),(434,'2020-08-22 14:27:56','2020-08-22 14:27:56',NULL,102,145,1.244070053100586,1.9093300104141235,-0.5857899785041809,67.81233215332031,-11.576640129089355,9.861749649047852,3.787209987640381,14.100000381469727,158,1),(435,'2020-08-22 14:28:07','2020-08-22 14:28:07',NULL,102,145,0.7882900238037109,1.2161799669265747,-0.1456499993801117,58.11037826538086,70.27023315429688,50.27540969848633,3.0950798988342285,35.400001525878906,158,1),(436,'2020-08-22 14:28:17','2020-08-22 14:28:17',NULL,102,145,1.066849946975708,-1.5887199640274048,-1.5795400142669678,47.118499755859375,-48.3756103515625,23.44322967529297,3.068660020828247,38.599998474121094,158,1),(437,'2020-08-22 14:28:27','2020-08-22 14:28:27',NULL,102,145,0.23905999958515167,1.1489200592041016,-1.2708200216293335,-47.103431701660156,68.28489685058594,57.03997039794922,3.7086899280548096,20.5,158,1),(438,'2020-08-22 14:28:37','2020-08-22 14:28:37',NULL,102,145,1.5157500505447388,-1.9345799684524536,-0.3201200067996979,16.144039154052734,19.849449157714844,-88.61173248291016,3.6277101039886475,25.799999237060547,158,1),(439,'2020-08-22 14:28:47','2020-08-22 14:28:47',NULL,102,145,-0.3582800030708313,0.9656699895858765,0.3609499931335449,-79.30146789550781,7.9039201736450195,-43.42951965332031,1.1026300191879272,38.70000076293945,158,1),(440,'2020-08-22 14:28:57','2020-08-22 14:28:57',NULL,102,145,-0.5514299869537354,-1.7949700355529785,1.2764699459075928,-50.39265823364258,10.664790153503418,-25.96133041381836,2.7526800632476807,23.700000762939453,158,1),(441,'2020-08-22 14:29:07','2020-08-22 14:29:07',NULL,102,145,1.477810025215149,-1.733430027961731,-1.106909990310669,-42.688148498535156,81.71733093261719,42.43196105957031,2.947550058364868,3,158,1),(442,'2020-08-22 14:29:17','2020-08-22 14:29:17',NULL,102,145,1.6742500066757202,-1.4664499759674072,0.5073300004005432,-65.33663177490234,48.841270446777344,79.7093505859375,2.145829916000366,5.699999809265137,158,1),(443,'2020-08-22 14:29:27','2020-08-22 14:29:27',NULL,102,145,0.1497499942779541,-1.7426899671554565,-1.5669100284576416,-26.811960220336914,68.60405731201172,-33.147789001464844,0.43584001064300537,-2.0999999046325684,158,1),(444,'2020-08-22 14:29:37','2020-08-22 14:29:37',NULL,102,145,-1.9827200174331665,-1.2796599864959717,0.5095700025558472,-69.53038787841797,30.96891975402832,31.766010284423828,0.9378100037574768,26.200000762939453,158,1),(445,'2020-08-22 14:29:47','2020-08-22 14:29:47',NULL,102,145,-0.704770028591156,-0.40518999099731445,1.9294400215148926,10.835379600524902,-5.916200160980225,-45.28984832763672,1.8248800039291382,15.800000190734863,158,1),(446,'2020-08-22 14:29:57','2020-08-22 14:29:57',NULL,102,145,0.8821600079536438,0.4963200092315674,-0.6126899719238281,54.34592056274414,5.741360187530518,-87.7759780883789,0.44152000546455383,37.099998474121094,158,1),(447,'2020-08-22 14:30:07','2020-08-22 14:30:07',NULL,102,145,1.6017099618911743,0.73294997215271,0.5486000180244446,-71.08247375488281,2.45497989654541,75.49919128417969,3.9293200969696045,12.100000381469727,158,1),(448,'2020-08-22 14:30:17','2020-08-22 14:30:17',NULL,102,145,1.3179099559783936,-1.7502800226211548,-0.1613900065422058,-81.27631378173828,-72.97689819335938,53.04206085205078,2.756730079650879,31.899999618530273,158,1),(449,'2020-08-22 14:30:28','2020-08-22 14:30:28',NULL,102,145,-0.8791700005531311,0.7682499885559082,1.5519700050354004,-38.22724151611328,-62.87411880493164,-38.613868713378906,4.421689987182617,27,158,1),(450,'2020-08-22 14:30:38','2020-08-22 14:30:38',NULL,102,145,-0.4175499975681305,0.12178000062704086,1.2824100255966187,-69.75550842285156,54.25864028930664,58.20481872558594,3.2255399227142334,32.900001525878906,158,1),(451,'2020-08-22 14:30:48','2020-08-22 14:30:48',NULL,102,145,0.08291000127792358,-1.2144399881362915,-1.3272099494934082,-59.353458404541016,-56.053199768066406,-8.98738956451416,3.5115599632263184,22.700000762939453,158,1),(452,'2020-08-22 14:30:58','2020-08-22 14:30:58',NULL,102,145,0.20708000659942627,-0.39757001399993896,-1.5145000219345093,-64.23583221435547,-79.32012176513672,16.034379959106445,1.3354099988937378,9.100000381469727,158,1),(453,'2020-08-22 14:31:08','2020-08-22 14:31:08',NULL,102,145,-1.7886199951171875,1.7038099765777588,-1.0068700313568115,-59.582618713378906,-35.665489196777344,21.448049545288086,1.7117199897766113,24.200000762939453,158,1),(454,'2020-08-22 14:31:18','2020-08-22 14:31:18',NULL,102,145,1.560960054397583,1.6259900331497192,0.6894800066947937,-21.912939071655273,-38.68347930908203,51.22105026245117,3.23688006401062,26,158,1),(455,'2020-08-22 14:31:28','2020-08-22 14:31:28',NULL,102,145,0.5372200012207031,-1.3783199787139893,0.3208500146865845,-22.88813018798828,76.9844970703125,68.87581634521484,0.3993600010871887,40.5,158,1),(456,'2020-08-22 14:31:38','2020-08-22 14:31:38',NULL,102,145,-0.0844699963927269,-0.8330900073051453,-0.7623100280761719,-85.34042358398438,-21.91179084777832,-12.460410118103027,2.4597198963165283,48.29999923706055,158,1),(457,'2020-08-22 14:31:48','2020-08-22 14:31:48',NULL,102,145,-0.2865700125694275,1.663290023803711,-0.9334700107574463,-63.147220611572266,11.120010375976562,13.235759735107422,0.700190007686615,2.9000000953674316,158,1),(458,'2020-08-22 14:31:58','2020-08-22 14:31:58',NULL,102,145,-1.991029977798462,0.33546000719070435,1.7022000551223755,72.68142700195312,-57.29413986206055,20.15011978149414,1.4372400045394897,-1.2999999523162842,158,1),(459,'2020-08-22 14:32:08','2020-08-22 14:32:08',NULL,102,145,-1.1705100536346436,-0.6760500073432922,-1.3795700073242188,-62.51375961303711,18.152420043945312,70.95594787597656,0.6955900192260742,15.100000381469727,158,1),(460,'2020-08-22 14:32:18','2020-08-22 14:32:18',NULL,102,145,-1.8893400430679321,1.9733799695968628,-1.489300012588501,-64.64118957519531,-69.13958740234375,22.779539108276367,0.048590000718832016,32.599998474121094,158,1),(461,'2020-08-22 14:32:28','2020-08-22 14:32:28',NULL,102,145,0.7257999777793884,0.3158299922943115,0.22945000231266022,22.742700576782227,-77.93579864501953,76.97846984863281,2.1329801082611084,18.200000762939453,158,1),(462,'2020-08-22 14:32:38','2020-08-22 14:32:38',NULL,102,145,1.5856200456619263,-0.25033000111579895,0.07353000342845917,-2.215869903564453,59.765869140625,52.31734848022461,2.608750104904175,5.699999809265137,158,1),(463,'2020-08-22 14:32:49','2020-08-22 14:32:49',NULL,102,145,1.8081400394439697,-0.08636000007390976,0.37408000230789185,20.748830795288086,64.85948944091797,-22.384239196777344,4.2787699699401855,13.100000381469727,158,1),(464,'2020-08-22 14:32:59','2020-08-22 14:32:59',NULL,102,145,0.9589999914169312,-1.2437700033187866,0.41058000922203064,-63.342430114746094,66.81330108642578,-1.8845200538635254,0.820580005645752,46.70000076293945,158,1),(465,'2020-08-22 14:33:09','2020-08-22 14:33:09',NULL,102,145,0.36208999156951904,-1.1995999813079834,0.6453499794006348,49.881141662597656,41.66154098510742,71.84950256347656,0.5665199756622314,14.600000381469727,158,1),(466,'2020-08-22 14:33:19','2020-08-22 14:33:19',NULL,102,145,-1.5195300579071045,-1.3964099884033203,-0.7217400074005127,-10.11575984954834,18.557260513305664,53.04302978515625,2.007469892501831,51.900001525878906,158,1),(467,'2020-08-22 14:33:29','2020-08-22 14:33:29',NULL,102,145,-0.6324399709701538,0.41308000683784485,-1.8782099485397339,61.9923095703125,-11.718299865722656,75.33960723876953,0.4007300138473511,8.600000381469727,158,1),(468,'2020-08-22 14:33:39','2020-08-22 14:33:39',NULL,102,145,1.188730001449585,1.016610026359558,0.7964400053024292,-75.42796325683594,57.07490921020508,-59.8306884765625,2.0031299591064453,48.20000076293945,158,1),(469,'2020-08-22 14:33:49','2020-08-22 14:33:49',NULL,102,145,-0.18684999644756317,-1.2116600275039673,-1.7536200284957886,-87.7684326171875,-32.9874382019043,25.835220336914062,2.326230049133301,4.800000190734863,158,1),(470,'2020-08-22 14:34:19','2020-08-22 14:34:19',NULL,102,145,-1.8478000164031982,-1.9151300191879272,1.342960000038147,-60.7829704284668,-77.51496124267578,-47.54737854003906,0.34665998816490173,14.199999809265137,158,1),(471,'2020-08-22 14:34:29','2020-08-22 14:34:29',NULL,102,145,0.4096199870109558,1.5458400249481201,-1.2041399478912354,-71.28614807128906,-43.03413009643555,62.364009857177734,0.9796299934387207,49.900001525878906,158,1),(472,'2020-08-22 14:35:05','2020-08-22 14:35:05',NULL,102,145,-0.11163999885320663,0.18310999870300293,1.6028399467468262,35.10068893432617,-73.316650390625,74.91365051269531,3.374840021133423,9.5,158,1),(473,'2020-08-22 14:35:09','2020-08-22 14:35:09',NULL,102,145,-0.3156000077724457,0.996429979801178,1.9507700204849243,-8.318460464477539,-60.27676010131836,-35.30765151977539,4.239009857177734,33.599998474121094,158,1),(474,'2020-08-22 14:35:50','2020-08-22 14:35:50',NULL,102,145,-0.5648400187492371,-1.2165299654006958,1.3242900371551514,-77.12397003173828,76.74806213378906,68.51515197753906,0.490339994430542,-0.20000000298023224,158,1),(475,'2020-08-22 14:36:21','2020-08-22 14:36:21',NULL,102,145,1.6429200172424316,1.1914399862289429,-0.7611899971961975,52.02922058105469,73.4000473022461,65.53560638427734,2.769979953765869,46.400001525878906,158,1),(476,'2020-08-22 14:36:30','2020-08-22 14:36:30',NULL,102,145,1.7868399620056152,1.3327200412750244,-1.4517300128936768,-9.622540473937988,-28.383520126342773,-85.96395874023438,3.584480047225952,21.899999618530273,158,1),(477,'2020-08-22 14:36:40','2020-08-22 14:36:40',NULL,102,145,0.36447998881340027,0.5507100224494934,1.8209600448608398,83.35563659667969,-6.20136022567749,72.494873046875,0.2923400104045868,21.399999618530273,158,1),(478,'2020-08-22 14:36:50','2020-08-22 14:36:50',NULL,102,145,1.277250051498413,0.29065999388694763,1.165869951248169,42.58055114746094,68.81403350830078,1.8835699558258057,3.3362998962402344,42.400001525878906,158,1),(479,'2020-08-22 14:37:00','2020-08-22 14:37:00',NULL,102,145,-0.26499998569488525,0.5668299794197083,-0.32690998911857605,84.04012298583984,55.84019088745117,-11.997570037841797,1.5972399711608887,49.400001525878906,158,1),(480,'2020-08-22 14:37:11','2020-08-22 14:37:11',NULL,102,145,1.2541600465774536,-1.085279941558838,-0.6642699837684631,57.082088470458984,-1.3389400243759155,50.893470764160156,3.7135400772094727,16.399999618530273,158,1),(481,'2020-08-22 14:37:31','2020-08-22 14:37:31',NULL,102,145,0.5561699867248535,0.6544399857521057,-0.6113399863243103,32.37675094604492,47.83367156982422,-27.145570755004883,3.5783700942993164,32,158,1),(482,'2020-08-22 14:37:50','2020-08-22 14:37:50',NULL,102,145,0.8040900230407715,-1.2925699949264526,1.543370008468628,-63.343589782714844,-65.08355712890625,32.82704162597656,3.2578699588775635,16.899999618530273,158,1),(483,'2020-08-22 14:38:01','2020-08-22 14:38:01',NULL,102,145,-0.1660500019788742,0.9542700052261353,1.380660057067871,-61.37002944946289,-58.028629302978516,60.80900955200195,3.13782000541687,27.799999237060547,158,1),(484,'2020-08-22 14:38:11','2020-08-22 14:38:11',NULL,102,145,0.2153400033712387,0.3651599884033203,1.283400058746338,-71.43479919433594,64.43035125732422,-80.13896179199219,2.8691399097442627,32.20000076293945,158,1),(485,'2020-08-22 14:38:21','2020-08-22 14:38:21',NULL,102,145,-0.5359799861907959,0.19243000447750092,0.2863599956035614,-61.58068084716797,10.493550300598145,65.95191955566406,3.7180099487304688,1.5,158,1),(486,'2020-08-22 14:38:31','2020-08-22 14:38:31',NULL,102,145,1.9184099435806274,1.8586000204086304,1.2340699434280396,-89.5119400024414,60.6840705871582,75.02310943603516,3.4395499229431152,43.900001525878906,158,1),(487,'2020-08-22 14:38:41','2020-08-22 14:38:41',NULL,102,145,-1.6294499635696411,0.6663699746131897,-0.4144200086593628,54.047950744628906,-52.14662170410156,-24.207380294799805,3.365999937057495,0.800000011920929,158,1),(488,'2020-08-22 14:38:51','2020-08-22 14:38:51',NULL,102,145,-1.2326699495315552,-0.29603999853134155,-0.4605199992656708,51.17490005493164,55.34299087524414,30.919950485229492,4.113790035247803,-1.2000000476837158,158,1),(489,'2020-08-22 14:39:01','2020-08-22 14:39:01',NULL,102,145,-1.0179799795150757,-1.0542199611663818,0.4793500006198883,-77.52374267578125,-77.72618103027344,6.30355978012085,4.4436798095703125,18.5,158,1),(490,'2020-08-22 14:39:21','2020-08-22 14:39:21',NULL,102,145,-0.8884099721908569,-0.6583499908447266,-0.3095700144767761,72.90370178222656,1.2135599851608276,16.032859802246094,2.6120500564575195,20.299999237060547,158,1),(491,'2020-08-22 14:39:31','2020-08-22 14:39:31',NULL,102,145,0.33324000239372253,1.5155800580978394,1.146239995956421,58.25257110595703,-55.32545852661133,45.9156494140625,0.21975000202655792,47,158,1),(492,'2020-08-22 14:39:41','2020-08-22 14:39:41',NULL,102,145,0.021609999239444733,0.5019500255584717,1.0901700258255005,83.07401275634766,11.765609741210938,54.3034782409668,3.3244099617004395,33,158,1),(493,'2020-08-22 14:39:51','2020-08-22 14:39:51',NULL,102,145,-0.2839600145816803,-0.9483100175857544,-1.277940034866333,-14.834839820861816,12.898229598999023,43.033668518066406,2.9948699474334717,25.799999237060547,158,1),(494,'2020-08-22 14:40:01','2020-08-22 14:40:01',NULL,102,145,-1.0119400024414062,-1.4926700592041016,-0.17449000477790833,66.2035903930664,48.39765167236328,54.11637878417969,0.8653900027275085,20.5,158,1),(495,'2020-08-22 14:40:11','2020-08-22 14:40:11',NULL,102,145,-1.2948100566864014,-1.729159951210022,-0.5445700287818909,79.96833801269531,-47.1114616394043,-65.45165252685547,0.9994000196456909,42.70000076293945,158,1),(496,'2020-08-22 14:40:21','2020-08-22 14:40:21',NULL,102,145,0.3649500012397766,-1.5331799983978271,0.945930004119873,-25.610410690307617,58.314208984375,11.398380279541016,2.6703898906707764,0.30000001192092896,158,1),(497,'2020-08-22 14:40:32','2020-08-22 14:40:32',NULL,102,145,0.499210000038147,-1.1991000175476074,0.23847000300884247,19.430770874023438,-44.97121810913086,81.08969116210938,1.8861299753189087,-0.30000001192092896,158,1),(498,'2020-08-22 14:40:42','2020-08-22 14:40:42',NULL,102,145,-0.851140022277832,0.6135600209236145,-1.469599962234497,-61.56454849243164,20.495010375976562,-47.058250427246094,0.538349986076355,42.599998474121094,158,1),(499,'2020-08-22 14:40:52','2020-08-22 14:40:52',NULL,102,145,-0.5911800265312195,-0.8708199858665466,0.2437400072813034,81.7556381225586,20.322879791259766,-2.623610019683838,4.171050071716309,20.299999237060547,158,1),(500,'2020-08-22 14:41:02','2020-08-22 14:41:02',NULL,102,145,-0.9566799998283386,0.9004799723625183,-0.685670018196106,-86.62264251708984,20.756059646606445,1.6125999689102173,2.777479887008667,48.900001525878906,158,1),(501,'2020-08-22 14:41:12','2020-08-22 14:41:12',NULL,102,145,-0.8285199999809265,-0.5518400073051453,0.8012300133705139,-11.20032024383545,-16.53204917907715,15.653969764709473,0.5896999835968018,7.099999904632568,158,1),(502,'2020-08-22 14:41:22','2020-08-22 14:41:22',NULL,102,145,-0.9767100214958191,0.09600000083446503,0.816510021686554,25.017990112304688,21.587539672851562,55.83763122558594,4.2999701499938965,1.600000023841858,158,1),(503,'2020-08-22 14:41:32','2020-08-22 14:41:32',NULL,102,145,1.7657899856567383,-0.9988600015640259,-0.22471000254154205,-74.89566040039062,-85.05966186523438,0.8771200180053711,4.373089790344238,51.099998474121094,158,1),(504,'2020-08-22 14:41:42','2020-08-22 14:41:42',NULL,102,145,-1.6003700494766235,-0.6202499866485596,-0.03390999883413315,-19.33414077758789,37.83797073364258,-4.315100193023682,1.9971699714660645,8.199999809265137,158,1),(505,'2020-08-22 14:41:52','2020-08-22 14:41:52',NULL,102,145,0.7259600162506104,-0.07201000303030014,-1.5584100484848022,-63.10419845581055,70.2779769897461,-65.87303161621094,0.056449998170137405,32.400001525878906,158,1),(506,'2020-08-22 14:42:02','2020-08-22 14:42:02',NULL,102,145,-1.6164599657058716,-1.5617400407791138,0.22953000664710999,-0.7172200083732605,-33.074058532714844,-27.202930450439453,3.965549945831299,-0.6000000238418579,158,1),(507,'2020-08-22 14:42:12','2020-08-22 14:42:12',NULL,102,145,-1.0437300205230713,-0.38916999101638794,-1.1359100341796875,-61.822689056396484,10.899470329284668,-50.69034957885742,2.178149938583374,49.400001525878906,158,1),(508,'2020-08-22 14:42:22','2020-08-22 14:42:22',NULL,102,145,0.15097999572753906,-1.9393199682235718,-0.7624899744987488,81.3509292602539,39.560611724853516,-87.88919830322266,3.51459002494812,31.700000762939453,158,1),(509,'2020-08-22 14:42:32','2020-08-22 14:42:32',NULL,102,145,1.0455199480056763,1.5197499990463257,-0.22800999879837036,69.00238800048828,-17.766149520874023,-42.699668884277344,0.49823999404907227,32.099998474121094,158,1),(510,'2020-08-22 14:42:42','2020-08-22 14:42:42',NULL,102,145,-0.5928099751472473,-0.76555997133255,0.9119499921798706,-60.50204086303711,-27.575170516967773,-17.088550567626953,0.6911200284957886,12.300000190734863,158,1),(511,'2020-08-22 14:42:52','2020-08-22 14:42:52',NULL,102,145,0.08146999776363373,0.558489978313446,-1.0633699893951416,-2.7942399978637695,27.83152961730957,-28.905370712280273,4.162960052490234,31.200000762939453,158,1),(512,'2020-08-22 14:43:02','2020-08-22 14:43:02',NULL,102,145,1.4510799646377563,-1.258970022201538,-1.907080054283142,-74.7096176147461,56.175079345703125,-13.486949920654297,2.0020101070404053,-1.600000023841858,158,1),(513,'2020-08-22 14:43:13','2020-08-22 14:43:13',NULL,102,145,-1.0346800088882446,0.9101499915122986,0.04853999987244606,-5.545690059661865,59.394229888916016,72.0710220336914,1.4577399492263794,10.600000381469727,158,1),(514,'2020-08-22 14:43:23','2020-08-22 14:43:23',NULL,102,145,-1.2602699995040894,1.2516100406646729,1.6655800342559814,-53.080108642578125,46.504600524902344,-45.23112869262695,0.5712100267410278,21.399999618530273,158,1),(515,'2020-08-22 14:43:33','2020-08-22 14:43:33',NULL,102,145,0.22610999643802643,-1.617069959640503,-1.905709981918335,-50.47468185424805,-2.7588601112365723,17.3643798828125,0.6175699830055237,6.199999809265137,158,1),(516,'2020-08-22 14:43:43','2020-08-22 14:43:43',NULL,102,145,-1.0471999645233154,-0.07720000296831131,0.18719999492168427,-53.45286178588867,17.35614013671875,81.11588287353516,1.5772600173950195,40.599998474121094,158,1),(517,'2020-08-22 14:43:53','2020-08-22 14:43:53',NULL,102,145,-1.664739966392517,-0.7442299723625183,1.2335400581359863,-45.341461181640625,75.12602996826172,-9.011690139770508,1.8783799409866333,32.400001525878906,158,1),(518,'2020-08-22 14:44:03','2020-08-22 14:44:03',NULL,102,145,1.5570299625396729,-0.5076900124549866,-1.9859800338745117,18.75653076171875,36.84503936767578,-15.847200393676758,3.528369903564453,49.29999923706055,158,1),(519,'2020-08-22 14:44:13','2020-08-22 14:44:13',NULL,102,145,0.5209299921989441,1.6240999698638916,-0.8241000175476074,23.19580078125,34.846588134765625,-50.41127014160156,1.392300009727478,22.899999618530273,158,1),(520,'2020-08-22 14:44:23','2020-08-22 14:44:23',NULL,102,145,-1.129349946975708,-0.12530000507831573,1.9282900094985962,76.20726776123047,-5.8832502365112305,54.115501403808594,0.2211499959230423,32.29999923706055,158,1),(521,'2020-08-22 14:44:33','2020-08-22 14:44:33',NULL,102,145,-1.9174599647521973,-0.7544800043106079,-1.9420499801635742,78.90290832519531,-25.57387924194336,44.86418151855469,2.4102299213409424,43.29999923706055,158,1),(522,'2020-08-22 14:44:43','2020-08-22 14:44:43',NULL,102,145,-0.37213999032974243,0.2570500075817108,-1.7348300218582153,41.87847900390625,-6.952340126037598,-81.82113647460938,1.1469600200653076,5,158,1),(523,'2020-08-22 14:44:53','2020-08-22 14:44:53',NULL,102,145,0.2051900029182434,1.885509967803955,-0.1798200011253357,42.56053161621094,-74.90953826904297,43.10963821411133,2.4265899658203125,29.100000381469727,158,1),(524,'2020-08-22 14:45:03','2020-08-22 14:45:03',NULL,102,145,1.043280005455017,-0.3053300082683563,0.5396999716758728,31.251930236816406,-28.85158920288086,-45.36275100708008,1.0276299715042114,37.900001525878906,158,1),(525,'2020-08-22 14:45:14','2020-08-22 14:45:14',NULL,102,145,-1.7258800268173218,0.16313999891281128,-1.9160799980163574,42.65684127807617,-31.74456024169922,-71.24159240722656,1.0077799558639526,2.200000047683716,158,1),(526,'2020-08-22 14:45:24','2020-08-22 14:45:24',NULL,102,145,1.3763999938964844,0.20681999623775482,-0.42625999450683594,-12.223819732666016,-7.358399868011475,60.07551956176758,3.575890064239502,-2,158,1),(527,'2020-08-22 14:45:34','2020-08-22 14:45:34',NULL,102,145,-1.3108199834823608,0.8967800140380859,-1.4716800451278687,79.36145782470703,60.7074089050293,-52.211158752441406,3.70743989944458,51.20000076293945,158,1),(528,'2020-08-22 14:45:44','2020-08-22 14:45:44',NULL,102,145,0.9960100054740906,0.37237998843193054,0.12296000123023987,-74.57676696777344,-58.844688415527344,3.0302600860595703,1.093400001525879,22.5,158,1),(529,'2020-08-22 14:45:54','2020-08-22 14:45:54',NULL,102,145,0.17924000322818756,-1.0502400398254395,1.7672799825668335,13.847450256347656,24.134769439697266,-29.751550674438477,4.1801300048828125,19.799999237060547,158,1),(530,'2020-08-22 14:46:04','2020-08-22 14:46:04',NULL,102,145,-0.05530000105500221,-0.5744199752807617,-1.9962600469589233,-40.06338882446289,-59.743221282958984,35.91685104370117,3.8213698863983154,48.79999923706055,158,1),(531,'2020-08-22 14:46:14','2020-08-22 14:46:14',NULL,102,145,1.6166900396347046,1.5761300325393677,-1.2735799551010132,-76.78972625732422,-5.828539848327637,23.359630584716797,0.3949899971485138,39.29999923706055,158,1),(532,'2020-08-22 14:46:24','2020-08-22 14:46:24',NULL,102,145,-1.9967299699783325,-0.14830000698566437,-0.2798300087451935,-85.89131164550781,-81.31002807617188,47.92219924926758,0.5320000052452087,23.100000381469727,158,1),(533,'2020-08-22 14:46:34','2020-08-22 14:46:34',NULL,102,145,0.33188000321388245,1.2663300037384033,0.5200200080871582,56.24864959716797,67.81011199951172,-44.08708953857422,2.4641599655151367,37.70000076293945,158,1),(534,'2020-08-22 14:46:44','2020-08-22 14:46:44',NULL,102,145,1.2552200555801392,-1.5172300338745117,0.590969979763031,53.390220642089844,10.784649848937988,-84.6881103515625,0.17746999859809875,45.29999923706055,158,1),(535,'2020-08-22 14:46:54','2020-08-22 14:46:54',NULL,102,145,-1.072450041770935,1.0928900241851807,-1.1720099449157715,-25.80122947692871,7.834889888763428,31.746450424194336,0.7809900045394897,46.29999923706055,158,1),(536,'2020-08-22 14:47:04','2020-08-22 14:47:04',NULL,102,145,-0.848829984664917,0.09325999766588211,-0.6235299706459045,-13.193819999694824,-72.84391021728516,-50.99380874633789,2.5437099933624268,9.899999618530273,158,1),(537,'2020-08-22 14:47:15','2020-08-22 14:47:15',NULL,102,145,-1.4066799879074097,0.5561500191688538,-1.227180004119873,42.693729400634766,-29.74448013305664,-16.307199478149414,4.0353899002075195,6.900000095367432,158,1),(538,'2020-08-22 14:47:24','2020-08-22 14:47:24',NULL,102,145,-1.926669955253601,1.4957900047302246,1.4055399894714355,-27.23736000061035,59.47549819946289,84.36799621582031,0.7681599855422974,41,158,1),(539,'2020-08-22 14:47:34','2020-08-22 14:47:34',NULL,102,145,-1.0798900127410889,1.929960012435913,-1.7035000324249268,15.716850280761719,-26.047090530395508,29.675220489501953,3.9979300498962402,25.899999618530273,158,1),(540,'2020-08-22 14:47:44','2020-08-22 14:47:44',NULL,102,145,1.399940013885498,0.13686999678611755,-1.7974400520324707,27.916980743408203,-67.85418701171875,0.07684999704360962,0.06903000175952911,1.600000023841858,158,1),(541,'2020-08-22 14:47:55','2020-08-22 14:47:55',NULL,102,145,0.21459999680519104,-0.8926200270652771,-1.9624700546264648,-42.63618850708008,-9.166139602661133,-26.38814926147461,3.472899913787842,43.29999923706055,158,1),(542,'2020-08-22 14:48:05','2020-08-22 14:48:05',NULL,102,145,0.06976000219583511,1.1925400495529175,1.6143699884414673,-8.032970428466797,-69.0649185180664,31.925230026245117,3.4925498962402344,28.600000381469727,158,1),(543,'2020-08-22 14:48:15','2020-08-22 14:48:15',NULL,102,145,0.3137199878692627,-1.0536199808120728,-0.29218000173568726,66.81363677978516,-14.325969696044922,-26.691450119018555,0.08895999938249588,34.79999923706055,158,1),(544,'2020-08-22 14:48:25','2020-08-22 14:48:25',NULL,102,145,1.6464699506759644,1.1641099452972412,-1.5628000497817993,-15.129799842834473,-23.976980209350586,-56.6563606262207,2.6913599967956543,45.599998474121094,158,1),(545,'2020-08-22 14:48:35','2020-08-22 14:48:35',NULL,102,145,-0.10096000134944916,-0.8844699859619141,0.9696699976921082,-3.169830083847046,26.39720916748047,-56.767818450927734,1.9538500308990479,50.29999923706055,158,1),(546,'2020-08-22 14:48:45','2020-08-22 14:48:45',NULL,102,145,-0.1168299987912178,-0.0261400006711483,1.5436700582504272,-31.482580184936523,9.616620063781738,-87.01290130615234,2.8029799461364746,32.099998474121094,158,1),(547,'2020-08-22 14:48:55','2020-08-22 14:48:55',NULL,102,145,-1.6887199878692627,0.43974998593330383,-1.1872600317001343,-53.41648864746094,-4.783659934997559,60.78348159790039,3.6187899112701416,38.79999923706055,158,1),(548,'2020-08-22 14:49:05','2020-08-22 14:49:05',NULL,102,145,-1.2132099866867065,1.5607399940490723,1.5096900463104248,-57.66773986816406,57.594940185546875,-84.29315948486328,0.9297900199890137,48,158,1),(549,'2020-08-22 14:49:15','2020-08-22 14:49:15',NULL,102,145,-0.13527999818325043,1.7459499835968018,1.4309699535369873,-80.22228240966797,14.198360443115234,81.8637466430664,2.851219892501831,9.5,158,1),(550,'2020-08-22 14:49:25','2020-08-22 14:49:25',NULL,102,145,1.1825900077819824,-1.0239200592041016,-1.2585500478744507,48.30936813354492,53.0125617980957,-61.30670166015625,0.9552299976348877,-0.699999988079071,158,1),(551,'2020-08-22 14:49:35','2020-08-22 14:49:35',NULL,102,145,0.6616899967193604,-0.7912200093269348,-1.400480031967163,-88.13529205322266,-78.38194274902344,-11.979990005493164,2.3139901161193848,12.199999809265137,158,1),(552,'2020-08-22 14:49:45','2020-08-22 14:49:45',NULL,102,145,-0.22142000496387482,1.9792699813842773,0.10238000005483627,35.41946029663086,65.44938659667969,-67.35485076904297,4.32213020324707,31.5,158,1),(553,'2020-08-22 14:49:55','2020-08-22 14:49:55',NULL,102,145,1.9069900512695312,-1.803670048713684,-1.4482100009918213,73.77947998046875,-14.024290084838867,6.373050212860107,0.6233100295066833,16,158,1),(554,'2020-08-22 14:50:05','2020-08-22 14:50:05',NULL,102,145,0.7299699783325195,1.1335099935531616,0.04004000127315521,-24.905780792236328,77.55677795410156,-19.045089721679688,3.6062700748443604,44.79999923706055,158,1),(555,'2020-08-22 14:50:15','2020-08-22 14:50:15',NULL,102,145,1.7223700284957886,-0.3842099905014038,-0.6437000036239624,60.62849044799805,13.399749755859375,15.74487018585205,1.854200005531311,37.099998474121094,158,1),(556,'2020-08-22 14:50:26','2020-08-22 14:50:26',NULL,102,145,1.7036499977111816,0.40143999457359314,-1.786829948425293,14.08407974243164,-33.796260833740234,-37.5748405456543,3.4816501140594482,44.400001525878906,158,1),(557,'2020-08-22 14:50:36','2020-08-22 14:50:36',NULL,102,145,1.4609700441360474,0.7592200040817261,-1.2063100337982178,-46.548030853271484,1.2905000448226929,-10.796369552612305,3.2443299293518066,37,158,1),(558,'2020-08-22 14:50:46','2020-08-22 14:50:46',NULL,102,145,0.44262000918388367,-1.7590700387954712,-0.38144001364707947,77.00434112548828,50.466468811035156,22.32335090637207,1.995609998703003,16.899999618530273,158,1),(559,'2020-08-22 14:50:56','2020-08-22 14:50:56',NULL,102,145,0.5217700004577637,-1.3508000373840332,-1.2663300037384033,70.77838897705078,3.7499499320983887,-29.611650466918945,1.345329999923706,14.399999618530273,158,1),(560,'2020-08-22 14:51:06','2020-08-22 14:51:06',NULL,102,145,-0.1695300042629242,-0.799310028553009,1.2180299758911133,82.05902862548828,-60.91178894042969,40.56010055541992,3.707940101623535,22.100000381469727,158,1),(561,'2020-08-22 14:51:16','2020-08-22 14:51:16',NULL,102,145,1.6640599966049194,1.8845399618148804,0.01193000003695488,-21.451440811157227,54.031211853027344,66.60426330566406,0.9693199992179871,11,158,1),(562,'2020-08-22 14:51:26','2020-08-22 14:51:26',NULL,102,145,1.4557900428771973,0.01607999950647354,-0.9345899820327759,52.787471771240234,-29.340179443359375,-78.37751007080078,2.0840001106262207,34.20000076293945,158,1),(563,'2020-08-22 14:51:36','2020-08-22 14:51:36',NULL,102,145,0.8218600153923035,-1.0140000581741333,-0.19286000728607178,65.9278335571289,50.09292984008789,15.947030067443848,2.3336400985717773,0.800000011920929,158,1),(564,'2020-08-22 14:51:46','2020-08-22 14:51:46',NULL,102,145,1.6766599416732788,0.20469999313354492,-0.06652999669313431,5.086080074310303,54.371421813964844,-71.88932037353516,2.6961400508880615,13.5,158,1),(565,'2020-08-22 14:51:57','2020-08-22 14:51:57',NULL,102,145,1.4184199571609497,-0.7579900026321411,1.517899990081787,-55.2164192199707,-34.498470306396484,45.75640869140625,2.18110990524292,50.599998474121094,158,1),(566,'2020-08-22 14:52:06','2020-08-22 14:52:06',NULL,102,145,0.1851000040769577,1.1621899604797363,1.4408400058746338,11.997590065002441,-63.74266052246094,51.64727020263672,2.2627100944519043,-2.5999999046325684,158,1),(567,'2020-08-22 14:52:16','2020-08-22 14:52:16',NULL,102,145,-0.8193699717521667,0.05431000143289566,-0.8603500127792358,-8.043600082397461,50.27119064331055,70.78929901123047,4.403510093688965,14.899999618530273,158,1),(568,'2020-08-22 14:52:26','2020-08-22 14:52:26',NULL,102,145,1.0714800357818604,-0.24212999641895294,-1.320970058441162,-50.13945007324219,-48.21417999267578,-35.95372009277344,1.7871700525283813,18.299999237060547,158,1),(569,'2020-08-22 14:52:36','2020-08-22 14:52:36',NULL,102,145,-0.5465099811553955,-1.2162599563598633,-1.8583099842071533,50.6068000793457,-38.2547607421875,75.39083862304688,2.155240058898926,10,158,1),(570,'2020-08-22 14:52:46','2020-08-22 14:52:46',NULL,102,145,0.3890500068664551,-1.569540023803711,-0.6606500148773193,-27.70107078552246,77.91908264160156,45.148868560791016,2.3676199913024902,6.599999904632568,158,1),(571,'2020-08-22 14:52:56','2020-08-22 14:52:56',NULL,102,145,1.0145800113677979,-0.9041600227355957,-1.1559300422668457,53.462379455566406,-21.625070571899414,-77.88591766357422,3.0112500190734863,25.5,158,1),(572,'2020-08-22 14:53:07','2020-08-22 14:53:07',NULL,102,145,-1.7816699743270874,1.783810019493103,1.3398499488830566,-5.248290061950684,75.25646209716797,-41.189449310302734,3.8014700412750244,23.299999237060547,158,1),(573,'2020-08-22 14:53:17','2020-08-22 14:53:17',NULL,102,145,-1.6115200519561768,1.8066699504852295,-1.7054200172424316,72.51360321044922,-77.35344696044922,8.927450180053711,1.018399953842163,5.5,158,1),(574,'2020-08-22 14:53:27','2020-08-22 14:53:27',NULL,102,145,1.2315700054168701,-0.3174299895763397,0.9522899985313416,-39.491790771484375,-71.30728912353516,-57.6431884765625,1.5130300521850586,23.799999237060547,158,1),(575,'2020-08-22 14:53:37','2020-08-22 14:53:37',NULL,102,145,-1.3387600183486938,0.22838999330997467,-1.3543100357055664,9.820579528808594,46.15816879272461,-69.26849365234375,2.971400022506714,35.29999923706055,158,1),(576,'2020-08-22 14:53:47','2020-08-22 14:53:47',NULL,102,145,-0.24275000393390656,-1.1521199941635132,-0.5709199905395508,-50.89942932128906,-57.39632034301758,-87.48152160644531,1.928629994392395,30.399999618530273,158,1),(577,'2020-08-22 14:53:57','2020-08-22 14:53:57',NULL,102,145,0.7948499917984009,0.01508999988436699,0.03150999918580055,-10.672769546508789,12.92057991027832,-65.15727996826172,3.818279981613159,-1.5,158,1),(578,'2020-08-22 14:54:07','2020-08-22 14:54:07',NULL,102,145,1.3444700241088867,0.9531499743461609,0.13027000427246094,6.305799961090088,61.23456954956055,10.27672004699707,0.3976599872112274,28,158,1),(579,'2020-08-22 14:54:17','2020-08-22 14:54:17',NULL,102,145,-0.5583400130271912,1.508370041847229,-0.0552700012922287,67.79273223876953,59.470428466796875,18.54343032836914,0.6380100250244141,37.29999923706055,158,1),(580,'2020-08-22 14:54:27','2020-08-22 14:54:27',NULL,102,145,0.8274400234222412,-0.7803500294685364,0.15045000612735748,31.16765022277832,10.843050003051758,-4.748899936676025,4.39394998550415,5,158,1),(581,'2020-08-22 14:54:37','2020-08-22 14:54:37',NULL,102,145,1.2588599920272827,0.5831400156021118,1.1135900020599365,83.2411117553711,-41.95344161987305,-44.28179931640625,0.468860000371933,22.600000381469727,158,1),(582,'2020-08-22 14:54:57','2020-08-22 14:54:57',NULL,102,145,-0.2770799994468689,1.993280053138733,-0.12116999924182892,70.25409698486328,-44.66762924194336,-56.00104904174805,1.8631099462509155,26.899999618530273,158,1),(583,'2020-08-22 14:55:07','2020-08-22 14:55:07',NULL,102,145,1.1297500133514404,-0.06459999829530716,0.46070998907089233,70.27609252929688,53.2192497253418,57.775779724121094,0.9872900247573853,31.299999237060547,158,1),(584,'2020-08-22 14:55:17','2020-08-22 14:55:17',NULL,102,145,0.4440299868583679,1.2173199653625488,-0.9293699860572815,-32.451499938964844,50.91775131225586,-86.3765869140625,3.833430051803589,36.29999923706055,158,1),(585,'2020-08-22 14:55:27','2020-08-22 14:55:27',NULL,102,145,1.623110055923462,-1.0718200206756592,1.2553900480270386,3.7285900115966797,36.05691146850586,-75.52224731445312,4.048379898071289,33,158,1),(586,'2020-08-22 14:55:38','2020-08-22 14:55:38',NULL,102,145,-1.0194100141525269,0.8042100071907043,-0.6144300103187561,80.2264404296875,84.09956359863281,20.29159927368164,4.178060054779053,14.399999618530273,158,1),(587,'2020-08-22 14:55:58','2020-08-22 14:55:58',NULL,102,145,1.1536400318145752,-0.7810400128364563,-0.7364000082015991,15.909250259399414,-1.5504599809646606,27.814510345458984,2.837049961090088,31.100000381469727,158,1),(588,'2020-08-22 14:56:08','2020-08-22 14:56:08',NULL,102,145,-1.0455600023269653,-1.870710015296936,-0.23720000684261322,-0.7351999878883362,80.75187683105469,80.65863037109375,3.1101999282836914,44,158,1),(589,'2020-08-22 14:56:19','2020-08-22 14:56:19',NULL,102,145,1.861299991607666,-1.8116199970245361,-0.7350500226020813,-68.15238189697266,42.654258728027344,-58.15713882446289,3.571549892425537,44.79999923706055,158,1),(590,'2020-08-22 14:56:28','2020-08-22 14:56:28',NULL,102,145,-0.5827000141143799,-1.2473399639129639,0.8152499794960022,-82.97749328613281,-9.976460456848145,77.8436279296875,0.4845699965953827,50.79999923706055,158,1),(591,'2020-08-22 14:56:38','2020-08-22 14:56:38',NULL,102,145,-1.6067500114440918,-1.4532500505447388,0.9471399784088135,1.0036100149154663,75.80986022949219,16.378799438476562,2.7856099605560303,11.399999618530273,158,1),(592,'2020-08-22 14:56:48','2020-08-22 14:56:48',NULL,102,145,0.012350000441074371,-1.5327999591827393,-0.919219970703125,-46.77983093261719,-59.18391036987305,21.95892906188965,4.058849811553955,31.399999618530273,158,1),(593,'2020-08-22 14:56:58','2020-08-22 14:56:58',NULL,102,145,0.245169997215271,0.5815799832344055,-1.7581100463867188,2.234369993209839,16.46552085876465,-1.0936299562454224,1.2677600383758545,27.399999618530273,158,1),(594,'2020-08-22 14:57:08','2020-08-22 14:57:08',NULL,102,145,0.17494000494480133,-1.6771199703216553,-1.8991700410842896,51.884220123291016,67.61524200439453,-11.117070198059082,0.9874299764633179,18.200000762939453,158,1),(595,'2020-08-22 14:57:18','2020-08-22 14:57:18',NULL,102,145,-0.5668200254440308,0.8792300224304199,1.3320900201797485,54.224708557128906,-67.2219009399414,2.261549949645996,3.0751099586486816,-1.2000000476837158,158,1),(596,'2020-08-22 14:57:28','2020-08-22 14:57:28',NULL,102,145,-0.2943899929523468,-1.2210899591445923,0.2939800024032593,83.5870590209961,-26.990690231323242,-45.21472930908203,0.910610020160675,43.70000076293945,158,1),(597,'2020-08-22 14:57:38','2020-08-22 14:57:38',NULL,102,145,1.3083499670028687,-0.3292999863624573,-0.9712600111961365,-2.283440113067627,-11.559690475463867,65.04834747314453,1.5601500272750854,49.70000076293945,158,1),(598,'2020-08-22 14:57:48','2020-08-22 14:57:48',NULL,102,145,1.8345099687576294,1.299489974975586,-0.4171000123023987,-46.160438537597656,-9.897529602050781,55.87324142456055,2.1362500190734863,17.700000762939453,158,1),(599,'2020-08-22 14:57:58','2020-08-22 14:57:58',NULL,102,145,1.8710500001907349,0.6772699952125549,-0.3520599901676178,69.067626953125,-23.945600509643555,-69.92848205566406,3.9696600437164307,44.5,158,1),(600,'2020-08-22 14:58:08','2020-08-22 14:58:08',NULL,102,145,0.7859100103378296,0.4494200050830841,-1.4786700010299683,63.66429901123047,6.495820045471191,-47.407100677490234,0.8657500147819519,21,158,1),(601,'2020-08-22 14:58:19','2020-08-22 14:58:19',NULL,102,145,1.585510015487671,1.4562499523162842,-1.6122100353240967,-73.05390167236328,21.087390899658203,6.767340183258057,0.7009699940681458,40.29999923706055,158,1),(602,'2020-08-22 14:58:29','2020-08-22 14:58:29',NULL,102,145,-0.15741999447345734,-1.5100899934768677,1.920989990234375,-64.52498626708984,22.3392391204834,-18.43337059020996,0.9790099859237671,4.199999809265137,158,1),(603,'2020-08-22 14:58:39','2020-08-22 14:58:39',NULL,102,145,-0.3057900071144104,-1.7533799409866333,-0.7946100234985352,16.834270477294922,-65.8767318725586,69.61549377441406,4.435319900512695,3.200000047683716,158,1),(604,'2020-08-22 14:58:49','2020-08-22 14:58:49',NULL,102,145,-0.08968000113964081,0.47418999671936035,0.9785699844360352,75.66443634033203,-12.748760223388672,3.2624800205230713,4.253809928894043,37.400001525878906,158,1),(605,'2020-08-22 14:58:59','2020-08-22 14:58:59',NULL,102,145,-0.9676399827003479,-0.6851900219917297,-0.8062499761581421,-66.3889389038086,-51.64078903198242,66.28108978271484,0.38756000995635986,34.900001525878906,158,1),(606,'2020-08-22 14:59:09','2020-08-22 14:59:09',NULL,102,145,-1.417639970779419,1.843269944190979,-0.0973299965262413,57.11927032470703,-64.24601745605469,-16.26556968688965,3.3803200721740723,21.100000381469727,158,1),(607,'2020-08-22 14:59:19','2020-08-22 14:59:19',NULL,102,145,1.3423199653625488,0.80035001039505,1.45878005027771,-32.82278823852539,24.90035057067871,-36.87046813964844,2.2100000381469727,45.20000076293945,158,1),(608,'2020-08-22 14:59:29','2020-08-22 14:59:29',NULL,102,145,1.7038300037384033,-1.4783600568771362,1.0407400131225586,66.52239990234375,18.73103904724121,29.643869400024414,2.3673698902130127,51,158,1),(609,'2020-08-22 14:59:39','2020-08-22 14:59:39',NULL,102,145,1.088089942932129,-0.9384099841117859,-1.5037599802017212,75.4842529296875,-73.85616302490234,-30.245309829711914,3.36011004447937,14.100000381469727,158,1),(610,'2020-08-22 14:59:49','2020-08-22 14:59:49',NULL,102,145,1.436210036277771,-0.487060010433197,0.5060700178146362,53.47227096557617,82.08145904541016,-69.77182006835938,1.730679988861084,29.799999237060547,158,1),(611,'2020-08-22 14:59:59','2020-08-22 14:59:59',NULL,102,145,1.7697700262069702,-0.47859999537467957,0.06864999979734421,1.3123300075531006,17.003080368041992,2.1261699199676514,2.81754994392395,49.5,158,1),(612,'2020-08-22 15:00:09','2020-08-22 15:00:09',NULL,102,145,-1.1782100200653076,-0.004310000222176313,-1.6952999830245972,-70.56379699707031,-67.0352783203125,-76.48352813720703,2.1286799907684326,19.700000762939453,158,1),(613,'2020-08-22 15:00:19','2020-08-22 15:00:19',NULL,102,145,-1.2620500326156616,-1.987130045890808,-0.4176799952983856,-57.525211334228516,70.44123840332031,74.82266998291016,2.291179895401001,18.299999237060547,158,1),(614,'2020-08-22 15:00:30','2020-08-22 15:00:30',NULL,102,145,0.8481299877166748,0.9189900159835815,0.9623900055885315,-15.279780387878418,52.14122009277344,84.00949096679688,4.0851898193359375,48.900001525878906,158,1),(615,'2020-08-22 15:00:40','2020-08-22 15:00:40',NULL,102,145,-1.4917500019073486,-1.3749699592590332,-1.0357799530029297,31.316570281982422,-45.343971252441406,-14.450149536132812,1.7491600513458252,36.70000076293945,158,1),(616,'2020-08-22 15:00:50','2020-08-22 15:00:50',NULL,102,145,0.012480000033974648,1.0982099771499634,0.6515799760818481,-32.84764862060547,15.461139678955078,62.5401496887207,1.5628399848937988,23.700000762939453,158,1),(617,'2020-08-22 15:01:00','2020-08-22 15:01:00',NULL,102,145,-1.4243099689483643,-1.9514600038528442,-1.9610199928283691,-21.43638038635254,82.12315368652344,9.242939949035645,2.2162299156188965,9.699999809265137,158,1),(618,'2020-08-22 15:01:10','2020-08-22 15:01:10',NULL,102,145,-1.6137299537658691,1.81072998046875,-1.1816600561141968,-51.49789047241211,-62.600799560546875,-70.36634063720703,2.928499937057495,-0.6000000238418579,158,1),(619,'2020-08-22 15:01:20','2020-08-22 15:01:20',NULL,102,145,-0.2707900106906891,0.42138999700546265,-1.5941400527954102,-18.331289291381836,-83.38517761230469,79.46929931640625,0.18568000197410583,6.5,158,1),(620,'2020-08-22 15:01:30','2020-08-22 15:01:30',NULL,102,145,-1.820449948310852,1.8915799856185913,-1.6906700134277344,13.610349655151367,-54.26847839355469,69.65679931640625,3.284019947052002,40.5,158,1),(621,'2020-08-22 15:01:40','2020-08-22 15:01:40',NULL,102,145,-1.1339099407196045,0.6746000051498413,-0.18434999883174896,-13.706769943237305,52.336761474609375,-20.584260940551758,0.4789600074291229,50.400001525878906,158,1),(622,'2020-08-22 15:01:50','2020-08-22 15:01:50',NULL,102,145,-1.1945699453353882,1.3291900157928467,1.9987200498580933,60.204349517822266,35.22602844238281,-62.073421478271484,4.313590049743652,3.299999952316284,158,1),(623,'2020-08-22 15:02:00','2020-08-22 15:02:00',NULL,102,145,-1.693619966506958,0.37793999910354614,1.0476499795913696,-15.793510437011719,-37.080291748046875,46.05337905883789,0.5953599810600281,-2.5,158,1),(624,'2020-08-22 15:02:10','2020-08-22 15:02:10',NULL,102,145,0.4445599913597107,-0.6388999819755554,-0.08479999750852585,-89.35553741455078,-8.230979919433594,41.110931396484375,1.1489700078964233,27.600000381469727,158,1),(625,'2020-08-22 15:02:20','2020-08-22 15:02:20',NULL,102,145,-0.39256998896598816,-1.9143699407577515,-0.7133600115776062,-34.287540435791016,-60.31589889526367,-0.6404799818992615,2.453579902648926,-2.299999952316284,158,1),(626,'2020-08-22 15:02:30','2020-08-22 15:02:30',NULL,102,145,0.10954999923706055,1.0696300268173218,-1.1311299800872803,-89.98448944091797,30.915390014648438,16.80883026123047,3.33486008644104,21.700000762939453,158,1),(627,'2020-08-22 15:02:40','2020-08-22 15:02:40',NULL,102,145,-0.12174999713897705,-1.8179800510406494,1.9998199939727783,36.42755889892578,-52.514801025390625,-51.648258209228516,0.09551999717950821,27.899999618530273,158,1),(628,'2020-08-22 15:02:50','2020-08-22 15:02:50',NULL,102,145,-1.7905399799346924,-1.5224100351333618,0.5782399773597717,-1.8981599807739258,-89.67743682861328,70.58641815185547,2.6875600814819336,38.400001525878906,158,1),(629,'2020-08-22 15:03:00','2020-08-22 15:03:00',NULL,102,145,0.5940300226211548,0.22732000052928925,-0.6862499713897705,81.25469970703125,40.21556091308594,-35.07960891723633,1.4901200532913208,23.700000762939453,158,1),(630,'2020-08-22 15:03:11','2020-08-22 15:03:11',NULL,102,145,1.6142200231552124,0.14402000606060028,-1.7028299570083618,72.69151306152344,-49.33171844482422,-52.251739501953125,4.322629928588867,34.5,158,1),(631,'2020-08-22 15:03:21','2020-08-22 15:03:21',NULL,102,145,0.9105700254440308,-1.1967099905014038,-1.1087000370025635,-31.63235092163086,-11.90645980834961,36.67464065551758,1.7027699947357178,12.199999809265137,158,1),(632,'2020-08-22 15:03:31','2020-08-22 15:03:31',NULL,102,145,-0.7809000015258789,-0.7401800155639648,-0.0581899993121624,-73.09030151367188,47.46152877807617,81.92070007324219,2.339829921722412,20,158,1),(633,'2020-08-22 15:03:41','2020-08-22 15:03:41',NULL,102,145,1.4787399768829346,1.8589500188827515,-0.6913599967956543,51.710609436035156,-18.381420135498047,-43.93939971923828,3.5810699462890625,24.700000762939453,158,1),(634,'2020-08-22 15:03:51','2020-08-22 15:03:51',NULL,102,145,0.009159999899566174,0.24355000257492065,1.7175699472427368,48.55619812011719,-52.650299072265625,50.29140853881836,3.0244998931884766,12.399999618530273,158,1),(635,'2020-08-22 15:04:01','2020-08-22 15:04:01',NULL,102,145,0.7588899731636047,-0.4437200129032135,-0.06782999634742737,-80.69766235351562,77.73818969726562,44.6507682800293,0.986519992351532,3.9000000953674316,158,1),(636,'2020-08-22 15:04:11','2020-08-22 15:04:11',NULL,102,145,-0.3762899935245514,-0.16294999420642853,0.24605999886989594,-5.572800159454346,-16.062149047851562,-69.85292053222656,1.6505299806594849,39.29999923706055,158,1),(637,'2020-08-22 15:04:21','2020-08-22 15:04:21',NULL,102,145,1.8353999853134155,1.6159100532531738,-0.7045400142669678,69.67135620117188,11.612079620361328,-37.75859832763672,2.8344500064849854,37.900001525878906,158,1),(638,'2020-08-22 15:04:31','2020-08-22 15:04:31',NULL,102,145,1.4207600355148315,-1.2988300323486328,-0.8079400062561035,55.011138916015625,-74.7514877319336,-31.70214080810547,0.09160999953746796,8.699999809265137,158,1),(639,'2020-08-22 15:04:41','2020-08-22 15:04:41',NULL,102,145,-0.26899001002311707,-0.837149977684021,1.9762099981307983,22.88075065612793,-89.37026977539062,68.42124938964844,4.027309894561768,40.900001525878906,158,1),(640,'2020-08-22 15:04:51','2020-08-22 15:04:51',NULL,102,145,-1.958549976348877,1.511489987373352,0.39045000076293945,64.84378814697266,-15.422730445861816,-54.72148895263672,0.3946700096130371,17.700000762939453,158,1),(641,'2020-08-22 15:05:01','2020-08-22 15:05:01',NULL,102,145,1.2213900089263916,1.0721800327301025,-0.026760000735521317,3.671560049057007,-34.69773864746094,10.298219680786133,1.6683499813079834,15.399999618530273,158,1),(642,'2020-08-22 15:05:11','2020-08-22 15:05:11',NULL,102,145,-0.5254700183868408,1.5540000200271606,1.4731800556182861,-12.81676959991455,-16.76181983947754,45.54132080078125,3.3845698833465576,28.299999237060547,158,1),(643,'2020-08-22 15:05:42','2020-08-22 15:05:42',NULL,102,145,-0.759880006313324,-0.197160005569458,-1.2215399742126465,62.72074890136719,-50.16127014160156,-43.094398498535156,1.9365400075912476,3.0999999046325684,158,1),(644,'2020-08-22 15:05:52','2020-08-22 15:05:52',NULL,102,145,-0.6423500180244446,-1.394070029258728,0.06652999669313431,-78.54075622558594,66.36943054199219,58.2783203125,1.2105799913406372,48,158,1),(645,'2020-08-22 15:06:02','2020-08-22 15:06:02',NULL,102,145,-0.5857800245285034,1.235990047454834,-1.9177199602127075,2.8880701065063477,49.437591552734375,15.116000175476074,2.526599884033203,15.100000381469727,158,1),(646,'2020-08-22 15:06:12','2020-08-22 15:06:12',NULL,102,145,-1.8967100381851196,-0.3992300033569336,1.4689500331878662,43.500579833984375,-8.376609802246094,-12.197030067443848,2.50642991065979,1.600000023841858,158,1),(647,'2020-08-22 15:06:22','2020-08-22 15:06:22',NULL,102,145,1.6034899950027466,0.44655999541282654,-0.052480001002550125,25.27920913696289,-44.24208068847656,32.3609504699707,2.7622299194335938,18,158,1),(648,'2020-08-22 15:06:32','2020-08-22 15:06:32',NULL,102,145,1.8814300298690796,0.49004998803138733,-0.7067499756813049,-65.21637725830078,19.95509910583496,-26.305450439453125,2.6424601078033447,36.5,158,1),(649,'2020-08-22 15:06:42','2020-08-22 15:06:42',NULL,102,145,-1.935230016708374,-0.25446999073028564,-0.3672800064086914,35.049560546875,-2.2327399253845215,61.652671813964844,2.957200050354004,42.79999923706055,158,1),(650,'2020-08-22 15:06:52','2020-08-22 15:06:52',NULL,102,145,-0.11434999853372574,-1.9525699615478516,-1.9390000104904175,73.87049102783203,34.23310089111328,15.077150344848633,1.6764999628067017,40.79999923706055,158,1),(651,'2020-08-22 15:07:02','2020-08-22 15:07:02',NULL,102,145,-1.8055399656295776,-0.2318599969148636,-1.4207600355148315,78.20269775390625,-88.93205261230469,15.894749641418457,2.8440699577331543,20.600000381469727,158,1),(652,'2020-08-22 15:07:12','2020-08-22 15:07:12',NULL,102,145,1.5438300371170044,-0.26881998777389526,-1.647439956665039,-62.62736892700195,-61.18394088745117,-56.38412094116211,1.8114800453186035,6.300000190734863,158,1),(653,'2020-08-22 15:07:22','2020-08-22 15:07:22',NULL,102,145,1.8430299758911133,-0.6803600192070007,-0.7118099927902222,-17.9143009185791,21.488889694213867,-70.69445037841797,3.8124499320983887,43.400001525878906,158,1),(654,'2020-08-22 15:07:32','2020-08-22 15:07:32',NULL,102,145,-1.9173699617385864,1.7799400091171265,-0.06598000228404999,-63.67116165161133,-0.41203999519348145,-18.221689224243164,3.2049999237060547,19.799999237060547,158,1),(655,'2020-08-22 15:07:42','2020-08-22 15:07:42',NULL,102,145,-0.8705300092697144,-0.27904999256134033,-1.3026100397109985,45.71828842163086,57.32733917236328,-19.299570083618164,0.5259600281715393,-1.5,158,1),(656,'2020-08-22 15:07:52','2020-08-22 15:07:52',NULL,102,145,-1.4080499410629272,-0.1916400045156479,-0.615809977054596,-51.83005142211914,-46.96208953857422,-77.43997192382812,0.337909996509552,10,158,1),(657,'2020-08-22 15:09:03','2020-08-22 15:09:03',NULL,102,145,-1.9599299430847168,-0.3482699990272522,-1.5124000310897827,-65.66310119628906,-82.73580932617188,9.262669563293457,0.8360199928283691,-1.2999999523162842,158,1),(658,'2020-08-22 15:09:13','2020-08-22 15:09:13',NULL,102,145,0.954509973526001,-0.466839998960495,1.0012099742889404,-41.08684158325195,-66.3173599243164,29.537639617919922,1.7952200174331665,30.600000381469727,158,1),(659,'2020-08-22 15:09:23','2020-08-22 15:09:23',NULL,102,145,0.7095900177955627,1.3646600246429443,0.1371700018644333,32.99610900878906,-87.08751678466797,-52.89012145996094,3.090590000152588,24.700000762939453,158,1),(660,'2020-08-22 15:09:33','2020-08-22 15:09:33',NULL,102,145,0.3894500136375427,-1.459190011024475,1.807629942893982,7.713230133056641,27.512720108032227,18.775089263916016,4.322470188140869,49.099998474121094,158,1),(661,'2020-08-22 15:09:43','2020-08-22 15:09:43',NULL,102,145,1.9786800146102905,-0.9580399990081787,-0.6056900024414062,-31.394969940185547,35.36585998535156,36.06792068481445,1.2434500455856323,42.70000076293945,158,1),(662,'2020-08-22 15:09:53','2020-08-22 15:09:53',NULL,102,145,0.07139000296592712,-1.527519941329956,1.1313600540161133,-66.28955841064453,58.6292610168457,43.11227035522461,3.555229902267456,17.799999237060547,158,1),(663,'2020-08-22 15:10:03','2020-08-22 15:10:03',NULL,102,145,-1.3494800329208374,1.2941099405288696,-1.1914600133895874,37.63010025024414,-48.91889190673828,-67.84236907958984,1.0750900506973267,12.899999618530273,158,1),(664,'2020-08-22 15:10:13','2020-08-22 15:10:13',NULL,102,145,-0.06247999891638756,-0.7451599836349487,0.794730007648468,-52.86648178100586,-15.899809837341309,16.469270706176758,2.3736400604248047,29.200000762939453,158,1),(665,'2020-08-22 15:10:23','2020-08-22 15:10:23',NULL,102,145,0.31237998604774475,-1.987089991569519,-1.618280053138733,-70.02850341796875,53.95840835571289,-55.751869201660156,3.8935298919677734,41.79999923706055,158,1),(666,'2020-08-22 15:10:33','2020-08-22 15:10:33',NULL,102,145,-1.6961300373077393,-1.0437500476837158,0.4483700096607208,-11.994959831237793,-33.74835968017578,65.70951843261719,0.23462000489234924,11.399999618530273,158,1),(667,'2020-08-22 15:10:44','2020-08-22 15:10:44',NULL,102,145,-0.349839985370636,-0.7828199863433838,-0.5550100207328796,26.384769439697266,52.858341217041016,-52.86882019042969,3.1824100017547607,50.20000076293945,158,1),(668,'2020-08-22 15:10:54','2020-08-22 15:10:54',NULL,102,145,0.429749995470047,-1.1175800561904907,1.6981600522994995,32.42591094970703,-58.74026870727539,-17.952369689941406,1.279829978942871,16.200000762939453,158,1),(669,'2020-08-22 15:11:04','2020-08-22 15:11:04',NULL,102,145,1.2627400159835815,0.39844998717308044,-0.9642699956893921,83.05712127685547,4.259029865264893,-78.66488647460938,4.1687397956848145,47.599998474121094,158,1),(670,'2020-08-22 15:11:14','2020-08-22 15:11:14',NULL,102,145,-0.4177300035953522,1.1721400022506714,0.732230007648468,-80.77664184570312,-30.751949310302734,-89.87924194335938,2.8779399394989014,2.200000047683716,158,1),(671,'2020-08-22 15:11:24','2020-08-22 15:11:24',NULL,102,145,0.9765099883079529,-1.6332900524139404,0.7745400071144104,52.74652862548828,-47.03886032104492,66.9677505493164,1.4644500017166138,11.100000381469727,158,1),(672,'2020-08-22 15:11:34','2020-08-22 15:11:34',NULL,102,145,-1.3992700576782227,0.8930000066757202,1.4478800296783447,-68.72821807861328,77.91574096679688,7.350780010223389,0.3785099983215332,40.5,158,1),(673,'2020-08-22 15:11:44','2020-08-22 15:11:44',NULL,102,145,1.6598199605941772,-0.4039500057697296,-1.7578500509262085,77.45783233642578,59.137569427490234,8.597729682922363,1.9882400035858154,52.400001525878906,158,1),(674,'2020-08-22 15:11:54','2020-08-22 15:11:54',NULL,102,145,1.9610899686813354,-1.3629599809646606,-0.9214699864387512,38.52703094482422,-64.89359283447266,-40.91999816894531,1.369089961051941,45.900001525878906,158,1),(675,'2020-08-22 15:12:04','2020-08-22 15:12:04',NULL,102,145,-0.4626300036907196,1.0704200267791748,0.856410026550293,-65.5999526977539,-76.24720764160156,29.367469787597656,1.489050030708313,31,158,1),(676,'2020-08-22 15:12:14','2020-08-22 15:12:14',NULL,102,145,0.3404400050640106,1.616510033607483,-1.6793299913406372,-23.768049240112305,67.6180419921875,-80.79976654052734,2.4781999588012695,10,158,1),(677,'2020-08-22 15:12:24','2020-08-22 15:12:24',NULL,102,145,-0.9952600002288818,1.6292799711227417,-1.7507799863815308,-38.897239685058594,-83.61894226074219,27.67095947265625,1.877769947052002,42.099998474121094,158,1),(678,'2020-08-22 15:12:34','2020-08-22 15:12:34',NULL,102,145,1.681439995765686,1.2595399618148804,-0.0391400009393692,-42.95269012451172,64.67520141601562,-48.5017204284668,2.5144100189208984,-1.7000000476837158,158,1),(679,'2020-08-22 15:12:44','2020-08-22 15:12:44',NULL,102,145,1.9427800178527832,1.813349962234497,-0.8565099835395813,-55.407440185546875,-69.57154083251953,-6.760310173034668,0.04910999909043312,2.5,158,1),(680,'2020-08-22 15:12:54','2020-08-22 15:12:54',NULL,102,145,-1.2432299852371216,-0.6941400170326233,-1.9973900318145752,31.479520797729492,-48.972328186035156,-2.4045300483703613,2.748039960861206,30.799999237060547,158,1),(681,'2020-08-22 15:13:05','2020-08-22 15:13:05',NULL,102,145,1.5321199893951416,0.2102999985218048,-1.2698899507522583,-13.864439964294434,-20.24315071105957,84.09043884277344,1.8591599464416504,7.5,158,1),(682,'2020-08-22 15:13:15','2020-08-22 15:13:15',NULL,102,145,-0.7664099931716919,-1.5975199937820435,-0.70660001039505,1.7353299856185913,-19.733009338378906,-84.67674255371094,3.279710054397583,26.899999618530273,158,1),(683,'2020-08-22 15:13:25','2020-08-22 15:13:25',NULL,102,145,0.5675600171089172,0.30041998624801636,-1.4551399946212769,-52.805198669433594,-19.73889923095703,-84.74078369140625,0.8849999904632568,31.799999237060547,158,1),(684,'2020-08-22 15:13:35','2020-08-22 15:13:35',NULL,102,145,0.23799000680446625,-0.8005800247192383,-0.34841999411582947,-3.6655800342559814,55.837711334228516,3.443690061569214,4.440090179443359,23.299999237060547,158,1),(685,'2020-08-22 15:13:45','2020-08-22 15:13:45',NULL,102,145,-1.7273999452590942,1.8023799657821655,-1.1545900106430054,-27.945690155029297,-22.458139419555664,10.930800437927246,0.2284500002861023,28.5,158,1),(686,'2020-08-22 15:13:55','2020-08-22 15:13:55',NULL,102,145,-0.5805500149726868,1.9454100131988525,-1.5066399574279785,-78.90196990966797,-12.779959678649902,-80.24504852294922,4.276519775390625,51.79999923706055,158,1),(687,'2020-08-22 15:14:05','2020-08-22 15:14:05',NULL,102,145,-0.3861899971961975,0.5188699960708618,1.48826003074646,-19.266000747680664,-64.80902099609375,-40.51387023925781,3.5740699768066406,6.699999809265137,158,1),(688,'2020-08-22 15:14:15','2020-08-22 15:14:15',NULL,102,145,-1.48471999168396,0.5835700035095215,-0.04024999961256981,-40.02864074707031,71.46037292480469,-89.82676696777344,3.30679988861084,35.5,158,1),(689,'2020-08-22 15:14:26','2020-08-22 15:14:26',NULL,102,145,-0.884660005569458,0.6823700070381165,-0.694350004196167,-83.42268371582031,-57.66035079956055,19.920679092407227,2.3339200019836426,47.599998474121094,158,1),(690,'2020-08-22 15:14:35','2020-08-22 15:14:35',NULL,102,145,1.4150899648666382,1.3471200466156006,0.5435199737548828,-74.6109619140625,27.837739944458008,-11.541709899902344,3.123850107192993,43.599998474121094,158,1),(691,'2020-08-22 15:14:45','2020-08-22 15:14:45',NULL,102,145,-0.8266199827194214,-0.19919000566005707,1.9825999736785889,24.026029586791992,-71.84642028808594,34.91883850097656,1.364490032196045,13.100000381469727,158,1),(692,'2020-08-22 15:14:55','2020-08-22 15:14:55',NULL,102,145,0.7252200245857239,1.8551100492477417,1.2161200046539307,7.301179885864258,28.844030380249023,-22.05685043334961,1.0872399806976318,17,158,1),(693,'2020-08-22 15:15:06','2020-08-22 15:15:06',NULL,102,145,-1.1294599771499634,-1.996749997138977,-1.5662200450897217,-10.645790100097656,-43.412139892578125,10.91703987121582,2.757460117340088,9.699999809265137,158,1),(694,'2020-08-22 15:15:15','2020-08-22 15:15:15',NULL,102,145,0.8332099914550781,0.7081000208854675,0.05468999966979027,36.33211898803711,3.8016700744628906,-0.6405799984931946,3.4622600078582764,11.5,158,1),(695,'2020-08-22 15:15:25','2020-08-22 15:15:25',NULL,102,145,-0.7095999717712402,-0.1143300011754036,-0.31949999928474426,-63.779170989990234,-38.99333953857422,84.36621856689453,3.60575008392334,14.300000190734863,158,1),(696,'2020-08-22 15:15:35','2020-08-22 15:15:35',NULL,102,145,1.4722599983215332,-0.41613999009132385,1.3689600229263306,-42.22985076904297,-74.7668685913086,63.117401123046875,1.1048699617385864,30.100000381469727,158,1),(697,'2020-08-22 15:15:46','2020-08-22 15:15:46',NULL,102,145,-0.6680999994277954,0.8565800189971924,-1.7723300457000732,-51.228580474853516,32.229888916015625,-5.058750152587891,1.036910057067871,24.5,158,1),(698,'2020-08-22 15:15:56','2020-08-22 15:15:56',NULL,102,145,-0.2143400013446808,1.8330899477005005,1.3282400369644165,80.83226013183594,-22.16301918029785,80.84889221191406,3.843440055847168,16.100000381469727,158,1),(699,'2020-08-22 15:16:06','2020-08-22 15:16:06',NULL,102,145,-1.9762099981307983,1.9827699661254883,-0.05926999822258949,-53.079471588134766,25.69713020324707,-15.756219863891602,2.2775800228118896,21.5,158,1),(700,'2020-08-22 15:16:16','2020-08-22 15:16:16',NULL,102,145,0.8912699818611145,1.5750900506973267,0.08835999667644501,-50.60697937011719,-47.333709716796875,-52.61384963989258,3.8652799129486084,39.099998474121094,158,1),(701,'2020-08-22 15:16:26','2020-08-22 15:16:26',NULL,102,145,1.3391300439834595,-0.6650000214576721,0.4226199984550476,47.978981018066406,70.8848876953125,7.391689777374268,1.7359700202941895,21.5,158,1),(702,'2020-08-22 15:16:36','2020-08-22 15:16:36',NULL,102,145,0.9459499716758728,1.2935199737548828,0.41861000657081604,60.34611892700195,-80.78009033203125,15.170829772949219,0.03612000122666359,6.099999904632568,158,1),(703,'2020-08-22 15:17:26','2020-08-22 15:17:26',NULL,102,145,0.02411000058054924,0.7750800251960754,0.4891499876976013,-21.92115020751953,-70.1558837890625,81.21987915039062,2.3301498889923096,22.899999618530273,158,1),(704,'2020-08-22 15:17:36','2020-08-22 15:17:36',NULL,102,145,0.31161999702453613,-1.8815399408340454,-1.1088000535964966,-10.190179824829102,25.51361083984375,-24.509580612182617,1.4944700002670288,26.100000381469727,158,1),(705,'2020-08-22 15:17:46','2020-08-22 15:17:46',NULL,102,145,0.9552599787712097,-1.0817099809646606,0.019060000777244568,-4.387400150299072,60.5860710144043,34.738800048828125,0.5303300023078918,5,158,1),(706,'2020-08-22 15:17:56','2020-08-22 15:17:56',NULL,102,145,-0.2327899932861328,-0.2848399877548218,-0.592270016670227,-18.970279693603516,-24.945329666137695,76.42639923095703,0.865119993686676,14.899999618530273,158,1),(707,'2020-08-22 15:18:06','2020-08-22 15:18:06',NULL,102,145,-1.954800009727478,0.8006299734115601,-1.4117100238800049,-54.219818115234375,56.24039840698242,4.825129985809326,4.309410095214844,40,158,1),(708,'2020-08-22 15:18:17','2020-08-22 15:18:17',NULL,102,145,0.7971600294113159,0.02101000025868416,-0.5136799812316895,-27.42214012145996,64.27591705322266,-63.02643966674805,1.8024699687957764,22,158,1),(709,'2020-08-22 15:18:27','2020-08-22 15:18:27',NULL,102,145,0.03620000183582306,-1.2235300540924072,-1.859220027923584,44.025550842285156,-35.32408905029297,78.38558197021484,4.442160129547119,12.5,158,1),(710,'2020-08-22 15:18:37','2020-08-22 15:18:37',NULL,102,145,0.14590999484062195,1.2153799533843994,-1.2568999528884888,70.45040893554688,20.745630264282227,-47.27239990234375,1.6416800022125244,23.100000381469727,158,1),(711,'2020-08-22 15:18:47','2020-08-22 15:18:47',NULL,102,145,0.3159700036048889,-0.3759100139141083,-1.0033799409866333,-52.4404411315918,37.873260498046875,-69.63430786132812,4.056029796600342,-1.899999976158142,158,1),(712,'2020-08-22 15:18:57','2020-08-22 15:18:57',NULL,102,145,1.048069953918457,1.0118900537490845,-0.20363999903202057,-27.38220977783203,33.787410736083984,17.92177963256836,2.4550299644470215,33.79999923706055,158,1),(713,'2020-08-22 15:19:07','2020-08-22 15:19:07',NULL,102,145,-0.2678700089454651,-0.10863000154495239,0.2290399968624115,-24.362789154052734,74.11473846435547,7.551209926605225,2.421750068664551,29.100000381469727,158,1),(714,'2020-08-22 15:19:17','2020-08-22 15:19:17',NULL,102,145,0.29287999868392944,-1.7459100484848022,-1.106510043144226,-10.267009735107422,-35.81698989868164,53.501468658447266,1.8303099870681763,43.20000076293945,158,1),(715,'2020-08-22 15:19:27','2020-08-22 15:19:27',NULL,102,145,-0.0933300033211708,-0.25850000977516174,0.5413200259208679,38.983360290527344,-69.24423217773438,-34.639888763427734,1.663789987564087,5.599999904632568,158,1),(716,'2020-08-22 15:19:37','2020-08-22 15:19:37',NULL,102,145,1.7886799573898315,-0.9887800216674805,-0.9620800018310547,-37.1821403503418,59.86695098876953,15.312800407409668,2.096820116043091,13.199999809265137,158,1),(717,'2020-08-22 15:19:47','2020-08-22 15:19:47',NULL,102,145,1.050379991531372,-0.7013499736785889,-0.356220006942749,-45.537479400634766,-66.9808578491211,-47.73292922973633,0.6133300065994263,44.599998474121094,158,1),(718,'2020-08-22 15:19:57','2020-08-22 15:19:57',NULL,102,145,-1.3726600408554077,1.1738500595092773,1.6160900592803955,35.7678108215332,51.58985137939453,-54.105201721191406,2.2217700481414795,38,158,1),(719,'2020-08-22 15:20:07','2020-08-22 15:20:07',NULL,102,145,-1.7226699590682983,1.4937399625778198,0.13071000576019287,4.598110198974609,-82.33019256591797,-47.7970085144043,2.636660099029541,21.899999618530273,158,1),(720,'2020-08-22 15:20:17','2020-08-22 15:20:17',NULL,102,145,1.6487300395965576,-0.45037001371383667,0.524399995803833,62.7370491027832,63.150970458984375,83.29112243652344,3.682149887084961,38,158,1),(721,'2020-08-22 15:20:27','2020-08-22 15:20:27',NULL,102,145,-1.5807000398635864,1.4100600481033325,1.8573600053787231,24.640869140625,-42.905208587646484,56.04072189331055,1.6619700193405151,-3,158,1),(722,'2020-08-22 15:20:38','2020-08-22 15:20:38',NULL,102,145,-1.4948300123214722,-0.5410500168800354,0.7961400151252747,-15.14074993133545,-84.98407745361328,-33.01462936401367,1.2431399822235107,26.600000381469727,158,1),(723,'2020-08-22 15:20:48','2020-08-22 15:20:48',NULL,102,145,1.3402400016784668,0.12905000150203705,-1.1831799745559692,62.711238861083984,80.5064697265625,-28.30038070678711,0.07005000114440918,52.29999923706055,158,1),(724,'2020-08-22 15:20:58','2020-08-22 15:20:58',NULL,102,145,1.2258599996566772,0.8306999802589417,1.7284899950027466,-84.83865356445312,-12.408320426940918,69.47516632080078,3.364419937133789,38.099998474121094,158,1),(725,'2020-08-22 15:21:08','2020-08-22 15:21:08',NULL,102,145,-0.24924999475479126,-0.924049973487854,-1.4829399585723877,-43.4333610534668,-81.99830627441406,13.409119606018066,2.547339916229248,39.29999923706055,158,1),(726,'2020-08-22 15:21:18','2020-08-22 15:21:18',NULL,102,145,0.28137001395225525,-1.2020900249481201,0.5094199776649475,-81.74590301513672,-5.103740215301514,-43.64931869506836,1.7359000444412231,49.400001525878906,158,1),(727,'2020-08-22 15:21:28','2020-08-22 15:21:28',NULL,102,145,1.5224800109863281,-1.1344799995422363,-0.1421699970960617,-53.2136116027832,51.858638763427734,28.1995792388916,1.5535900592803955,1.2999999523162842,158,1),(728,'2020-08-22 15:21:38','2020-08-22 15:21:38',NULL,102,145,-0.8519200086593628,0.7935100197792053,0.3446899950504303,-72.45924377441406,15.538809776306152,-62.006649017333984,1.7463799715042114,30.5,158,1),(729,'2020-08-22 15:21:48','2020-08-22 15:21:48',NULL,102,145,-1.4973700046539307,0.6477599740028381,1.5076099634170532,-88.57933807373047,3.669569969177246,-77.70024871826172,3.5979199409484863,11.100000381469727,158,1),(730,'2020-08-22 15:21:58','2020-08-22 15:21:58',NULL,102,145,1.3726199865341187,-1.8540300130844116,1.0847699642181396,14.606510162353516,-69.49854278564453,-65.98419952392578,4.317619800567627,21.299999237060547,158,1),(731,'2020-08-22 15:22:08','2020-08-22 15:22:08',NULL,102,145,1.8283799886703491,1.9535900354385376,0.7806000113487244,52.96556091308594,35.087310791015625,70.14067840576172,0.17205999791622162,49.79999923706055,158,1),(732,'2020-08-22 15:22:19','2020-08-22 15:22:19',NULL,102,145,0.13631999492645264,-1.8249200582504272,0.35179999470710754,-75.94043731689453,-62.41225814819336,-35.558719635009766,1.7139400243759155,51.5,158,1),(733,'2020-08-22 15:22:29','2020-08-22 15:22:29',NULL,102,145,-0.258650004863739,1.0405499935150146,-0.9863600134849548,-34.692989349365234,0.31632000207901,-17.419279098510742,1.852620005607605,-0.800000011920929,158,1),(734,'2020-08-22 15:22:39','2020-08-22 15:22:39',NULL,102,145,-1.680299997329712,-1.2124099731445312,-0.8334199786186218,74.11476135253906,9.329000473022461,-80.2488784790039,0.7436000108718872,38,158,1),(735,'2020-08-22 15:22:49','2020-08-22 15:22:49',NULL,102,145,1.9020500183105469,-0.26146000623703003,1.4431899785995483,78.7229232788086,26.589149475097656,37.42559814453125,1.408120036125183,48.400001525878906,158,1),(736,'2020-08-22 15:22:59','2020-08-22 15:22:59',NULL,102,145,-0.9331099987030029,1.5729399919509888,-1.9245599508285522,24.830280303955078,51.8980712890625,45.355979919433594,4.033899784088135,34.5,158,1),(737,'2020-08-22 15:23:10','2020-08-22 15:23:10',NULL,102,145,0.20432999730110168,0.7954599857330322,1.5822399854660034,9.049189567565918,-63.145179748535156,6.781139850616455,2.311039924621582,-0.10000000149011612,158,1),(738,'2020-08-22 15:23:20','2020-08-22 15:23:20',NULL,102,145,-1.1499099731445312,-0.6010400056838989,-0.2227099984884262,62.30501937866211,67.37705993652344,20.69828987121582,3.0456700325012207,14.300000190734863,158,1),(739,'2020-08-22 15:23:30','2020-08-22 15:23:30',NULL,102,145,-1.910140037536621,-0.2770099937915802,-1.902690052986145,9.390119552612305,-63.03651809692383,2.713469982147217,3.087549924850464,21.399999618530273,158,1),(740,'2020-08-22 15:23:40','2020-08-22 15:23:40',NULL,102,145,1.0340100526809692,-1.4924299716949463,0.25049999356269836,35.86642837524414,-29.44738006591797,40.75362014770508,2.95169997215271,35.900001525878906,158,1),(741,'2020-08-22 15:23:50','2020-08-22 15:23:50',NULL,102,145,-1.6374599933624268,1.1422300338745117,-1.814620018005371,10.229390144348145,-8.602640151977539,-49.541500091552734,0.11475999653339386,11,158,1),(742,'2020-08-22 15:32:57','2020-08-22 15:32:57',NULL,102,145,-1.3547600507736206,-1.903980016708374,-0.30167001485824585,-41.799190521240234,-84.02218627929688,-71.2090072631836,0.7935900092124939,20,158,1),(743,'2020-08-22 15:35:37','2020-08-22 15:35:37',NULL,102,145,0.11146000027656555,0.29719001054763794,-1.5833300352096558,20.814769744873047,-69.12702941894531,-1.8839800357818604,4.317560195922852,7.300000190734863,158,1),(744,'2020-08-22 15:38:38','2020-08-22 15:38:38',NULL,102,145,0.007799999788403511,1.3231099843978882,1.4907599687576294,-59.92634963989258,-13.149160385131836,-69.48922729492188,0.6104099750518799,42.70000076293945,158,1),(745,'2020-08-22 15:49:43','2020-08-22 15:49:43',NULL,102,145,1.2033900022506714,1.0397900342941284,0.3157599866390228,13.558429718017578,52.42726135253906,-23.391460418701172,2.1282999515533447,44.70000076293945,158,1),(746,'2020-08-22 15:49:53','2020-08-22 15:49:53',NULL,102,145,0.1691100001335144,-1.844230055809021,-1.8472599983215332,79.63529968261719,-11.610170364379883,68.61592864990234,0.8372600078582764,34.29999923706055,158,1),(747,'2020-08-22 15:52:24','2020-08-22 15:52:24',NULL,102,145,-0.4682700037956238,-0.7519500255584717,0.01510000042617321,-32.276119232177734,-28.954679489135742,-11.581159591674805,1.884600043296814,23.600000381469727,158,1),(748,'2020-08-22 15:52:34','2020-08-22 15:52:34',NULL,102,145,1.0559500455856323,-0.5937100052833557,1.9312399625778198,-34.53266143798828,57.127811431884766,-78.91278839111328,1.217229962348938,49.099998474121094,158,1),(749,'2020-08-22 15:52:44','2020-08-22 15:52:44',NULL,102,145,0.789870023727417,-0.9367600083351135,-0.32236000895500183,-25.58350944519043,-33.882850646972656,-62.15016174316406,1.7806099653244019,15,158,1),(750,'2020-08-22 15:52:54','2020-08-22 15:52:54',NULL,102,145,-0.5569599866867065,-0.37942999601364136,-1.4038399457931519,13.789520263671875,-61.6303596496582,-57.19403076171875,1.2866899967193604,7.800000190734863,158,1),(751,'2020-08-22 15:53:05','2020-08-22 15:53:05',NULL,102,145,-0.9743000268936157,-0.2376600056886673,1.1302200555801392,81.01921081542969,23.96561050415039,75.22393798828125,2.7358999252319336,23.600000381469727,158,1),(752,'2020-08-22 15:53:14','2020-08-22 15:53:14',NULL,102,145,-1.7377599477767944,-0.8455100059509277,0.13857999444007874,-66.2223129272461,-27.797000885009766,-10.750100135803223,1.058899998664856,35.900001525878906,158,1),(753,'2020-08-22 15:53:24','2020-08-22 15:53:24',NULL,102,145,-0.5189599990844727,1.2459700107574463,0.9357200264930725,-38.91147994995117,-60.665409088134766,-84.67413330078125,2.4347100257873535,51.29999923706055,158,1),(754,'2020-08-22 15:53:34','2020-08-22 15:53:34',NULL,102,145,1.9811099767684937,0.17136000096797943,1.058709979057312,24.211380004882812,-85.11898040771484,-85.57180786132812,3.6128599643707275,20.399999618530273,158,1),(755,'2020-08-22 15:53:44','2020-08-22 15:53:44',NULL,102,145,-1.1249200105667114,0.7550699710845947,0.7606800198554993,-49.8967399597168,-47.22893142700195,1.6996500492095947,1.675819993019104,31.399999618530273,158,1),(756,'2020-08-22 15:54:05','2020-08-22 15:54:05',NULL,102,145,-1.2420799732208252,-0.619350016117096,1.5412399768829346,68.22869873046875,59.53593826293945,2.422640085220337,4.138919830322266,50.20000076293945,158,1),(757,'2020-08-22 15:54:15','2020-08-22 15:54:15',NULL,102,145,-0.7001000046730042,1.9803800582885742,1.3195600509643555,31.111289978027344,33.58747100830078,67.77622985839844,1.86149001121521,45.79999923706055,158,1),(758,'2020-08-22 15:54:25','2020-08-22 15:54:25',NULL,102,145,-0.6359099745750427,1.0735399723052979,0.14920000731945038,25.832439422607422,-60.97618865966797,15.75531005859375,3.293570041656494,15.699999809265137,158,1),(759,'2020-08-22 15:54:35','2020-08-22 15:54:35',NULL,102,145,-0.5427500009536743,-0.44832998514175415,-1.3046200275421143,81.59986877441406,-22.430500030517578,-55.702781677246094,2.6048998832702637,48.29999923706055,158,1),(760,'2020-08-22 15:54:45','2020-08-22 15:54:45',NULL,102,145,1.9660700559616089,0.15421999990940094,-1.4419900178909302,-56.57590866088867,-39.15058898925781,41.09711837768555,1.1721199750900269,26.100000381469727,158,1),(761,'2020-08-22 15:54:55','2020-08-22 15:54:55',NULL,102,145,0.33618998527526855,-0.8162800073623657,-0.14887000620365143,51.66238021850586,23.41912078857422,31.126550674438477,2.3438498973846436,9.300000190734863,158,1),(762,'2020-08-22 15:55:34','2020-08-22 15:55:34',NULL,102,145,-0.2722199857234955,1.3224999904632568,-0.4911800026893616,55.3019905090332,-32.83549880981445,70.45130157470703,0.8688099980354309,34.70000076293945,158,1),(763,'2020-08-22 15:55:34','2020-08-22 15:55:34',NULL,102,145,-1.8523199558258057,-1.449049949645996,1.3177900314331055,4.175139904022217,-19.274070739746094,60.948448181152344,3.882230043411255,33.900001525878906,158,1),(764,'2020-08-22 15:55:36','2020-08-22 15:55:36',NULL,102,145,1.0581200122833252,0.16734999418258667,-1.3235599994659424,-12.770979881286621,-49.95766830444336,-18.002330780029297,1.834030032157898,24,158,1),(765,'2020-08-22 15:55:37','2020-08-22 15:55:37',NULL,102,145,0.46195000410079956,-1.0907000303268433,1.0805399417877197,-72.55715942382812,-3.660569906234741,-28.70383071899414,2.2802200317382812,4.400000095367432,158,1),(766,'2020-08-22 15:55:45','2020-08-22 15:55:45',NULL,102,145,-0.5355100035667419,0.17664000391960144,1.33542001247406,49.92366027832031,-32.51905059814453,67.59063720703125,2.43572998046875,31.5,158,1),(767,'2020-08-22 15:55:55','2020-08-22 15:55:55',NULL,102,145,-0.6880699992179871,-0.6439899802207947,-1.5052299499511719,-49.65412139892578,62.84894943237305,-29.138999938964844,2.229720115661621,30.899999618530273,158,1),(768,'2020-08-22 15:56:05','2020-08-22 15:56:05',NULL,102,145,-0.09373000264167786,0.24690000712871552,1.5260100364685059,-26.628690719604492,-57.98699951171875,-6.108329772949219,0.8438000082969666,49.900001525878906,158,1),(769,'2020-08-22 15:56:15','2020-08-22 15:56:15',NULL,102,145,-1.2031699419021606,1.5893499851226807,-1.2978700399398804,-69.72942352294922,-0.008080000057816505,18.833419799804688,0.21161000430583954,8.300000190734863,158,1),(770,'2020-08-22 15:56:25','2020-08-22 15:56:25',NULL,102,145,1.6483700275421143,-1.3069000244140625,-0.2797900140285492,-74.72102355957031,79.82434844970703,20.812259674072266,0.945609986782074,9.5,158,1),(771,'2020-08-22 15:56:36','2020-08-22 15:56:36',NULL,102,145,-0.8143399953842163,1.168429970741272,-0.4535300135612488,-16.45792007446289,29.738290786743164,-61.830421447753906,0.7531200051307678,7.199999809265137,158,1),(772,'2020-08-22 15:56:46','2020-08-22 15:56:46',NULL,102,145,-0.3852599859237671,1.7584199905395508,-1.0122100114822388,-36.835609436035156,-21.581220626831055,-17.228919982910156,0.9320099949836731,47.599998474121094,158,1),(773,'2020-08-22 15:56:56','2020-08-22 15:56:56',NULL,102,145,-0.4793199896812439,-0.7270799875259399,-1.0100599527359009,-40.684898376464844,53.33742141723633,55.45174026489258,4.17533016204834,49.5,158,1),(774,'2020-08-22 15:57:06','2020-08-22 15:57:06',NULL,102,145,-1.7581199407577515,-1.3760199546813965,1.662269949913025,80.12113952636719,-21.822959899902344,4.021639823913574,2.566999912261963,10.199999809265137,158,1),(775,'2020-08-22 15:57:17','2020-08-22 15:57:17',NULL,102,145,0.720990002155304,-1.0371400117874146,1.0289700031280518,-9.868599891662598,72.11373138427734,6.054959774017334,1.6078499555587769,2.9000000953674316,158,1),(776,'2020-08-22 15:57:26','2020-08-22 15:57:26',NULL,102,145,-0.1676499992609024,-1.0813499689102173,0.5069500207901001,-54.63943862915039,75.4836196899414,23.273889541625977,3.127769947052002,43.29999923706055,158,1),(777,'2020-08-22 15:57:36','2020-08-22 15:57:36',NULL,102,145,1.1860100030899048,1.9383900165557861,0.11025000363588333,-0.6483700275421143,-86.03668975830078,51.53615951538086,1.8674999475479126,34.900001525878906,158,1),(778,'2020-08-22 15:57:46','2020-08-22 15:57:46',NULL,102,145,1.4082900285720825,0.7287999987602234,-1.6190299987792969,3.1648900508880615,73.51728820800781,-47.758968353271484,3.5564000606536865,50.79999923706055,158,1),(779,'2020-08-22 15:57:56','2020-08-22 15:57:56',NULL,102,145,-1.1010299921035767,1.7995400428771973,-1.953179955482483,57.17485809326172,36.517181396484375,-27.992530822753906,0.7582399845123291,35.79999923706055,158,1),(780,'2020-08-22 15:58:06','2020-08-22 15:58:06',NULL,102,145,-1.9350600242614746,1.108049988746643,0.405239999294281,-0.7557700276374817,-22.10909080505371,11.953740119934082,3.7539799213409424,19.799999237060547,158,1),(781,'2020-08-22 15:58:16','2020-08-22 15:58:16',NULL,102,145,0.030500000342726707,1.8059600591659546,-0.5659800171852112,-11.306570053100586,-0.7962499856948853,14.574040412902832,0.1236099973320961,4.699999809265137,158,1),(782,'2020-08-22 15:58:26','2020-08-22 15:58:26',NULL,102,145,-1.1758400201797485,1.087049961090088,0.6285399794578552,32.73228073120117,-73.9287109375,-81.38253021240234,2.9060399532318115,6.400000095367432,158,1),(783,'2020-08-22 15:58:36','2020-08-22 15:58:36',NULL,102,145,0.04207000136375427,-0.8632500171661377,1.5655499696731567,-35.30030822753906,-15.810070037841797,-60.00392150878906,2.8613901138305664,8.100000381469727,158,1),(784,'2020-08-22 15:58:46','2020-08-22 15:58:46',NULL,102,145,0.9879299998283386,-0.8167499899864197,-0.8065099716186523,41.81645965576172,-27.427579879760742,58.45212173461914,0.3668999969959259,4.800000190734863,158,1),(785,'2020-08-22 15:58:57','2020-08-22 15:58:57',NULL,102,145,1.2895400524139404,-0.34984999895095825,0.8494399785995483,-84.79711151123047,66.71981048583984,-8.748669624328613,1.789180040359497,22.600000381469727,158,1),(786,'2020-08-22 15:59:06','2020-08-22 15:59:06',NULL,102,145,0.9918699860572815,1.4106500148773193,-1.997439980506897,-63.29029083251953,38.49993133544922,-57.644901275634766,3.8112900257110596,0.10000000149011612,158,1),(787,'2020-08-22 15:59:17','2020-08-22 15:59:17',NULL,102,145,1.1266800165176392,1.1433600187301636,1.724120020866394,59.86212158203125,-1.368980050086975,54.23651123046875,2.609920024871826,32.400001525878906,158,1),(788,'2020-08-22 15:59:27','2020-08-22 15:59:27',NULL,102,145,1.7587599754333496,-0.2104099988937378,-1.115880012512207,-89.61029052734375,-55.052120208740234,-62.478050231933594,2.1678600311279297,40.400001525878906,158,1),(789,'2020-08-22 15:59:37','2020-08-22 15:59:37',NULL,102,145,0.508679986000061,-0.887719988822937,0.07440000027418137,46.4668083190918,-65.62638092041016,56.13248825073242,0.47901999950408936,34.29999923706055,158,1),(790,'2020-08-22 15:59:47','2020-08-22 15:59:47',NULL,102,145,0.552079975605011,1.3564800024032593,0.2584199905395508,28.206140518188477,26.655399322509766,-2.8542299270629883,3.9577200412750244,47.20000076293945,158,1),(791,'2020-08-22 15:59:57','2020-08-22 15:59:57',NULL,102,145,1.0956499576568604,-0.9886900186538696,1.1474900245666504,-2.0986099243164062,-20.260700225830078,-89.0344009399414,1.8519099950790405,52.29999923706055,158,1),(792,'2020-08-22 16:00:07','2020-08-22 16:00:07',NULL,102,145,-0.670520007610321,-0.3264000117778778,0.3036400079727173,-4.744639873504639,18.300649642944336,-23.393199920654297,2.401740074157715,26.100000381469727,158,1),(793,'2020-08-22 16:00:17','2020-08-22 16:00:17',NULL,102,145,-1.143839955329895,1.0130399465560913,-0.030980000272393227,-87.7542724609375,79.35482788085938,-75.31900024414062,4.405270099639893,19.299999237060547,158,1),(794,'2020-08-22 16:00:27','2020-08-22 16:00:27',NULL,102,145,1.5963000059127808,-1.1611499786376953,-1.3781299591064453,-66.66015625,50.525001525878906,60.34743118286133,3.696739912033081,40.400001525878906,158,1),(795,'2020-08-22 16:00:38','2020-08-22 16:00:38',NULL,102,145,0.17072999477386475,1.2681000232696533,0.25905001163482666,45.627601623535156,-25.38833999633789,63.17536163330078,2.114039897918701,2.200000047683716,158,1),(796,'2020-08-22 16:00:48','2020-08-22 16:00:48',NULL,102,145,-0.2408600002527237,-0.004480000119656324,0.4051400125026703,20.886899948120117,-41.156089782714844,24.87380027770996,4.421199798583984,5,158,1),(797,'2020-08-22 16:00:57','2020-08-22 16:00:57',NULL,102,145,-1.5646100044250488,1.6648900508880615,-0.15189999341964722,37.28681182861328,37.01615905761719,42.084678649902344,2.067770004272461,16.100000381469727,158,1),(798,'2020-08-22 16:01:07','2020-08-22 16:01:07',NULL,102,145,0.9793099761009216,-1.657960057258606,1.1014699935913086,69.13961791992188,-75.86372375488281,7.749179840087891,0.804830014705658,13,158,1),(799,'2020-08-22 16:01:17','2020-08-22 16:01:17',NULL,102,145,1.1651300191879272,0.08933000266551971,-1.4068399667739868,-16.627399444580078,25.350690841674805,-43.41761016845703,1.5968400239944458,15.100000381469727,158,1),(800,'2020-08-22 16:01:27','2020-08-22 16:01:27',NULL,102,145,1.5263899564743042,0.641759991645813,-0.4191800057888031,-26.231660842895508,-23.906780242919922,-48.282920837402344,0.7933800220489502,30.600000381469727,158,1),(801,'2020-08-22 16:01:38','2020-08-22 16:01:38',NULL,102,145,1.597480058670044,-0.8153600096702576,-1.2063000202178955,-69.04097747802734,-34.01871871948242,55.88151931762695,3.9707000255584717,52,158,1),(802,'2020-08-22 16:01:48','2020-08-22 16:01:48',NULL,102,145,1.6317100524902344,1.232740044593811,-0.19885000586509705,-71.65911865234375,-57.237548828125,-8.67300033569336,3.131279945373535,21.399999618530273,158,1),(803,'2020-08-22 16:01:58','2020-08-22 16:01:58',NULL,102,145,0.7959700226783752,1.6111299991607666,-1.8923399448394775,19.402009963989258,16.8723201751709,-2.148940086364746,1.1142899990081787,11,158,1),(804,'2020-08-22 16:02:08','2020-08-22 16:02:08',NULL,102,145,0.8419100046157837,-1.4625400304794312,-1.025570034980774,-69.92272186279297,-73.31342315673828,78.17906951904297,1.6001700162887573,41.29999923706055,158,1),(805,'2020-08-22 16:02:18','2020-08-22 16:02:18',NULL,102,145,0.25369998812675476,-0.19407999515533447,-1.0324599742889404,48.14496994018555,80.04373931884766,12.116310119628906,3.8407599925994873,25.299999237060547,158,1),(806,'2020-08-22 16:02:28','2020-08-22 16:02:28',NULL,102,145,1.8724000453948975,-1.9273699522018433,-1.7673499584197998,80.5267333984375,-20.588830947875977,52.26420974731445,0.9967300295829773,26.600000381469727,158,1),(807,'2020-08-22 16:02:38','2020-08-22 16:02:38',NULL,102,145,-1.003190040588379,0.2427300065755844,-1.5036699771881104,13.85990047454834,47.95330810546875,80.88497161865234,3.325160026550293,7.699999809265137,158,1),(808,'2020-08-22 16:02:48','2020-08-22 16:02:48',NULL,102,145,-1.0390599966049194,1.9589300155639648,1.7938400506973267,-49.550048828125,47.674949645996094,-41.846248626708984,2.364569902420044,51.20000076293945,158,1),(809,'2020-08-22 16:02:58','2020-08-22 16:02:58',NULL,102,145,-0.8119800090789795,0.1916700005531311,0.9235900044441223,-6.461420059204102,80.06597137451172,48.85953140258789,2.455280065536499,32.099998474121094,158,1),(810,'2020-08-22 16:03:08','2020-08-22 16:03:08',NULL,102,145,-1.2789100408554077,0.9308000206947327,-1.3719300031661987,54.43185043334961,-63.629451751708984,-24.53265953063965,4.437660217285156,7.300000190734863,158,1),(811,'2020-08-22 16:03:19','2020-08-22 16:03:19',NULL,102,145,0.23013000190258026,0.9789299964904785,-1.498579978942871,57.770660400390625,24.127140045166016,-35.417381286621094,3.0200700759887695,42.70000076293945,158,1),(812,'2020-08-22 16:03:29','2020-08-22 16:03:29',NULL,102,145,1.4957799911499023,0.8461899757385254,0.6234899759292603,-11.837369918823242,12.761839866638184,-22.964509963989258,3.406670093536377,41.400001525878906,158,1),(813,'2020-08-22 16:03:39','2020-08-22 16:03:39',NULL,102,145,1.369570016860962,1.746649980545044,0.9205099940299988,53.21186828613281,-32.23170852661133,-4.188529968261719,2.401439905166626,9.800000190734863,158,1),(814,'2020-08-22 16:03:49','2020-08-22 16:03:49',NULL,102,145,1.2107900381088257,1.696310043334961,-0.7476800084114075,-63.40864181518555,-4.491040229797363,-24.100780487060547,2.188570022583008,8.399999618530273,158,1),(815,'2020-08-22 16:03:58','2020-08-22 16:03:58',NULL,102,145,-1.2001399993896484,1.7125999927520752,1.226140022277832,32.393798828125,-51.76689147949219,-0.5801900029182434,2.005340099334717,47.29999923706055,158,1),(816,'2020-08-22 16:04:09','2020-08-22 16:04:09',NULL,102,145,-0.2717199921607971,1.115440011024475,-1.263100028038025,-81.93917846679688,27.836849212646484,-41.49106979370117,2.36680006980896,-0.20000000298023224,158,1),(817,'2020-08-22 16:04:19','2020-08-22 16:04:19',NULL,102,145,-0.7348300218582153,-1.0700299739837646,-1.7658100128173828,69.73306274414062,41.116981506347656,-19.863130569458008,0.5994200110435486,24.799999237060547,158,1),(818,'2020-08-22 16:04:29','2020-08-22 16:04:29',NULL,102,145,-0.2996799945831299,-1.609339952468872,-0.28433001041412354,-69.30435943603516,-70.5736312866211,-37.22713851928711,3.398560047149658,7.300000190734863,158,1),(819,'2020-08-22 16:04:49','2020-08-22 16:04:49',NULL,102,145,-0.07763999700546265,0.9715999960899353,-0.5907999873161316,48.47903060913086,7.9628801345825195,-55.20302963256836,2.381160020828247,26.399999618530273,158,1),(820,'2020-08-22 16:05:00','2020-08-22 16:05:00',NULL,102,145,-1.8481700420379639,-0.43248000741004944,0.4702099859714508,48.00117874145508,57.895118713378906,-81.2622299194336,3.186189889907837,3.5,158,1),(821,'2020-08-22 16:05:09','2020-08-22 16:05:09',NULL,102,145,1.1868000030517578,-0.5197200179100037,-1.7137800455093384,77.94209289550781,35.99100112915039,-69.27638244628906,1.0856300592422485,18.299999237060547,158,1),(822,'2020-08-22 16:05:19','2020-08-22 16:05:19',NULL,102,145,-1.753659963607788,1.1091200113296509,0.9271299839019775,6.70196008682251,83.62352752685547,24.72422981262207,1.9977400302886963,1.399999976158142,158,1),(823,'2020-08-22 16:05:29','2020-08-22 16:05:29',NULL,102,145,0.6364700198173523,-0.779229998588562,1.2295900583267212,-3.6411399841308594,-38.159889221191406,-42.73828125,0.13283999264240265,48.400001525878906,158,1),(824,'2020-08-22 16:05:39','2020-08-22 16:05:39',NULL,102,145,1.429229974746704,-0.8354600071907043,-1.123610019683838,36.594749450683594,22.65877914428711,3.3404700756073,0.15018999576568604,19.399999618530273,158,1),(825,'2020-08-22 16:05:49','2020-08-22 16:05:49',NULL,102,145,-1.3818299770355225,0.1890600025653839,-0.7976099848747253,-76.27873229980469,-33.500038146972656,-78.34375,0.4369199872016907,46.400001525878906,158,1),(826,'2020-08-22 16:05:59','2020-08-22 16:05:59',NULL,102,145,-1.2494200468063354,-1.1394200325012207,1.7271300554275513,-40.15827941894531,74.78819274902344,-36.86513137817383,1.237089991569519,24.600000381469727,158,1),(827,'2020-08-22 16:06:09','2020-08-22 16:06:09',NULL,102,145,0.0361500009894371,1.5827499628067017,1.4138599634170532,-36.095970153808594,-26.22233009338379,25.333650588989258,0.7355899810791016,19.899999618530273,158,1),(828,'2020-08-22 16:06:19','2020-08-22 16:06:19',NULL,102,145,1.932229995727539,-0.7819200158119202,-0.34477001428604126,-57.96160888671875,-72.78663635253906,45.18783950805664,0.33967000246047974,0.4000000059604645,158,1),(829,'2020-08-22 16:06:30','2020-08-22 16:06:30',NULL,102,145,-1.7943400144577026,-1.1891499757766724,-0.014530000276863575,-58.147579193115234,9.042499542236328,-13.407990455627441,0.15151000022888184,16.899999618530273,158,1),(830,'2020-08-22 16:06:40','2020-08-22 16:06:40',NULL,102,145,0.4712100028991699,1.4116699695587158,1.5192400217056274,9.707719802856445,-86.75173950195312,-20.40266990661621,3.638240098953247,40.400001525878906,158,1),(831,'2020-08-22 16:06:50','2020-08-22 16:06:50',NULL,102,145,-0.7935400009155273,-0.9964600205421448,-0.883109986782074,-10.64214038848877,38.084861755371094,14.194589614868164,3.5488500595092773,10.300000190734863,158,1),(832,'2020-08-22 16:07:00','2020-08-22 16:07:00',NULL,102,145,-0.756630003452301,1.5295100212097168,1.27646005153656,40.722591400146484,-25.919389724731445,-13.040769577026367,1.6252599954605103,47.900001525878906,158,1),(833,'2020-08-22 16:07:10','2020-08-22 16:07:10',NULL,102,145,-1.2636799812316895,1.0219199657440186,-1.247939944267273,-86.70555877685547,-2.8409199714660645,-53.73033142089844,0.6159999966621399,46.599998474121094,158,1),(834,'2020-08-22 16:07:20','2020-08-22 16:07:20',NULL,102,145,-1.3932000398635864,-0.1668899953365326,0.8989599943161011,-27.255109786987305,-21.055530548095703,-74.34754180908203,3.2512600421905518,16,158,1),(835,'2020-08-22 16:07:30','2020-08-22 16:07:30',NULL,102,145,-0.5354499816894531,-0.032180000096559525,-1.2548500299453735,56.43085861206055,-26.039180755615234,2.5334599018096924,3.645090103149414,23.399999618530273,158,1),(836,'2020-08-22 16:07:40','2020-08-22 16:07:40',NULL,102,145,-0.9946200251579285,0.5170400142669678,1.7895300388336182,41.85150909423828,-5.018710136413574,-14.634900093078613,1.3115899562835693,9.100000381469727,158,1),(837,'2020-08-22 16:07:50','2020-08-22 16:07:50',NULL,102,145,-1.1145100593566895,0.19349999725818634,-0.47339001297950745,-11.861610412597656,-77.61573791503906,-3.0198800563812256,0.8998900055885315,8.699999809265137,158,1),(838,'2020-08-22 16:08:00','2020-08-22 16:08:00',NULL,102,145,0.07232999801635742,1.968709945678711,-1.3022199869155884,-48.798118591308594,-56.69961166381836,55.75014877319336,1.0021799802780151,18.399999618530273,158,1),(839,'2020-08-22 16:08:10','2020-08-22 16:08:10',NULL,102,145,1.6720800399780273,-1.1885099411010742,1.2691800594329834,-10.934229850769043,-42.46104049682617,43.14725875854492,2.2215700149536133,-1.600000023841858,158,1),(840,'2020-08-22 16:08:21','2020-08-22 16:08:21',NULL,102,145,-1.7663300037384033,-0.47183001041412354,0.13607999682426453,28.6878604888916,-70.78614807128906,10.751199722290039,4.312920093536377,34.29999923706055,158,1),(841,'2020-08-22 16:08:30','2020-08-22 16:08:30',NULL,102,145,-1.4706699848175049,-0.29572001099586487,-0.4461100101470947,70.54911804199219,36.966060638427734,-65.48893737792969,0.22290000319480896,41.599998474121094,158,1),(842,'2020-08-22 16:08:40','2020-08-22 16:08:40',NULL,102,145,0.8117600083351135,-1.2521799802780151,-0.7043499946594238,-53.84843063354492,25.752830505371094,-17.134180068969727,3.9243199825286865,49,158,1),(843,'2020-08-22 16:08:51','2020-08-22 16:08:51',NULL,102,145,1.547819972038269,-1.9658700227737427,1.536120057106018,-63.47542953491211,-46.214080810546875,4.040470123291016,1.3595000505447388,41.20000076293945,158,1),(844,'2020-08-22 16:09:01','2020-08-22 16:09:01',NULL,102,145,-1.3711800575256348,-0.847760021686554,1.4624899625778198,-35.75796127319336,-46.79330062866211,-16.641069412231445,0.02386000007390976,45.79999923706055,158,1),(845,'2020-08-22 16:09:11','2020-08-22 16:09:11',NULL,102,145,-1.942710041999817,-0.7471399903297424,-1.3884600400924683,48.94041061401367,17.436769485473633,-79.02143096923828,3.8945798873901367,50.20000076293945,158,1),(846,'2020-08-22 16:09:21','2020-08-22 16:09:21',NULL,102,145,1.1104300022125244,-1.5021100044250488,-0.06652999669313431,-19.665010452270508,-70.75624084472656,-58.26089859008789,2.0289499759674072,28.899999618530273,158,1),(847,'2020-08-22 16:09:31','2020-08-22 16:09:31',NULL,102,145,0.9800599813461304,0.6115300059318542,-0.41780000925064087,53.4909782409668,-6.365729808807373,-40.402801513671875,3.255419969558716,28.899999618530273,158,1),(848,'2020-08-22 16:09:41','2020-08-22 16:09:41',NULL,102,145,1.8890899419784546,1.532920002937317,-1.5676900148391724,-38.30326843261719,19.748409271240234,30.33336067199707,4.035970211029053,25.100000381469727,158,1),(849,'2020-08-22 16:09:51','2020-08-22 16:09:51',NULL,102,145,1.684630036354065,1.1703100204467773,0.32249999046325684,-40.93172073364258,-60.601139068603516,-9.483710289001465,0.18499000370502472,17.200000762939453,158,1),(850,'2020-08-22 16:10:01','2020-08-22 16:10:01',NULL,102,145,0.9076600074768066,-0.7430899739265442,-1.9743900299072266,6.342830181121826,2.8358700275421143,-81.09638977050781,1.077679991722107,46.099998474121094,158,1),(851,'2020-08-22 16:10:11','2020-08-22 16:10:11',NULL,102,145,1.3391499519348145,-1.6918400526046753,-0.05477000027894974,59.42533874511719,75.45571899414062,71.92984008789062,2.744349956512451,23.799999237060547,158,1),(852,'2020-08-22 16:10:21','2020-08-22 16:10:21',NULL,102,145,1.0229300260543823,0.6806700229644775,-1.461150050163269,4.758540153503418,-39.29290008544922,18.245359420776367,3.7034800052642822,-1.5,158,1),(853,'2020-08-22 16:10:31','2020-08-22 16:10:31',NULL,102,145,-1.2350599765777588,-1.2673399448394775,-0.5324299931526184,53.20927047729492,31.4177303314209,64.78822326660156,4.277369976043701,11.5,158,1),(854,'2020-08-22 16:10:41','2020-08-22 16:10:41',NULL,102,145,1.1091500520706177,-0.9140300154685974,0.4724099934101105,69.70864868164062,69.87325286865234,30.442710876464844,3.9252400398254395,39.5,158,1),(855,'2020-08-22 16:10:51','2020-08-22 16:10:51',NULL,102,145,-1.2099900245666504,1.9896999597549438,0.9771199822425842,-34.85306167602539,-67.62963104248047,42.90264892578125,2.1835999488830566,52.400001525878906,158,1),(856,'2020-08-22 16:11:02','2020-08-22 16:11:02',NULL,102,145,-0.33851999044418335,-1.2146899700164795,1.4176000356674194,16.8364200592041,-34.59075164794922,-15.487139701843262,4.332079887390137,22.200000762939453,158,1),(857,'2020-08-22 16:11:11','2020-08-22 16:11:11',NULL,102,145,1.102579951286316,0.47334998846054077,1.2978800535202026,64.3543472290039,-0.41054999828338623,8.750570297241211,1.5978100299835205,23.399999618530273,158,1),(858,'2020-08-22 16:11:22','2020-08-22 16:11:22',NULL,102,145,0.8995699882507324,-1.618280053138733,-1.0273499488830566,82.92620849609375,-80.22347259521484,27.678720474243164,3.0426900386810303,6.300000190734863,158,1),(859,'2020-08-22 16:11:32','2020-08-22 16:11:32',NULL,102,145,-0.3953999876976013,1.935520052909851,-1.8436599969863892,48.097511291503906,-19.80030059814453,55.376590728759766,1.7398699522018433,27.200000762939453,158,1),(860,'2020-08-22 16:11:42','2020-08-22 16:11:42',NULL,102,145,-0.6289700269699097,-1.4715399742126465,-1.841230034828186,-42.94723129272461,-27.710590362548828,-75.16526794433594,3.8135499954223633,40.70000076293945,158,1),(861,'2020-08-22 16:11:52','2020-08-22 16:11:52',NULL,102,145,0.26524001359939575,0.4957999885082245,-1.1526000499725342,-13.543089866638184,42.57582092285156,75.48960876464844,2.9483299255371094,36.79999923706055,158,1),(862,'2020-08-22 16:12:02','2020-08-22 16:12:02',NULL,102,145,-0.9449999928474426,-1.8111300468444824,1.3360999822616577,-24.87367057800293,-65.99781799316406,-29.910409927368164,2.1093499660491943,27.100000381469727,158,1),(863,'2020-08-22 16:12:12','2020-08-22 16:12:12',NULL,102,145,1.4744399785995483,0.15117999911308289,1.4004700183868408,-4.21258020401001,-15.369649887084961,77.65248107910156,3.0927000045776367,25.899999618530273,158,1),(864,'2020-08-22 16:12:32','2020-08-22 16:12:32',NULL,102,145,0.896399974822998,-1.2141400575637817,0.24542999267578125,9.446999549865723,-78.7396011352539,-30.830610275268555,1.2528899908065796,-1,158,1),(865,'2020-08-22 16:12:42','2020-08-22 16:12:42',NULL,102,145,1.2554600238800049,-1.487280011177063,0.795960009098053,-10.66586971282959,34.95083999633789,79.82479095458984,4.063910007476807,-2.700000047683716,158,1),(866,'2020-08-22 16:12:52','2020-08-22 16:12:52',NULL,102,145,0.8231099843978882,0.6809499859809875,0.37867000699043274,21.453899383544922,-44.498451232910156,-80.76708984375,1.9576900005340576,22.5,158,1),(867,'2020-08-22 16:13:03','2020-08-22 16:13:03',NULL,102,145,-0.1806900054216385,1.990880012512207,0.737779974937439,38.611820220947266,74.16007995605469,-83.08840942382812,2.8861799240112305,35,158,1),(868,'2020-08-22 16:13:14','2020-08-22 16:13:14',NULL,102,145,0.027860000729560852,-0.47567999362945557,-1.9708900451660156,-1.9122600555419922,67.69840240478516,-25.89366912841797,4.329800128936768,12.399999618530273,158,1),(869,'2020-08-22 16:13:22','2020-08-22 16:13:22',NULL,102,145,-0.6026099920272827,-1.3683600425720215,-0.6785799860954285,-80.16985321044922,57.014801025390625,-47.7664794921875,1.391469955444336,33.20000076293945,158,1),(870,'2020-08-22 16:13:32','2020-08-22 16:13:32',NULL,102,145,-1.881250023841858,-0.07970999926328659,-0.17580999433994293,20.9235897064209,-72.46932220458984,78.15226745605469,2.9702401161193848,7.800000190734863,158,1),(871,'2020-08-22 16:13:42','2020-08-22 16:13:42',NULL,102,145,1.1790399551391602,-1.6550099849700928,-0.15790000557899475,0.4726499915122986,38.0283317565918,-68.66748809814453,1.2307900190353394,43.29999923706055,158,1),(872,'2020-08-22 16:13:53','2020-08-22 16:13:53',NULL,102,145,0.3922100067138672,1.399440050125122,0.45592001080513,-9.521249771118164,-16.047679901123047,-76.19786834716797,2.8180999755859375,26,158,1),(873,'2020-08-22 16:14:04','2020-08-22 16:14:04',NULL,102,145,-1.0938199758529663,1.4095499515533447,0.930109977722168,13.145910263061523,50.543521881103516,60.59870910644531,2.1876800060272217,36.400001525878906,158,1),(874,'2020-08-22 16:14:13','2020-08-22 16:14:13',NULL,102,145,-0.8134599924087524,0.9283499717712402,-1.153130054473877,71.1159896850586,-44.29859161376953,-81.5584487915039,3.2644898891448975,30.299999237060547,158,1),(875,'2020-08-22 16:14:23','2020-08-22 16:14:23',NULL,102,145,1.476830005645752,0.23231999576091766,-0.03319000080227852,18.691579818725586,81.43289947509766,-70.16927337646484,1.1060400009155273,42.20000076293945,158,1),(876,'2020-08-22 16:14:33','2020-08-22 16:14:33',NULL,102,145,1.735360026359558,-0.0806099995970726,-1.1838200092315674,25.739139556884766,-18.386930465698242,48.273780822753906,2.9499499797821045,27.399999618530273,158,1),(877,'2020-08-22 16:14:43','2020-08-22 16:14:43',NULL,102,145,-1.9513700008392334,-0.39153000712394714,-0.9993600249290466,-9.237469673156738,8.903590202331543,-79.81453704833984,2.5573201179504395,29,158,1),(878,'2020-08-22 16:14:53','2020-08-22 16:14:53',NULL,102,145,0.5212200284004211,-0.2595199942588806,0.24560999870300293,-77.6837387084961,70.40258026123047,-20.153139114379883,0.6489099860191345,30.899999618530273,158,1),(879,'2020-08-22 16:15:03','2020-08-22 16:15:03',NULL,102,145,-0.35763001441955566,-0.5189099907875061,-0.8368300199508667,-19.34139060974121,26.647180557250977,-14.133950233459473,0.9977999925613403,47.5,158,1),(880,'2020-08-22 16:15:13','2020-08-22 16:15:13',NULL,102,145,-1.8709700107574463,1.7248300313949585,0.7455300092697144,-55.14228820800781,36.79336166381836,-3.2479300498962402,3.421260118484497,12,158,1),(881,'2020-08-22 16:15:23','2020-08-22 16:15:23',NULL,102,145,-0.7545199990272522,0.20095999538898468,-0.41492998600006104,-63.310081481933594,38.28010940551758,62.54930877685547,3.734179973602295,11.300000190734863,158,1),(882,'2020-08-22 16:15:35','2020-08-22 16:15:35',NULL,102,145,0.5996000170707703,-0.31926000118255615,1.8209400177001953,19.91851043701172,-8.928299903869629,7.713779926300049,1.7819600105285645,10.300000190734863,158,1),(883,'2020-08-22 16:15:43','2020-08-22 16:15:43',NULL,102,145,-1.5844299793243408,-1.7136600017547607,-1.1878299713134766,36.71765899658203,7.7032599449157715,-30.656240463256836,0.7825000286102295,26.700000762939453,158,1),(884,'2020-08-22 16:15:53','2020-08-22 16:15:53',NULL,102,145,1.283210039138794,0.9013400077819824,-0.4625299870967865,63.60966110229492,13.594799995422363,47.254669189453125,3.567389965057373,0.4000000059604645,158,1),(885,'2020-08-22 16:16:03','2020-08-22 16:16:03',NULL,102,145,0.38391000032424927,-1.3173099756240845,-1.2785600423812866,-62.679908752441406,4.238210201263428,52.004188537597656,0.13207000494003296,34.79999923706055,158,1),(886,'2020-08-22 16:16:13','2020-08-22 16:16:13',NULL,102,145,1.1930400133132935,-0.3256399929523468,-0.31255999207496643,-36.36473083496094,-60.015968322753906,-52.10218811035156,3.5148301124572754,7.099999904632568,158,1),(887,'2020-08-22 16:16:24','2020-08-22 16:16:24',NULL,102,145,1.6589900255203247,1.5224599838256836,0.9370099902153015,-14.89192008972168,-57.4598503112793,-75.62962341308594,3.194580078125,34.400001525878906,158,1),(888,'2020-08-22 16:16:34','2020-08-22 16:16:34',NULL,102,145,-0.14125999808311462,-0.7080699801445007,1.4558199644088745,34.25823974609375,-58.75944900512695,-18.295869827270508,2.594399929046631,23.5,158,1),(889,'2020-08-22 16:16:44','2020-08-22 16:16:44',NULL,102,145,-1.8699899911880493,1.3848700523376465,-0.2537800073623657,-37.22420883178711,10.101860046386719,-23.059999465942383,3.17290997505188,36.900001525878906,158,1),(890,'2020-08-22 16:16:54','2020-08-22 16:16:54',NULL,102,145,0.6799399852752686,-1.4397000074386597,-0.41370001435279846,-81.68343353271484,60.73506164550781,-24.30644989013672,3.30322003364563,43,158,1),(891,'2020-08-22 16:17:04','2020-08-22 16:17:04',NULL,102,145,1.670390009880066,1.0556299686431885,1.515589952468872,38.796241760253906,-82.53231048583984,4.267889976501465,1.8774900436401367,15.800000190734863,158,1),(892,'2020-08-22 16:17:14','2020-08-22 16:17:14',NULL,102,145,0.7797499895095825,-1.1904000043869019,1.0472500324249268,-79.03630828857422,-71.03498840332031,-66.74210357666016,3.282639980316162,20.899999618530273,158,1),(893,'2020-08-22 16:17:24','2020-08-22 16:17:24',NULL,102,145,1.2413100004196167,-0.2132200002670288,0.6068599820137024,83.66934967041016,70.3481674194336,36.01029968261719,0.2688699960708618,32.29999923706055,158,1),(894,'2020-08-22 16:17:35','2020-08-22 16:17:35',NULL,102,145,-0.641730010509491,1.4036799669265747,0.19777999818325043,79.38995361328125,11.13644027709961,-25.308910369873047,0.6746900081634521,21.299999237060547,158,1),(895,'2020-08-22 16:17:44','2020-08-22 16:17:44',NULL,102,145,0.4952099919319153,-1.943619966506958,-0.20698000490665436,-4.245460033416748,-5.275050163269043,-76.40263366699219,2.975719928741455,13.899999618530273,158,1),(896,'2020-08-22 16:17:55','2020-08-22 16:17:55',NULL,102,145,-1.4538400173187256,-0.25023001432418823,0.4537400007247925,-66.4486312866211,-53.260650634765625,-67.75318145751953,2.273750066757202,8.399999618530273,158,1),(897,'2020-08-22 16:18:07','2020-08-22 16:18:07',NULL,102,145,1.8792799711227417,0.8282999992370605,-0.8257200121879578,17.041139602661133,25.497060775756836,30.40509033203125,1.0111600160598755,50.900001525878906,158,1),(898,'2020-08-22 16:18:14','2020-08-22 16:18:14',NULL,102,145,-1.2419400215148926,-0.19166000187397003,0.4537400007247925,57.80202865600586,31.916690826416016,-31.802640914916992,0.9321699738502502,45,158,1),(899,'2020-08-22 16:18:24','2020-08-22 16:18:24',NULL,102,145,1.239050030708313,-0.6879799962043762,1.5941400527954102,72.87503051757812,-60.459781646728516,-60.34693908691406,4.241569995880127,20.100000381469727,158,1),(900,'2020-08-22 16:18:34','2020-08-22 16:18:34',NULL,102,145,-1.4537899494171143,-0.8971999883651733,0.7251499891281128,80.78153228759766,62.15501022338867,55.85184097290039,0.48240000009536743,8.100000381469727,158,1),(901,'2020-08-22 16:18:45','2020-08-22 16:18:45',NULL,102,145,0.92180997133255,1.2223600149154663,0.5553600192070007,40.77159881591797,7.073659896850586,-30.314489364624023,2.860330104827881,20.200000762939453,158,1),(902,'2020-08-22 16:18:55','2020-08-22 16:18:55',NULL,102,145,0.9538800120353699,0.22930000722408295,-1.1498700380325317,9.093079566955566,43.209999084472656,-12.831609725952148,3.204969882965088,13.699999809265137,158,1),(903,'2020-08-22 16:19:05','2020-08-22 16:19:05',NULL,102,145,-0.6197900176048279,1.5392299890518188,-1.3639999628067017,-84.74848937988281,-59.994911193847656,-4.091430187225342,3.2107200622558594,39,158,1),(904,'2020-08-22 16:19:15','2020-08-22 16:19:15',NULL,102,145,-1.6310499906539917,0.8665000200271606,1.1316399574279785,-82.46620178222656,-6.9296698570251465,-52.790279388427734,2.3276100158691406,33.599998474121094,158,1),(905,'2020-08-22 16:19:25','2020-08-22 16:19:25',NULL,102,145,1.2757200002670288,1.7674599885940552,0.4054200053215027,16.2797794342041,-9.74507999420166,73.8801498413086,3.794059991836548,43.79999923706055,158,1),(906,'2020-08-22 16:19:35','2020-08-22 16:19:35',NULL,102,145,1.877369999885559,0.28529998660087585,-1.240530014038086,45.1713981628418,29.020179748535156,5.223569869995117,4.152289867401123,13.899999618530273,158,1),(907,'2020-08-22 16:19:45','2020-08-22 16:19:45',NULL,102,145,-1.9178199768066406,1.6964800357818604,-0.1596599966287613,20.415119171142578,-28.108570098876953,46.10702133178711,3.1418099403381348,41.70000076293945,158,1),(908,'2020-08-22 16:19:55','2020-08-22 16:19:55',NULL,102,145,-0.8832700252532959,0.35864999890327454,0.4762299954891205,-17.540790557861328,42.147220611572266,38.40245056152344,1.5477399826049805,20,158,1),(909,'2020-08-22 16:20:05','2020-08-22 16:20:05',NULL,102,145,1.18927001953125,1.6601799726486206,-1.7592300176620483,74.85649108886719,3.9202699661254883,-29.403139114379883,1.5384900569915771,-1.5,158,1),(910,'2020-08-22 16:20:15','2020-08-22 16:20:15',NULL,102,145,-1.3702800273895264,1.0712599754333496,1.7433799505233765,-45.334991455078125,-47.88972854614258,48.0732307434082,1.6666699647903442,33.900001525878906,158,1),(911,'2020-08-22 16:20:25','2020-08-22 16:20:25',NULL,102,145,1.506100058555603,-0.7034299969673157,0.6461300253868103,63.37963104248047,-18.130779266357422,-64.390380859375,1.0674899816513062,38.79999923706055,158,1),(912,'2020-08-22 16:20:35','2020-08-22 16:20:35',NULL,102,145,-1.2823100090026855,-1.4705599546432495,0.40724998712539673,-24.555009841918945,72.59224700927734,-3.749799966812134,2.792449951171875,-0.4000000059604645,158,1),(913,'2020-08-22 16:20:46','2020-08-22 16:20:46',NULL,102,145,1.5646400451660156,0.8076599836349487,0.7511600255966187,69.68782806396484,-48.373531341552734,38.759891510009766,3.9799299240112305,11.199999809265137,158,1),(914,'2020-08-22 16:20:56','2020-08-22 16:20:56',NULL,102,145,-1.2058299779891968,1.4708000421524048,0.8650599718093872,-70.49593353271484,-62.779579162597656,-59.296810150146484,3.049649953842163,37.099998474121094,158,1),(915,'2020-08-22 16:21:06','2020-08-22 16:21:06',NULL,102,145,0.12330999970436096,-1.2808799743652344,0.32203999161720276,65.96527099609375,3.642280101776123,47.479610443115234,2.678179979324341,18,158,1),(916,'2020-08-22 16:21:16','2020-08-22 16:21:16',NULL,102,145,-0.761680006980896,-1.7259600162506104,0.73089998960495,-46.228790283203125,53.61751937866211,66.04850006103516,0.7294999957084656,15.899999618530273,158,1),(917,'2020-08-22 16:21:26','2020-08-22 16:21:26',NULL,102,145,-0.7295500040054321,0.14012999832630157,-0.8876799941062927,47.52582931518555,-3.9285500049591064,69.0654067993164,1.5633900165557861,0.20000000298023224,158,1),(918,'2020-08-22 16:21:36','2020-08-22 16:21:36',NULL,102,145,1.748520016670227,-1.5312800407409668,-1.9982000589370728,-36.72121810913086,11.544210433959961,20.540739059448242,1.8824100494384766,42.400001525878906,158,1),(919,'2020-08-22 16:21:46','2020-08-22 16:21:46',NULL,102,145,-1.9721599817276,1.523069977760315,1.278980016708374,-3.597219944000244,19.172330856323242,30.01980972290039,1.4288599491119385,9,158,1),(920,'2020-08-22 16:21:56','2020-08-22 16:21:56',NULL,102,145,0.19585999846458435,-1.2549599409103394,0.7236899733543396,-41.45233917236328,82.66155242919922,40.60105895996094,1.6367700099945068,29.5,158,1),(921,'2020-08-22 16:22:26','2020-08-22 16:22:26',NULL,102,145,0.24887999892234802,0.759190022945404,0.3825399875640869,12.925089836120605,-86.18209838867188,60.01128005981445,0.1310800015926361,36.900001525878906,158,1),(922,'2020-08-22 16:22:36','2020-08-22 16:22:36',NULL,102,145,-0.12910999357700348,-0.33500999212265015,0.44499000906944275,-50.271881103515625,18.53438949584961,67.30062866210938,0.2729099988937378,46.5,158,1),(923,'2020-08-22 16:22:56','2020-08-22 16:22:56',NULL,102,145,0.385919988155365,-1.420009970664978,1.7750600576400757,61.5242805480957,7.7865800857543945,-29.410079956054688,2.575700044631958,45.5,158,1),(924,'2020-08-22 16:23:06','2020-08-22 16:23:06',NULL,102,145,-1.9366899728775024,-0.7174400091171265,-1.734470009803772,-30.54347038269043,8.37870979309082,-80.92252349853516,1.2400399446487427,52,158,1),(925,'2020-08-22 16:23:16','2020-08-22 16:23:16',NULL,102,145,0.6197900176048279,1.6388800144195557,0.04949000105261803,-44.21281051635742,-80.45281219482422,-34.011531829833984,1.4693900346755981,48.099998474121094,158,1),(926,'2020-08-22 16:23:26','2020-08-22 16:23:26',NULL,102,145,-1.8843899965286255,-1.5418000221252441,-0.09046000242233276,74.1734390258789,-44.46022033691406,-72.30995178222656,3.291249990463257,21,158,1),(927,'2020-08-22 16:23:36','2020-08-22 16:23:36',NULL,102,145,1.6098500490188599,-1.0185600519180298,0.04909000173211098,-27.840099334716797,4.925260066986084,-2.460129976272583,3.285680055618286,4.199999809265137,158,1),(928,'2020-08-22 16:23:47','2020-08-22 16:23:47',NULL,102,145,-1.6918100118637085,0.06508000195026398,-1.3595099449157715,-85.88375854492188,8.003990173339844,69.09322357177734,1.6138099431991577,26.399999618530273,158,1),(929,'2020-08-22 16:23:57','2020-08-22 16:23:57',NULL,102,145,-1.8127599954605103,0.46665000915527344,1.0997099876403809,-31.51470947265625,65.73313903808594,-31.0468692779541,1.4733099937438965,23.799999237060547,158,1),(930,'2020-08-22 16:24:07','2020-08-22 16:24:07',NULL,102,145,-0.9045699834823608,1.231719970703125,1.0877200365066528,62.74782943725586,31.962949752807617,42.48249816894531,2.0990099906921387,21.299999237060547,158,1),(931,'2020-08-22 16:24:17','2020-08-22 16:24:17',NULL,102,145,-0.6695600152015686,1.1825000047683716,-1.761780023574829,67.57849884033203,-22.417709350585938,-74.37169647216797,2.0791900157928467,24,158,1),(932,'2020-08-22 16:24:27','2020-08-22 16:24:27',NULL,102,145,0.6932600140571594,-1.4920099973678589,-0.3878600001335144,37.64881896972656,84.30963897705078,-76.43566131591797,2.925029993057251,42.79999923706055,158,1),(933,'2020-08-22 16:24:37','2020-08-22 16:24:37',NULL,102,145,1.0187400579452515,-0.5443099737167358,-0.12145999819040298,-41.618560791015625,-78.82784271240234,-14.875709533691406,0.5951200127601624,51.900001525878906,158,1),(934,'2020-08-22 16:24:47','2020-08-22 16:24:47',NULL,102,145,-0.8172799944877625,-0.8751099705696106,-0.7778000235557556,38.427188873291016,-18.50786018371582,-84.4205093383789,4.10605001449585,32.900001525878906,158,1),(935,'2020-08-22 16:24:57','2020-08-22 16:24:57',NULL,102,145,-0.41422000527381897,-0.6385300159454346,-0.022339999675750732,-15.146340370178223,-80.719970703125,-24.180049896240234,1.8486700057983398,46.5,158,1),(936,'2020-08-22 16:25:18','2020-08-22 16:25:18',NULL,102,145,1.5730700492858887,-0.26666000485420227,0.7016699910163879,11.093600273132324,-19.156740188598633,-8.755080223083496,0.2039799988269806,14.899999618530273,158,1),(937,'2020-08-22 16:25:27','2020-08-22 16:25:27',NULL,102,145,0.6071900129318237,1.7688599824905396,1.9669699668884277,-61.42634963989258,16.100130081176758,-69.08075714111328,1.9516500234603882,41.20000076293945,158,1),(938,'2020-08-22 16:25:38','2020-08-22 16:25:38',NULL,102,145,0.08349999785423279,1.6728399991989136,1.591729998588562,33.946990966796875,-60.18170928955078,-71.8824462890625,2.80679988861084,4.599999904632568,158,1),(939,'2020-08-22 16:25:47','2020-08-22 16:25:47',NULL,102,145,-1.0386500358581543,0.0014700000174343586,1.600540041923523,-64.6877212524414,-83.84416198730469,52.29132080078125,3.2063000202178955,2.9000000953674316,158,1),(940,'2020-08-22 16:25:58','2020-08-22 16:25:58',NULL,102,145,1.6348400115966797,-1.4406399726867676,-0.769860029220581,47.65045928955078,-45.20233154296875,33.96760940551758,1.959030032157898,29.600000381469727,158,1),(941,'2020-08-22 16:26:08','2020-08-22 16:26:08',NULL,102,145,-1.24753999710083,-1.9946600198745728,0.6494899988174438,56.369930267333984,-29.120630264282227,59.882930755615234,1.230389952659607,45.79999923706055,158,1),(942,'2020-08-22 16:26:18','2020-08-22 16:26:18',NULL,102,145,1.5132900476455688,0.5598099827766418,-0.5936800241470337,19.16057014465332,5.750699996948242,-84.77388000488281,3.953929901123047,38.5,158,1),(943,'2020-08-22 16:26:28','2020-08-22 16:26:28',NULL,102,145,-1.5602500438690186,0.8136100172996521,0.6003199815750122,-75.97265625,-68.94978332519531,61.87934112548828,2.551990032196045,15.600000381469727,158,1),(944,'2020-08-22 16:26:38','2020-08-22 16:26:38',NULL,102,145,1.626960039138794,-0.361519992351532,1.7828400135040283,81.49945831298828,11.272820472717285,-9.544480323791504,2.5686800479888916,43.400001525878906,158,1),(945,'2020-08-22 16:26:48','2020-08-22 16:26:48',NULL,102,145,1.4686000347137451,-1.800879955291748,-0.4168199896812439,-70.64623260498047,-43.16596984863281,-69.52686309814453,4.070940017700195,38,158,1),(946,'2020-08-22 16:26:58','2020-08-22 16:26:58',NULL,102,145,-1.1405999660491943,1.0667500495910645,1.0614299774169922,-47.69710159301758,2.854830026626587,-4.67572021484375,0.07336000353097916,20.200000762939453,158,1),(947,'2020-08-22 16:27:08','2020-08-22 16:27:08',NULL,102,145,-0.12589000165462494,-0.565750002861023,-1.2121200561523438,68.81841278076172,22.28537940979004,15.514960289001465,4.285140037536621,51.900001525878906,158,1),(948,'2020-08-22 16:27:19','2020-08-22 16:27:19',NULL,102,145,1.9231200218200684,1.4328800439834595,-1.3510099649429321,46.18986892700195,74.42723083496094,26.636579513549805,1.9661600589752197,41.70000076293945,158,1),(949,'2020-08-22 16:27:28','2020-08-22 16:27:28',NULL,102,145,0.3845899999141693,-1.449429988861084,1.3799099922180176,-8.26749038696289,-19.39130973815918,-83.86087036132812,3.895319938659668,2,158,1),(950,'2020-08-22 16:27:38','2020-08-22 16:27:38',NULL,102,145,-1.2868800163269043,1.1517499685287476,0.8236200213432312,-79.37892150878906,-53.817161560058594,-73.9183578491211,1.0872600078582764,23.200000762939453,158,1),(951,'2020-08-22 16:27:48','2020-08-22 16:27:48',NULL,102,145,-0.9749199748039246,-1.9012800455093384,1.9164899587631226,-63.47132873535156,-85.4822769165039,59.77267074584961,2.4968700408935547,42.29999923706055,158,1),(952,'2020-08-22 16:27:58','2020-08-22 16:27:58',NULL,102,145,0.16037000715732574,1.474660038948059,1.4006199836730957,52.380760192871094,-46.10725021362305,-4.438570022583008,2.5409300327301025,33.79999923706055,158,1),(953,'2020-08-22 16:28:08','2020-08-22 16:28:08',NULL,102,145,0.22086000442504883,-0.5918899774551392,-1.737470030784607,-60.322479248046875,-73.5399169921875,-2.5214900970458984,0.302700012922287,42.900001525878906,158,1),(954,'2020-08-22 16:28:19','2020-08-22 16:28:19',NULL,102,145,-1.4146699905395508,-0.0009200000204145908,-1.1014599800109863,48.6479606628418,69.36444854736328,-68.50968170166016,4.455289840698242,-1.399999976158142,158,1),(955,'2020-08-22 16:28:29','2020-08-22 16:28:29',NULL,102,145,0.40097999572753906,1.3466999530792236,-1.9933199882507324,27.35630989074707,-54.38772964477539,56.75471878051758,0.42520999908447266,35,158,1),(956,'2020-08-22 16:28:39','2020-08-22 16:28:39',NULL,102,145,-1.4485000371932983,-1.3215999603271484,-1.7948499917984009,-52.80406951904297,10.983039855957031,83.48731994628906,1.6618000268936157,45.70000076293945,158,1),(957,'2020-08-22 16:28:49','2020-08-22 16:28:49',NULL,102,145,0.10175999999046326,-0.4192500114440918,-0.6226599812507629,-59.10268020629883,-45.86259078979492,-34.420310974121094,2.7729198932647705,7.400000095367432,158,1),(958,'2020-08-22 16:28:59','2020-08-22 16:28:59',NULL,102,145,-1.7810800075531006,0.3317300081253052,-1.2565399408340454,57.55696105957031,1.5941799879074097,-7.108320236206055,3.35014009475708,45.70000076293945,158,1),(959,'2020-08-22 16:29:09','2020-08-22 16:29:09',NULL,102,145,0.5703099966049194,0.3346399962902069,-1.3413300514221191,-74.51341247558594,-64.94745635986328,55.7617301940918,2.9783101081848145,22.600000381469727,158,1),(960,'2020-08-22 16:29:19','2020-08-22 16:29:19',NULL,102,145,1.1976699829101562,-0.3463900089263916,1.137779951095581,-12.859410285949707,53.93621826171875,74.07199096679688,4.324699878692627,50,158,1),(961,'2020-08-22 16:29:29','2020-08-22 16:29:29',NULL,102,145,0.8680700063705444,-1.349429965019226,-1.893399953842163,19.57908058166504,-82.63510131835938,41.272918701171875,0.8289300203323364,0.800000011920929,158,1),(962,'2020-08-22 16:29:39','2020-08-22 16:29:39',NULL,102,145,0.9013800024986267,-1.2761499881744385,0.3797000050544739,-75.33763885498047,-16.08746910095215,25.485910415649414,3.777479887008667,40.599998474121094,158,1),(963,'2020-08-22 16:29:49','2020-08-22 16:29:49',NULL,102,145,-0.5257300138473511,-0.8516499996185303,0.3648799955844879,-62.010108947753906,64.8115005493164,-53.43762969970703,0.3132700026035309,38.599998474121094,158,1),(964,'2020-08-22 16:29:59','2020-08-22 16:29:59',NULL,102,145,-0.5992100238800049,-0.9827700257301331,-0.5059000253677368,-18.452430725097656,-76.37506103515625,-72.62447357177734,0.023329999297857285,30.899999618530273,158,1),(965,'2020-08-22 16:30:09','2020-08-22 16:30:09',NULL,102,145,0.38951000571250916,-0.7148000001907349,-0.6189600229263306,-75.67910766601562,-63.864498138427734,-61.92192077636719,1.2813199758529663,14.800000190734863,158,1),(966,'2020-08-22 16:30:19','2020-08-22 16:30:19',NULL,102,145,0.7772200107574463,-0.08668000251054764,1.705180048942566,-47.40229034423828,-87.97080993652344,1.1760599613189697,3.6826701164245605,34.099998474121094,158,1),(967,'2020-08-22 16:30:30','2020-08-22 16:30:30',NULL,102,145,-0.26078000664711,-0.8845499753952026,1.8224600553512573,-43.47663116455078,69.75528717041016,11.562439918518066,0.608519971370697,47.5,158,1),(968,'2020-08-22 16:30:39','2020-08-22 16:30:39',NULL,102,145,-1.0238900184631348,-0.29381999373435974,1.102489948272705,-21.089569091796875,-28.064830780029297,-57.046409606933594,4.465849876403809,24.899999618530273,158,1),(969,'2020-08-22 16:30:49','2020-08-22 16:30:49',NULL,102,145,-1.1227799654006958,-0.4496400058269501,0.9923400282859802,-37.954689025878906,56.688751220703125,18.112049102783203,2.8628900051116943,8.800000190734863,158,1),(970,'2020-08-22 16:31:00','2020-08-22 16:31:00',NULL,102,145,-1.8394800424575806,-0.8858000040054321,-0.19309000670909882,20.093210220336914,69.61354064941406,-35.919288635253906,1.1263999938964844,38.70000076293945,158,1),(971,'2020-08-22 16:31:21','2020-08-22 16:31:21',NULL,102,145,-0.4353199899196625,1.2898000478744507,-0.3633100092411041,-66.430419921875,77.75653076171875,24.05122947692871,2.9044699668884277,18.799999237060547,158,1),(972,'2020-08-22 16:31:30','2020-08-22 16:31:30',NULL,102,145,0.19627000391483307,1.2223600149154663,0.9056699872016907,47.53076934814453,32.23637008666992,59.87553024291992,4.404319763183594,-2.200000047683716,158,1),(973,'2020-08-22 16:31:42','2020-08-22 16:31:42',NULL,102,145,-1.1525700092315674,-1.6707600355148315,-1.7265299558639526,67.06282043457031,63.78656005859375,-21.035329818725586,0.22425000369548798,6.199999809265137,158,1),(974,'2020-08-22 16:32:10','2020-08-22 16:32:10',NULL,102,145,-0.8218100070953369,-1.8994699716567993,0.5721200108528137,-52.99678039550781,-51.07843017578125,65.33380126953125,1.8293999433517456,6.400000095367432,158,1),(975,'2020-08-22 16:32:20','2020-08-22 16:32:20',NULL,102,145,1.428629994392395,0.6624199748039246,0.5075700283050537,56.45124053955078,54.818450927734375,79.669677734375,3.669800043106079,50.599998474121094,158,1),(976,'2020-08-22 16:32:30','2020-08-22 16:32:30',NULL,102,145,0.803879976272583,0.40307000279426575,-1.6919499635696411,62.810081481933594,50.541160583496094,81.25440979003906,4.156219959259033,1,158,1),(977,'2020-08-22 16:32:40','2020-08-22 16:32:40',NULL,102,145,-0.6502500176429749,-1.5443300008773804,-0.7208200097084045,53.34836959838867,40.040771484375,39.27177810668945,2.910680055618286,7.199999809265137,158,1),(978,'2020-08-22 16:32:50','2020-08-22 16:32:50',NULL,102,145,-1.0666099786758423,0.31981998682022095,0.2412700057029724,-62.36357879638672,6.544589996337891,-6.3151397705078125,3.0389299392700195,46.20000076293945,158,1),(979,'2020-08-22 16:33:01','2020-08-22 16:33:01',NULL,102,145,0.6018700003623962,-1.3686399459838867,1.038450002670288,70.24514770507812,-66.88411712646484,2.882539987564087,3.0217599868774414,5.699999809265137,158,1),(980,'2020-08-22 16:33:10','2020-08-22 16:33:10',NULL,102,145,0.41756001114845276,0.03382999822497368,-0.2257000058889389,-89.70037841796875,63.92864990234375,68.52877044677734,0.03999000042676926,28.100000381469727,158,1),(981,'2020-08-22 16:33:21','2020-08-22 16:33:21',NULL,102,145,-1.2301100492477417,-0.8486400246620178,-1.2258700132369995,64.32575988769531,-82.34066009521484,30.906129837036133,3.615000009536743,24.399999618530273,158,1),(982,'2020-08-22 16:33:31','2020-08-22 16:33:31',NULL,102,145,-1.8362499475479126,-1.3367799520492554,-1.7263400554656982,-35.58544921875,44.37657928466797,45.20037078857422,0.3091599941253662,21.700000762939453,158,1),(983,'2020-08-22 16:33:41','2020-08-22 16:33:41',NULL,102,145,-1.5155400037765503,0.47993001341819763,-1.1655299663543701,-37.25709915161133,25.67967987060547,-85.28253173828125,0.2959800064563751,20.899999618530273,158,1),(984,'2020-08-22 16:33:51','2020-08-22 16:33:51',NULL,102,145,-1.2607200145721436,-0.9791100025177002,1.4858299493789673,-26.27223014831543,-3.5132100582122803,-28.977039337158203,3.6851298809051514,13.800000190734863,158,1),(985,'2020-08-22 16:34:01','2020-08-22 16:34:01',NULL,102,145,0.2755100131034851,-0.4064300060272217,-1.406790018081665,-43.41350173950195,6.62431001663208,-47.636199951171875,3.995889902114868,33.900001525878906,158,1),(986,'2020-08-22 16:34:11','2020-08-22 16:34:11',NULL,102,145,-1.524940013885498,0.8743100166320801,0.4532899856567383,31.304349899291992,32.954769134521484,-87.99694061279297,0.82819002866745,17.100000381469727,158,1),(987,'2020-08-22 16:34:21','2020-08-22 16:34:21',NULL,102,145,-0.07425999641418457,0.49066999554634094,-1.3844200372695923,-33.61082077026367,-62.31808090209961,10.320170402526855,0.4885900020599365,23.200000762939453,158,1),(988,'2020-08-22 16:34:31','2020-08-22 16:34:31',NULL,102,145,-1.9310100078582764,-1.294700026512146,-1.0694500207901,-89.997802734375,-83.8025894165039,-37.88026809692383,3.453089952468872,50.79999923706055,158,1),(989,'2020-08-22 16:34:41','2020-08-22 16:34:41',NULL,102,145,-1.675819993019104,-0.7986099720001221,-0.6756500005722046,-84.02961730957031,32.45458984375,-42.9273796081543,2.145620107650757,39.20000076293945,158,1),(990,'2020-08-22 16:34:51','2020-08-22 16:34:51',NULL,102,145,1.689560055732727,-0.030260000377893448,-0.6998800039291382,-11.311039924621582,29.221370697021484,-52.60942840576172,3.566580057144165,20.299999237060547,158,1),(991,'2020-08-22 16:35:01','2020-08-22 16:35:01',NULL,102,145,-0.18035000562667847,1.297320008277893,0.16580000519752502,-57.4475212097168,10.242449760437012,59.806278228759766,4.09915018081665,11.699999809265137,158,1),(992,'2020-08-22 16:35:11','2020-08-22 16:35:11',NULL,102,145,0.5793099999427795,1.8574199676513672,0.9885799884796143,-85.55988311767578,69.05623626708984,45.60757064819336,2.5821900367736816,4.300000190734863,158,1),(993,'2020-08-22 16:35:21','2020-08-22 16:35:21',NULL,102,145,1.0743000507354736,1.9013400077819824,-0.7242000102996826,-60.58934020996094,24.985849380493164,-37.6917610168457,3.573970079421997,33.5,158,1),(994,'2020-08-22 16:35:31','2020-08-22 16:35:31',NULL,102,145,-0.8416000008583069,0.5517200231552124,-0.6174399852752686,45.28763961791992,10.914759635925293,-79.7942123413086,2.980839967727661,26.700000762939453,158,1),(995,'2020-08-22 16:35:42','2020-08-22 16:35:42',NULL,102,145,-1.582859992980957,0.19731999933719635,1.6457600593566895,-26.056629180908203,-25.823789596557617,27.512449264526367,4.125949859619141,19.399999618530273,158,1),(996,'2020-08-22 16:35:51','2020-08-22 16:35:51',NULL,102,145,1.628059983253479,0.9894400238990784,1.2447700500488281,65.46058654785156,2.394469976425171,-49.55421829223633,2.7664899826049805,6.199999809265137,158,1),(997,'2020-08-22 16:36:02','2020-08-22 16:36:02',NULL,102,145,-0.3024600148200989,0.4399000108242035,-0.21132999658584595,-15.389140129089355,-61.90074920654297,53.78263854980469,0.3149299919605255,8.899999618530273,158,1),(998,'2020-08-22 16:36:12','2020-08-22 16:36:12',NULL,102,145,1.0741699934005737,1.1205300092697144,-1.3700000047683716,-34.7322998046875,32.95454025268555,-30.50181007385254,1.6612199544906616,17,158,1),(999,'2020-08-22 16:36:22','2020-08-22 16:36:22',NULL,102,145,0.6387500166893005,-0.5357099771499634,-1.0948599576950073,-22.365049362182617,-75.2208480834961,74.09265899658203,0.9498100280761719,35.29999923706055,158,1),(1000,'2020-08-22 16:36:32','2020-08-22 16:36:32',NULL,102,145,1.070739984512329,-1.3321199417114258,-0.6988300085067749,-22.145780563354492,49.4881706237793,58.592960357666016,1.15106999874115,11.399999618530273,158,1),(1001,'2020-08-22 16:36:42','2020-08-22 16:36:42',NULL,102,145,1.6914000511169434,-1.304010033607483,-1.4506200551986694,-41.27531814575195,-86.56230163574219,-89.16506958007812,3.699090003967285,52.400001525878906,158,1),(1002,'2020-08-22 16:36:52','2020-08-22 16:36:52',NULL,102,145,1.783400058746338,0.38705000281333923,-0.3546999990940094,49.73854064941406,-32.08216094970703,-37.367488861083984,2.8548500537872314,37.599998474121094,158,1),(1003,'2020-08-22 16:37:02','2020-08-22 16:37:02',NULL,102,145,1.3870500326156616,0.6605700254440308,-1.204759955406189,-64.76184844970703,-85.27593231201172,-85.37306213378906,1.565459966659546,13.100000381469727,158,1),(1004,'2020-08-22 16:37:12','2020-08-22 16:37:12',NULL,102,145,0.5730000138282776,-0.1739400029182434,-1.9104499816894531,52.605430603027344,23.55483055114746,65.46246337890625,2.9798200130462646,13.399999618530273,158,1),(1005,'2020-08-22 16:37:23','2020-08-22 16:37:23',NULL,102,145,0.1916700005531311,1.9934600591659546,-1.097790002822876,-11.21951961517334,-5.950630187988281,42.83720016479492,1.099679946899414,22.299999237060547,158,1),(1006,'2020-08-22 16:37:33','2020-08-22 16:37:33',NULL,102,145,1.0990400314331055,1.5851800441741943,1.017240047454834,38.70252990722656,-69.2474594116211,-19.624250411987305,0.7527999877929688,19.5,158,1),(1007,'2020-08-22 16:37:42','2020-08-22 16:37:42',NULL,102,145,-1.140820026397705,-1.0503100156784058,0.48144999146461487,42.5784912109375,29.94721031188965,-52.304039001464844,0.9243199825286865,39.29999923706055,158,1),(1008,'2020-08-22 16:37:52','2020-08-22 16:37:52',NULL,102,145,-1.0767799615859985,0.07665000110864639,-0.8161299824714661,-10.23252010345459,-35.539710998535156,82.16423034667969,0.7021200060844421,37.70000076293945,158,1),(1009,'2020-08-22 16:38:02','2020-08-22 16:38:02',NULL,102,145,1.2849500179290771,-0.586359977722168,-0.8382300138473511,-5.54748010635376,-27.80462074279785,-60.173500061035156,4.357460021972656,9.699999809265137,158,1),(1010,'2020-08-22 16:38:12','2020-08-22 16:38:12',NULL,102,145,1.6129599809646606,0.7844499945640564,0.633109986782074,38.883460998535156,-88.07769012451172,-16.416650772094727,2.082129955291748,9.699999809265137,158,1),(1011,'2020-08-22 16:38:23','2020-08-22 16:38:23',NULL,102,145,-0.14067000150680542,-0.5911399722099304,0.7556999921798706,54.388431549072266,-30.8723201751709,-84.1634521484375,1.2905100584030151,48.79999923706055,158,1),(1012,'2020-08-22 16:38:33','2020-08-22 16:38:33',NULL,102,145,-0.6550800204277039,0.02410000003874302,-1.8871699571609497,51.701141357421875,53.608428955078125,-33.21931838989258,0.03708000108599663,16,158,1),(1013,'2020-08-22 16:38:43','2020-08-22 16:38:43',NULL,102,145,1.3211599588394165,-1.8922200202941895,-0.07451000064611435,38.983909606933594,-51.77302169799805,33.39677047729492,2.0545899868011475,14,158,1),(1014,'2020-08-22 16:38:53','2020-08-22 16:38:53',NULL,102,145,0.00848000030964613,1.2024099826812744,0.991129994392395,42.83218002319336,-39.37556076049805,3.1251399517059326,2.9765400886535645,-2.5999999046325684,158,1),(1015,'2020-08-22 16:39:03','2020-08-22 16:39:03',NULL,102,145,1.1112600564956665,-0.658490002155304,-0.6509299874305725,-83.0251693725586,31.889780044555664,-5.6329498291015625,2.5278499126434326,0.800000011920929,158,1),(1016,'2020-08-22 16:39:13','2020-08-22 16:39:13',NULL,102,145,0.8093100190162659,-0.4227699935436249,1.6723300218582153,18.691160202026367,-21.241920471191406,-16.133010864257812,1.3162800073623657,25.299999237060547,158,1),(1017,'2020-08-22 16:39:23','2020-08-22 16:39:23',NULL,102,145,0.22599999606609344,1.6095900535583496,1.3861500024795532,-44.37654113769531,57.645511627197266,-5.088699817657471,1.2313200235366821,15.600000381469727,158,1),(1018,'2020-08-22 16:39:33','2020-08-22 16:39:33',NULL,102,145,0.3728500008583069,1.5172200202941895,0.5130100250244141,-1.8950400352478027,-34.484519958496094,-86.09723663330078,3.8602399826049805,42.900001525878906,158,1),(1019,'2020-08-22 16:39:43','2020-08-22 16:39:43',NULL,102,145,0.5707700252532959,-1.410249948501587,-1.755810022354126,-68.68782043457031,-53.0363883972168,-11.500840187072754,3.567379951477051,-1.100000023841858,158,1),(1020,'2020-08-22 16:39:53','2020-08-22 16:39:53',NULL,102,145,1.3478100299835205,-1.738360047340393,1.2379800081253052,-57.6385612487793,-10.69262981414795,41.81217956542969,0.9512500166893005,43.900001525878906,158,1),(1021,'2020-08-22 16:40:03','2020-08-22 16:40:03',NULL,102,145,0.8134999871253967,0.1476999968290329,-1.3556100130081177,33.95882034301758,-3.0837199687957764,-68.34062194824219,2.0205600261688232,33.400001525878906,158,1),(1022,'2020-08-22 16:40:13','2020-08-22 16:40:13',NULL,102,145,-0.4902699887752533,0.18008999526500702,-1.1436200141906738,-16.226909637451172,-14.490530014038086,-12.98130989074707,4.2071099281311035,0.5,158,1),(1023,'2020-08-22 16:40:23','2020-08-22 16:40:23',NULL,102,145,-1.2617900371551514,1.8468899726867676,0.9877700209617615,-9.596329689025879,-45.69776916503906,46.50386047363281,1.6386200189590454,46.29999923706055,158,1),(1024,'2020-08-22 16:40:33','2020-08-22 16:40:33',NULL,102,145,-0.6355299949645996,1.5322799682617188,-1.9223999977111816,-53.47475051879883,-60.88309860229492,-76.9856185913086,4.081170082092285,46.70000076293945,158,1),(1025,'2020-08-22 16:40:44','2020-08-22 16:40:44',NULL,102,145,-1.901520013809204,-1.0417699813842773,1.0211399793624878,2.365809917449951,65.3364486694336,13.293140411376953,1.3513799905776978,5.800000190734863,158,1),(1026,'2020-08-22 16:40:54','2020-08-22 16:40:54',NULL,102,145,0.2517299950122833,-0.27219998836517334,0.2273699939250946,38.10588073730469,-49.99488830566406,-20.44317054748535,4.008170127868652,28.100000381469727,158,1),(1027,'2020-08-22 16:41:04','2020-08-22 16:41:04',NULL,102,145,1.9709999561309814,-1.030060052871704,-1.9968700408935547,64.3681411743164,49.150909423828125,4.403759956359863,0.445250004529953,-0.30000001192092896,158,1),(1028,'2020-08-22 16:41:14','2020-08-22 16:41:14',NULL,102,145,0.9485700130462646,-0.9140999913215637,0.6637300252914429,-79.29589080810547,6.383820056915283,-16.36971092224121,1.4435800313949585,23.299999237060547,158,1),(1029,'2020-08-22 16:41:24','2020-08-22 16:41:24',NULL,102,145,0.6090700030326843,0.5972200036048889,-0.629800021648407,63.168121337890625,6.612060070037842,-76.1487808227539,1.124650001525879,15.399999618530273,158,1),(1030,'2020-08-22 16:41:34','2020-08-22 16:41:34',NULL,102,145,-1.2271000146865845,1.0952099561691284,-1.306939959526062,-40.5790901184082,3.1005001068115234,-44.920310974121094,0.7668200135231018,8.699999809265137,158,1),(1031,'2020-08-22 16:41:44','2020-08-22 16:41:44',NULL,102,145,-0.20387999713420868,1.2920900583267212,1.9026700258255005,14.70676040649414,-35.98115158081055,58.8897705078125,2.688230037689209,-1.2000000476837158,158,1),(1032,'2020-08-22 16:41:54','2020-08-22 16:41:54',NULL,102,145,-0.812969982624054,1.1735800504684448,-0.013890000060200691,5.214849948883057,-89.12165832519531,28.69331932067871,4.382840156555176,10.600000381469727,158,1),(1033,'2020-08-22 16:42:04','2020-08-22 16:42:04',NULL,102,145,-0.300790011882782,-0.7468600273132324,1.3907099962234497,-44.4149284362793,-16.356050491333008,44.49892044067383,0.7361599802970886,43.099998474121094,158,1),(1034,'2020-08-22 16:42:14','2020-08-22 16:42:14',NULL,102,145,-0.09882000088691711,-0.07224000245332718,-0.5059999823570251,5.833479881286621,-24.258710861206055,-36.26908874511719,2.1466500759124756,20.200000762939453,158,1),(1035,'2020-08-22 16:42:24','2020-08-22 16:42:24',NULL,102,145,-1.7774100303649902,1.9352600574493408,0.8003699779510498,-1.1084799766540527,-71.19747161865234,44.93141174316406,2.5889699459075928,39.099998474121094,158,1),(1036,'2020-08-22 16:42:44','2020-08-22 16:42:44',NULL,102,145,0.8611400127410889,-0.9405500292778015,-1.0603899955749512,-76.1906967163086,-83.4881362915039,33.48527908325195,3.0161900520324707,2.0999999046325684,158,1),(1037,'2020-08-22 16:42:54','2020-08-22 16:42:54',NULL,102,145,-1.5690100193023682,0.8939399719238281,0.35666999220848083,-28.379159927368164,-68.81842803955078,-76.41607666015625,2.842060089111328,34.79999923706055,158,1),(1038,'2020-08-22 16:43:24','2020-08-22 16:43:24',NULL,102,145,-0.962090015411377,0.4070099890232086,1.344230055809021,61.69908142089844,14.518850326538086,-4.533090114593506,0.044449999928474426,0.20000000298023224,158,1),(1039,'2020-08-22 16:43:35','2020-08-22 16:43:35',NULL,102,145,-1.5643600225448608,-0.0021800000686198473,-1.1939500570297241,-72.77911376953125,26.207839965820312,-15.018779754638672,3.9342401027679443,31.5,158,1),(1040,'2020-08-22 16:43:55','2020-08-22 16:43:55',NULL,102,145,1.2257100343704224,-1.9708600044250488,1.5889400243759155,-28.27301025390625,-59.28810119628906,-66.45539855957031,3.615600109100342,29.700000762939453,158,1),(1041,'2020-08-22 16:44:05','2020-08-22 16:44:05',NULL,102,145,-0.06412000209093094,0.2566699981689453,-1.2853100299835205,6.297289848327637,73.92620849609375,40.86281967163086,3.686389923095703,40,158,1),(1042,'2020-08-22 16:44:15','2020-08-22 16:44:15',NULL,102,145,0.5799000263214111,-1.1084599494934082,1.478060007095337,-46.99959945678711,-70.37835693359375,63.05651092529297,3.1782898902893066,21.200000762939453,158,1),(1043,'2020-08-22 16:44:25','2020-08-22 16:44:25',NULL,102,145,-0.006310000084340572,-1.5972199440002441,0.7085899710655212,-52.63486862182617,-35.23820114135742,73.47554016113281,4.015379905700684,11,158,1),(1044,'2020-08-22 16:44:35','2020-08-22 16:44:35',NULL,102,145,-1.1578600406646729,0.7878100275993347,0.0355600006878376,40.310611724853516,75.77906799316406,-75.78141021728516,2.0627400875091553,29.100000381469727,158,1),(1045,'2020-08-22 16:44:45','2020-08-22 16:44:45',NULL,102,145,-0.6628100275993347,-1.5483200550079346,1.256469964981079,26.656709671020508,-83.9169692993164,33.038978576660156,0.10317999869585037,35.70000076293945,158,1),(1046,'2020-08-22 16:44:55','2020-08-22 16:44:55',NULL,102,145,-0.567550003528595,-0.8121700286865234,1.4320900440216064,-59.89487838745117,-28.561309814453125,67.90982818603516,3.1787800788879395,0.20000000298023224,158,1),(1047,'2020-08-22 16:45:05','2020-08-22 16:45:05',NULL,102,145,-1.505560040473938,0.2604199945926666,0.7080100178718567,-79.99247741699219,-88.34329223632812,43.869869232177734,4.12332010269165,13.100000381469727,158,1),(1048,'2020-08-22 16:45:15','2020-08-22 16:45:15',NULL,102,145,-0.5496600270271301,0.5882800221443176,1.8628400564193726,46.951148986816406,-45.89006042480469,-38.48381042480469,2.8891799449920654,32.099998474121094,158,1),(1049,'2020-08-22 16:45:25','2020-08-22 16:45:25',NULL,102,145,-1.5876799821853638,0.03027999959886074,-1.4171099662780762,6.289380073547363,13.385490417480469,-20.51951026916504,2.6487200260162354,5,158,1),(1050,'2020-08-22 16:45:35','2020-08-22 16:45:35',NULL,102,145,0.778410017490387,-1.2275400161743164,1.4635000228881836,8.464810371398926,-82.61608123779297,81.11724853515625,1.676859974861145,22.899999618530273,158,1),(1051,'2020-08-22 16:45:45','2020-08-22 16:45:45',NULL,102,145,0.8100100159645081,-0.18347999453544617,-1.2631700038909912,-5.609539985656738,25.7535400390625,60.51287841796875,0.02143000066280365,17.5,158,1),(1052,'2020-08-22 16:45:55','2020-08-22 16:45:55',NULL,102,145,-0.3141700029373169,-0.42996999621391296,-1.2736899852752686,-76.78975677490234,-23.421480178833008,8.937370300292969,1.9546500444412231,44.400001525878906,158,1),(1053,'2020-08-22 16:46:06','2020-08-22 16:46:06',NULL,102,145,-0.9674699902534485,-0.461870014667511,1.0276000499725342,75.83406829833984,-31.389150619506836,74.13709259033203,1.9074499607086182,46.400001525878906,158,1),(1054,'2020-08-22 16:46:16','2020-08-22 16:46:16',NULL,102,145,0.9318400025367737,-1.8832099437713623,1.4160900115966797,-0.9339799880981445,-16.073450088500977,-4.4158501625061035,1.9619799852371216,20.399999618530273,158,1),(1055,'2020-08-22 16:46:26','2020-08-22 16:46:26',NULL,102,145,1.4042500257492065,-0.5123599767684937,-0.5189700126647949,14.624719619750977,3.238770008087158,-48.13920974731445,3.8827199935913086,45.5,158,1),(1056,'2020-08-22 16:46:36','2020-08-22 16:46:36',NULL,102,145,-1.6306899785995483,-1.3855899572372437,-0.013799999840557575,-39.966148376464844,39.93218994140625,-63.72560119628906,1.4008699655532837,24.299999237060547,158,1),(1057,'2020-08-22 16:46:46','2020-08-22 16:46:46',NULL,102,145,-0.9175999760627747,-0.6591500043869019,0.957069993019104,-2.00219988822937,-0.47314000129699707,-78.63217163085938,2.938889980316162,47,158,1),(1058,'2020-08-22 16:46:56','2020-08-22 16:46:56',NULL,102,145,0.04820999875664711,-1.409749984741211,-0.505370020866394,-40.96091079711914,-51.8147087097168,27.46501922607422,3.158900022506714,48.20000076293945,158,1),(1059,'2020-08-22 16:47:06','2020-08-22 16:47:06',NULL,102,145,0.4105899930000305,-0.3334200084209442,0.3157300055027008,-12.114410400390625,18.819320678710938,4.307069778442383,0.6036900281906128,6.900000095367432,158,1),(1060,'2020-08-22 16:47:16','2020-08-22 16:47:16',NULL,102,145,1.819159984588623,1.6570700407028198,0.019950000569224358,18.28050994873047,-38.495079040527344,-8.717510223388672,2.1746699810028076,27.200000762939453,158,1),(1061,'2020-08-22 16:47:26','2020-08-22 16:47:26',NULL,102,145,1.772320032119751,1.9364800453186035,0.08314000070095062,28.302339553833008,35.380531311035156,67.50787353515625,4.384379863739014,1,158,1),(1062,'2020-08-22 16:47:36','2020-08-22 16:47:36',NULL,102,145,1.4369399547576904,-1.2271599769592285,1.577370047569275,-30.6588191986084,-24.866260528564453,-73.30828094482422,3.9312400817871094,16.899999618530273,158,1),(1063,'2020-08-22 16:47:46','2020-08-22 16:47:46',NULL,102,145,0.9445099830627441,-0.9652100205421448,0.617579996585846,59.67641830444336,50.29029846191406,11.71387004852295,0.7012900114059448,34.20000076293945,158,1),(1064,'2020-08-22 16:47:56','2020-08-22 16:47:56',NULL,102,145,1.1639599800109863,0.0004799999878741801,-0.4652799963951111,-53.27370071411133,-15.57118034362793,50.457210540771484,1.023300051689148,15.899999618530273,158,1),(1065,'2020-08-22 16:48:06','2020-08-22 16:48:06',NULL,102,145,-1.0490200519561768,0.2680499851703644,0.7754700183868408,-48.800941467285156,74.52926635742188,-36.32918167114258,4.40664005279541,2.9000000953674316,158,1),(1066,'2020-08-22 16:48:16','2020-08-22 16:48:16',NULL,102,145,0.8738600015640259,-1.2323700189590454,-1.471500039100647,-0.7279199957847595,-57.831871032714844,-54.948829650878906,3.948889970779419,11.600000381469727,158,1),(1067,'2020-08-22 16:48:26','2020-08-22 16:48:26',NULL,102,145,-1.5839899778366089,0.8749399781227112,-0.9226300120353699,6.1014299392700195,8.087160110473633,42.243499755859375,3.7672500610351562,31.600000381469727,158,1),(1068,'2020-08-22 16:48:37','2020-08-22 16:48:37',NULL,102,145,-0.34505999088287354,-1.3735699653625488,0.8798800110816956,-40.17942810058594,21.703460693359375,-70.29177856445312,3.1421899795532227,37.099998474121094,158,1),(1069,'2020-08-22 16:48:47','2020-08-22 16:48:47',NULL,102,145,0.41784998774528503,-1.9639999866485596,1.3740500211715698,61.563079833984375,-21.417139053344727,20.555429458618164,4.393219947814941,50.599998474121094,158,1),(1070,'2020-08-22 16:48:57','2020-08-22 16:48:57',NULL,102,145,1.9137500524520874,0.513260006904602,-0.48930999636650085,29.318180084228516,-15.431920051574707,-6.95205020904541,3.1193299293518066,38.70000076293945,158,1),(1071,'2020-08-22 16:49:07','2020-08-22 16:49:07',NULL,102,145,-0.15780000388622284,-0.616599977016449,-0.9875500202178955,0.6972299814224243,-68.08003997802734,37.96253967285156,4.407549858093262,49.400001525878906,158,1),(1072,'2020-08-22 16:49:17','2020-08-22 16:49:17',NULL,102,145,-0.021460000425577164,-1.4914599657058716,1.3594900369644165,76.29312133789062,27.243349075317383,-76.88812255859375,1.2816699743270874,39.599998474121094,158,1),(1073,'2020-08-22 16:49:27','2020-08-22 16:49:27',NULL,102,145,1.2357499599456787,0.01071999967098236,1.5017199516296387,26.39488983154297,71.5299072265625,13.9893798828125,3.7157599925994873,22.899999618530273,158,1),(1074,'2020-08-22 16:49:37','2020-08-22 16:49:37',NULL,102,145,-0.7971799969673157,-1.9035500288009644,1.2975499629974365,39.8324089050293,-5.522290229797363,-49.42198944091797,0.8190000057220459,19.299999237060547,158,1),(1075,'2020-08-22 16:49:50','2020-08-22 16:49:50',NULL,102,145,1.1597000360488892,1.9827200174331665,1.6792500019073486,12.790849685668945,-80.92057800292969,-35.481319427490234,0.4181300103664398,31,158,1),(1076,'2020-08-22 16:50:07','2020-08-22 16:50:07',NULL,102,145,1.0432699918746948,-1.6549299955368042,1.3766499757766724,40.727760314941406,-85.7671127319336,-0.6586599946022034,3.433459997177124,37.5,158,1),(1077,'2020-08-22 16:50:19','2020-08-22 16:50:19',NULL,102,145,1.7911900281906128,0.06447000056505203,-0.41383999586105347,39.96335983276367,45.61872863769531,-22.397659301757812,1.8328700065612793,44.70000076293945,158,1),(1078,'2020-08-22 16:50:29','2020-08-22 16:50:29',NULL,102,145,0.5372200012207031,1.634160041809082,1.585800051689148,-69.65634155273438,66.15939331054688,54.7322883605957,0.9604499936103821,52.5,158,1),(1079,'2020-08-22 16:50:39','2020-08-22 16:50:39',NULL,102,145,-0.07982999831438065,-0.23021000623703003,1.5869699716567993,-3.399470090866089,-77.73587799072266,-72.08071899414062,3.825890064239502,47.79999923706055,158,1),(1080,'2020-08-22 16:50:50','2020-08-22 16:50:50',NULL,102,145,1.3673399686813354,-1.1131600141525269,1.1248400211334229,-42.34246826171875,43.94921875,-35.2093391418457,3.2883501052856445,-0.10000000149011612,158,1),(1081,'2020-08-22 16:50:58','2020-08-22 16:50:58',NULL,102,145,-1.554569959640503,-0.2623099982738495,0.309579998254776,-24.16329002380371,80.10122680664062,-47.24580001831055,4.405439853668213,4.099999904632568,158,1),(1082,'2020-08-22 16:51:08','2020-08-22 16:51:08',NULL,102,145,-0.31200000643730164,1.1501799821853638,-0.19577999413013458,-89.12567138671875,-85.62773895263672,-61.37369918823242,3.4321699142456055,46,158,1),(1083,'2020-08-22 16:51:18','2020-08-22 16:51:18',NULL,102,145,1.8994499444961548,1.8677699565887451,-1.4709399938583374,18.55875015258789,3.389539957046509,-81.51567840576172,2.8503899574279785,13.100000381469727,158,1),(1084,'2020-08-22 16:51:29','2020-08-22 16:51:29',NULL,102,145,0.9356499910354614,1.491260051727295,0.09264999628067017,41.75774002075195,10.923859596252441,-32.4122314453125,3.1727499961853027,10,158,1),(1085,'2020-08-22 16:51:38','2020-08-22 16:51:38',NULL,102,145,-1.0389599800109863,1.522029995918274,0.9493100047111511,41.22895812988281,-55.93906021118164,-81.82315826416016,3.944200038909912,22.799999237060547,158,1),(1086,'2020-08-22 16:51:48','2020-08-22 16:51:48',NULL,102,145,-0.8176500201225281,1.506909966468811,-0.7167900204658508,-32.353519439697266,-12.176050186157227,0.5796700119972229,3.878880023956299,15.100000381469727,158,1),(1087,'2020-08-22 16:51:58','2020-08-22 16:51:58',NULL,102,145,1.058859944343567,1.2845799922943115,-0.38095998764038086,47.67826843261719,37.76969909667969,12.550049781799316,3.4862799644470215,47.900001525878906,158,1),(1088,'2020-08-22 16:52:08','2020-08-22 16:52:08',NULL,102,145,0.9892399907112122,0.33351001143455505,0.15926000475883484,-8.221779823303223,-16.253660202026367,1.986430048942566,0.12449000030755997,5.400000095367432,158,1),(1089,'2020-08-22 16:52:18','2020-08-22 16:52:18',NULL,102,145,-0.5250599980354309,-0.7785199880599976,1.8478200435638428,35.6761589050293,40.45138931274414,41.37062072753906,3.431380033493042,50.5,158,1),(1090,'2020-08-22 16:52:28','2020-08-22 16:52:28',NULL,102,145,1.7601300477981567,-1.8432899713516235,0.16054999828338623,-14.818610191345215,-89.39505767822266,80.03215789794922,0.6975600123405457,20.399999618530273,158,1),(1091,'2020-08-22 16:52:44','2020-08-22 16:52:44',NULL,102,145,-1.0517799854278564,-0.35954999923706055,0.6220499873161316,-66.3125,61.04998016357422,68.77616882324219,0.7550299763679504,11.699999809265137,158,1),(1092,'2020-08-22 16:52:50','2020-08-22 16:52:50',NULL,102,145,-1.405060052871704,0.22123000025749207,1.049180030822754,16.05401039123535,-73.66197204589844,-12.076399803161621,3.2107999324798584,25.100000381469727,158,1),(1093,'2020-08-22 16:53:05','2020-08-22 16:53:05',NULL,102,145,-0.22200000286102295,0.350629985332489,1.5210399627685547,-69.94066619873047,76.70606231689453,26.96738052368164,3.710969924926758,-2.200000047683716,158,1),(1094,'2020-08-22 16:53:25','2020-08-22 16:53:25',NULL,102,145,-1.57246994972229,-1.5776000022888184,0.13294999301433563,-53.08842849731445,-38.877498626708984,-33.00728988647461,3.9260900020599365,14.800000190734863,158,1),(1095,'2020-08-22 16:53:30','2020-08-22 16:53:30',NULL,102,145,1.957859992980957,0.9069899916648865,1.6447700262069702,83.28280639648438,76.33087158203125,81.69316864013672,1.4546799659729004,11.899999618530273,158,1),(1096,'2020-08-22 16:53:39','2020-08-22 16:53:39',NULL,102,145,0.6274799704551697,0.44710999727249146,-0.02913999930024147,-37.38434982299805,52.940670013427734,4.309659957885742,0.48405998945236206,38.400001525878906,158,1),(1097,'2020-08-22 16:53:49','2020-08-22 16:53:49',NULL,102,145,1.8482099771499634,-1.5991499423980713,-1.5181100368499756,30.384109497070312,48.05406951904297,63.09836959838867,4.308390140533447,7.300000190734863,158,1),(1098,'2020-08-22 16:53:59','2020-08-22 16:53:59',NULL,102,145,0.9794899821281433,1.296820044517517,0.8887799978256226,-38.032291412353516,-83.74434661865234,12.788559913635254,2.2072200775146484,-0.800000011920929,158,1),(1099,'2020-08-22 16:54:09','2020-08-22 16:54:09',NULL,102,145,-0.26603999733924866,-0.5991899967193604,-0.7012799978256226,58.7853889465332,-25.52581024169922,20.638269424438477,3.3154799938201904,20.600000381469727,158,1),(1100,'2020-08-22 16:54:19','2020-08-22 16:54:19',NULL,102,145,-0.9403700232505798,1.3841300010681152,-0.0023499999660998583,23.880020141601562,69.5115966796875,19.723520278930664,1.4286799430847168,23.600000381469727,158,1),(1101,'2020-08-22 16:54:29','2020-08-22 16:54:29',NULL,102,145,1.4985100030899048,-1.906630039215088,-0.0406000018119812,7.234179973602295,67.55387878417969,79.20178985595703,1.5532699823379517,25,158,1),(1102,'2020-08-22 16:54:39','2020-08-22 16:54:39',NULL,102,145,0.021970000118017197,0.42188000679016113,1.081339955329895,-70.56413269042969,-38.84280014038086,-80.0392074584961,1.9889800548553467,17.600000381469727,158,1),(1103,'2020-08-22 16:54:50','2020-08-22 16:54:50',NULL,102,145,0.34248000383377075,-1.717329978942871,1.1465599536895752,42.01213073730469,83.40809631347656,37.563331604003906,0.14316000044345856,28,158,1),(1104,'2020-08-22 16:55:00','2020-08-22 16:55:00',NULL,102,145,1.7020699977874756,1.6829700469970703,-1.4872900247573853,-59.47407913208008,-53.25545120239258,-68.71642303466797,3.070509910583496,46.900001525878906,158,1),(1105,'2020-08-22 16:55:09','2020-08-22 16:55:09',NULL,102,145,-0.8627499938011169,0.9002900123596191,1.5272899866104126,-72.09735870361328,-33.85240173339844,46.8154182434082,3.6071600914001465,18.600000381469727,158,1),(1106,'2020-08-22 16:55:19','2020-08-22 16:55:19',NULL,102,145,0.2205200046300888,-1.2399100065231323,-0.3304100036621094,65.78472900390625,-44.470420837402344,46.92047119140625,1.4793599843978882,35.79999923706055,158,1),(1107,'2020-08-22 16:55:29','2020-08-22 16:55:29',NULL,102,145,-0.7215399742126465,0.01498000044375658,-0.5808299779891968,-47.26934814453125,-54.996238708496094,-49.48535919189453,1.1867200136184692,-1.899999976158142,158,1),(1108,'2020-08-22 16:55:39','2020-08-22 16:55:39',NULL,102,145,0.08640000224113464,0.8254899978637695,-0.14916999638080597,-79.79682159423828,-1.525670051574707,1.2313100099563599,3.430619955062866,32.29999923706055,158,1),(1109,'2020-08-22 16:55:49','2020-08-22 16:55:49',NULL,102,145,-1.9604400396347046,-0.6575599908828735,0.956279993057251,-9.623990058898926,17.652759552001953,36.90456008911133,2.386090040206909,18.600000381469727,158,1),(1110,'2020-08-22 16:56:00','2020-08-22 16:56:00',NULL,102,145,0.8008700013160706,-1.609220027923584,-0.30774998664855957,23.650739669799805,62.44865036010742,-36.76662826538086,1.1154600381851196,29.700000762939453,158,1),(1111,'2020-08-22 16:56:10','2020-08-22 16:56:10',NULL,102,145,-1.5747300386428833,1.2550899982452393,0.7552300095558167,-77.80204772949219,67.46501922607422,77.19242858886719,1.5206400156021118,34.400001525878906,158,1),(1112,'2020-08-22 16:56:20','2020-08-22 16:56:20',NULL,102,145,1.9606200456619263,1.5666199922561646,1.0827399492263794,84.06004333496094,34.618770599365234,12.588390350341797,3.492919921875,13.600000381469727,158,1),(1113,'2020-08-22 16:56:30','2020-08-22 16:56:30',NULL,102,145,1.5251400470733643,0.29183998703956604,1.0811699628829956,8.14822006225586,64.60719299316406,-76.5165786743164,0.9619500041007996,40.5,158,1),(1114,'2020-08-22 16:56:40','2020-08-22 16:56:40',NULL,102,145,-1.138569951057434,0.8225899934768677,1.5802199840545654,20.912689208984375,-88.0654525756836,-85.89527130126953,2.7948100566864014,2.0999999046325684,158,1),(1115,'2020-08-22 16:56:50','2020-08-22 16:56:50',NULL,102,145,-0.6329399943351746,1.167829990386963,-0.4862000048160553,67.1778335571289,-24.662689208984375,56.40325164794922,1.4007999897003174,47,158,1),(1116,'2020-08-22 16:57:00','2020-08-22 16:57:00',NULL,102,145,0.6016700267791748,0.24685999751091003,-0.6723499894142151,79.76361083984375,-26.278379440307617,-84.7593765258789,4.199399948120117,16.600000381469727,158,1),(1117,'2020-08-22 16:57:10','2020-08-22 16:57:10',NULL,102,145,0.2707499861717224,1.284209966659546,1.113379955291748,-10.777549743652344,36.897029876708984,-77.63233184814453,1.6135900020599365,38.5,158,1),(1118,'2020-08-22 16:57:20','2020-08-22 16:57:20',NULL,102,145,-1.3141900300979614,1.305999994277954,-1.5308899879455566,-29.278499603271484,-35.18661117553711,44.32387161254883,0.16252000629901886,7.699999809265137,158,1),(1119,'2020-08-22 16:57:30','2020-08-22 16:57:30',NULL,102,145,-1.298699975013733,1.7379300594329834,1.0867500305175781,-58.03556823730469,-37.554710388183594,-63.11465072631836,1.023710012435913,0.5,158,1),(1120,'2020-08-22 16:57:40','2020-08-22 16:57:40',NULL,102,145,0.12793000042438507,1.1047600507736206,1.0657299757003784,-44.3372688293457,26.17030906677246,-78.0509033203125,1.2093600034713745,12.399999618530273,158,1),(1121,'2020-08-22 16:57:50','2020-08-22 16:57:50',NULL,102,145,-0.37731999158859253,0.8314599990844727,-0.046629998832941055,-76.45506286621094,67.89251708984375,29.781679153442383,2.822050094604492,33.599998474121094,158,1),(1122,'2020-08-22 16:58:00','2020-08-22 16:58:00',NULL,102,145,1.0552699565887451,-0.854200005531311,1.5117700099945068,-19.996360778808594,32.30051040649414,38.11756896972656,2.439300060272217,35.70000076293945,158,1),(1123,'2020-08-22 16:58:10','2020-08-22 16:58:10',NULL,102,145,-0.6487399935722351,-1.9174000024795532,-0.7886999845504761,56.53268051147461,-12.864580154418945,-48.67393112182617,1.993939995765686,42.099998474121094,158,1),(1124,'2020-08-22 16:58:20','2020-08-22 16:58:20',NULL,102,145,0.8116899728775024,-1.4105199575424194,1.450600028038025,-11.529060363769531,-21.485469818115234,67.70503234863281,2.0193300247192383,-1.7000000476837158,158,1),(1125,'2020-08-22 16:58:31','2020-08-22 16:58:31',NULL,102,145,-1.0907000303268433,0.7342100143432617,-0.49678000807762146,-67.3182601928711,-6.570980072021484,-29.210819244384766,2.9740700721740723,11.699999809265137,158,1),(1126,'2020-08-22 16:58:41','2020-08-22 16:58:41',NULL,102,145,0.5612599849700928,0.01360000018030405,1.1907399892807007,-24.101999282836914,-84.62384033203125,73.81127166748047,2.3479299545288086,18.600000381469727,158,1),(1127,'2020-08-22 16:58:51','2020-08-22 16:58:51',NULL,102,145,-0.12148000299930573,-1.236009955406189,1.2824900150299072,-66.74456024169922,29.907119750976562,-18.198209762573242,2.083319902420044,50.5,158,1),(1128,'2020-08-22 16:59:01','2020-08-22 16:59:01',NULL,102,145,-1.6083099842071533,1.6732200384140015,1.6218500137329102,68.20806121826172,-19.577669143676758,-43.08563995361328,2.8337199687957764,46.70000076293945,158,1),(1129,'2020-08-22 16:59:11','2020-08-22 16:59:11',NULL,102,145,0.7535399794578552,-1.605739951133728,1.9790899753570557,-23.24591064453125,-89.31575775146484,-60.70798873901367,1.829509973526001,51.900001525878906,158,1),(1130,'2020-08-22 16:59:21','2020-08-22 16:59:21',NULL,102,145,-1.082069993019104,-1.7396600246429443,-1.3692200183868408,83.51165771484375,44.161190032958984,74.6065673828125,4.413449764251709,31.799999237060547,158,1),(1131,'2020-08-22 16:59:31','2020-08-22 16:59:31',NULL,102,145,1.7954599857330322,0.10169000178575516,-0.33428001403808594,-39.53588104248047,-72.19599914550781,-35.633460998535156,1.1705000400543213,33.599998474121094,158,1),(1132,'2020-08-22 16:59:41','2020-08-22 16:59:41',NULL,102,145,1.385599970817566,-1.8362400531768799,0.01752999983727932,-4.542520046234131,-23.420860290527344,53.46918869018555,3.4486498832702637,12.300000190734863,158,1),(1133,'2020-08-22 16:59:51','2020-08-22 16:59:51',NULL,102,145,-1.614650011062622,1.1271100044250488,1.2237299680709839,-49.55038833618164,-81.34539031982422,-30.444740295410156,1.9887299537658691,34,158,1),(1134,'2020-08-22 17:00:01','2020-08-22 17:00:01',NULL,102,145,0.2745800018310547,-0.7712299823760986,-1.0886499881744385,-2.5549800395965576,77.99874877929688,72.92059326171875,4.069900035858154,33.29999923706055,158,1),(1135,'2020-08-22 17:00:11','2020-08-22 17:00:11',NULL,102,145,-1.1222200393676758,0.48524001240730286,1.0091999769210815,-27.594270706176758,54.03873825073242,11.895950317382812,2.7083799839019775,35,158,1),(1136,'2020-08-22 17:00:21','2020-08-22 17:00:21',NULL,102,145,-1.597499966621399,1.0169600248336792,-0.31334999203681946,-60.37969970703125,-69.84522247314453,-7.623300075531006,4.247230052947998,34,158,1),(1137,'2020-08-22 17:00:31','2020-08-22 17:00:31',NULL,102,145,0.954289972782135,-1.5255299806594849,-1.9810500144958496,47.3615608215332,-34.037109375,-8.030790328979492,3.6518800258636475,5,158,1),(1138,'2020-08-22 17:00:41','2020-08-22 17:00:41',NULL,102,145,-1.4717799425125122,1.5659699440002441,-1.6208699941635132,57.200721740722656,-66.09423065185547,-55.84593963623047,0.3081200122833252,47.20000076293945,158,1),(1139,'2020-08-22 17:00:52','2020-08-22 17:00:52',NULL,102,145,0.4769600033760071,0.6866199970245361,-0.44348999857902527,56.3237190246582,-81.92517852783203,-39.974300384521484,1.7751100063323975,8,158,1),(1140,'2020-08-22 17:01:02','2020-08-22 17:01:02',NULL,102,145,-0.5445899963378906,-1.3507499694824219,-0.39831000566482544,11.686659812927246,32.85414123535156,-22.838069915771484,3.1948599815368652,27.299999237060547,158,1),(1141,'2020-08-22 17:01:12','2020-08-22 17:01:12',NULL,102,145,0.841920018196106,-1.4832799434661865,-0.6018199920654297,51.01559829711914,34.076011657714844,-17.273849487304688,3.85017991065979,-2.700000047683716,158,1),(1142,'2020-08-22 17:01:22','2020-08-22 17:01:22',NULL,102,145,-1.3639800548553467,1.5358400344848633,-0.03946999832987785,-11.862360000610352,77.12210083007812,39.358848571777344,3.851330041885376,-1.7999999523162842,158,1),(1143,'2020-08-22 17:01:32','2020-08-22 17:01:32',NULL,102,145,-1.1671799421310425,0.17276999354362488,0.45903998613357544,58.14714050292969,-81.43598937988281,-27.01382064819336,4.430059909820557,23.200000762939453,158,1),(1144,'2020-08-22 17:01:42','2020-08-22 17:01:42',NULL,102,145,-0.7261899709701538,1.2501200437545776,-0.028909999877214432,-42.245391845703125,-10.76436996459961,-76.68607330322266,1.778749942779541,27.899999618530273,158,1),(1145,'2020-08-22 17:01:52','2020-08-22 17:01:52',NULL,102,145,-1.0256099700927734,-1.8145300149917603,1.9589300155639648,74.86849212646484,79.02754211425781,-34.08332061767578,0.1494400054216385,14.800000190734863,158,1),(1146,'2020-08-22 17:02:02','2020-08-22 17:02:02',NULL,102,145,1.9278500080108643,-0.6684100031852722,0.4741300046443939,-49.952980041503906,13.860899925231934,-33.55883026123047,0.6094099879264832,-0.8999999761581421,158,1),(1147,'2020-08-22 17:02:12','2020-08-22 17:02:12',NULL,102,145,0.3859499990940094,-0.5819399952888489,-0.9114800095558167,-80.0028076171875,-69.98828887939453,-84.8723373413086,0.11235000193119049,0,158,1),(1148,'2020-08-22 17:02:22','2020-08-22 17:02:22',NULL,102,145,-1.3839399814605713,-0.9053699970245361,-0.4482699930667877,73.44219207763672,-35.33572006225586,37.28765106201172,2.003269910812378,17.200000762939453,158,1),(1149,'2020-08-22 17:02:32','2020-08-22 17:02:32',NULL,102,145,-1.8651000261306763,-0.42399001121520996,1.1752899885177612,41.16453170776367,-26.859840393066406,29.042430877685547,1.0617799758911133,33.599998474121094,158,1),(1150,'2020-08-22 17:02:42','2020-08-22 17:02:42',NULL,102,145,1.4187300205230713,-0.6117299795150757,1.943269968032837,29.42527961730957,17.413349151611328,-12.435720443725586,0.10374999791383743,9.800000190734863,158,1),(1151,'2020-08-22 17:02:52','2020-08-22 17:02:52',NULL,102,145,1.0902600288391113,-1.7831799983978271,-1.6504600048065186,-89.63752746582031,-44.4310188293457,-29.828659057617188,3.3575000762939453,1.100000023841858,158,1),(1152,'2020-08-22 17:03:03','2020-08-22 17:03:03',NULL,102,145,1.5820000171661377,-1.144070029258728,0.9614899754524231,-81.99141693115234,-76.70416259765625,80.69782257080078,3.3851499557495117,27.600000381469727,158,1),(1153,'2020-08-22 17:03:12','2020-08-22 17:03:12',NULL,102,145,0.27619001269340515,0.259799987077713,-1.2895699739456177,58.69129180908203,-43.42837142944336,83.61705017089844,0.6801599860191345,11.199999809265137,158,1),(1154,'2020-08-22 17:03:22','2020-08-22 17:03:22',NULL,102,145,-0.8786100149154663,0.6952300071716309,-1.0915299654006958,-13.34142017364502,23.39137077331543,15.014209747314453,1.157580018043518,30.200000762939453,158,1),(1155,'2020-08-22 17:03:33','2020-08-22 17:03:33',NULL,102,145,1.7254799604415894,1.9958200454711914,-0.008009999990463257,76.12252807617188,68.75508880615234,26.150920867919922,1.5992200374603271,12.399999618530273,158,1),(1156,'2020-08-22 17:03:44','2020-08-22 17:03:44',NULL,102,145,-1.0746500492095947,-0.08226999640464783,-0.008320000022649765,6.917809963226318,-27.708480834960938,-23.8464298248291,4.4209699630737305,40.20000076293945,158,1),(1157,'2020-08-22 17:03:53','2020-08-22 17:03:53',NULL,102,145,1.8330899477005005,-0.4029499888420105,-0.2708800137042999,49.216468811035156,28.964580535888672,1.4265600442886353,0.27046999335289,46.900001525878906,158,1),(1158,'2020-08-23 21:27:37','2020-08-23 21:27:37',NULL,102,145,0.505299985408783,-1.3470300436019897,-0.08737999945878983,82.36792755126953,-49.117740631103516,-70.47189331054688,0.8608599901199341,25.399999618530273,158,1),(1159,'2020-08-23 21:27:47','2020-08-23 21:27:47',NULL,102,145,0.5135200023651123,-1.6736700534820557,0.9059200286865234,-33.53670883178711,30.56652069091797,75.7277603149414,3.088320016860962,35,158,1),(1160,'2020-08-23 21:27:58','2020-08-23 21:27:58',NULL,102,145,-1.625730037689209,0.06770999729633331,-1.4607399702072144,30.784269332885742,-3.337899923324585,-48.80012130737305,3.03125,-0.5,158,1);
/*!40000 ALTER TABLE `ad_device_data` ENABLE KEYS */;
UNLOCK TABLES;

--
-- Table structure for table `ad_device_datas`
--

DROP TABLE IF EXISTS `ad_device_datas`;
/*!40101 SET @saved_cs_client     = @@character_set_client */;
/*!40101 SET character_set_client = utf8 */;
CREATE TABLE `ad_device_datas` (
  `id` int(10) unsigned NOT NULL AUTO_INCREMENT,
  `created_at` datetime DEFAULT NULL,
  `updated_at` datetime DEFAULT NULL,
  `deleted_at` datetime DEFAULT NULL,
  `device_id` int(10) NOT NULL COMMENT '设备id',
  `accx` float DEFAULT '0' COMMENT 'x轴加速度',
  `accy` float DEFAULT '0' COMMENT 'y轴加速度',
  `accz` float DEFAULT '0' COMMENT 'z轴加速度',
  `degx` float DEFAULT '0' COMMENT 'x轴倾斜角',
  `degy` float DEFAULT '0' COMMENT 'y轴倾斜角',
  `degz` float DEFAULT '0' COMMENT 'z轴倾斜角',
  `speedz` float DEFAULT '0' COMMENT '电梯速度',
  `floor` float DEFAULT '1' COMMENT '电梯当前楼层',
  `door_state_id` int(10) DEFAULT NULL COMMENT '电梯门状态类型',
  `people_inside` tinyint(1) DEFAULT '1' COMMENT '电梯内是否有人',
  `trouble_id` int(10) DEFAULT NULL COMMENT '电梯状态/故障类型',
  PRIMARY KEY (`id`) USING BTREE,
  KEY `idx_ad_device_datas_deleted_at` (`deleted_at`)
) ENGINE=InnoDB AUTO_INCREMENT=100 DEFAULT CHARSET=utf8 ROW_FORMAT=COMPACT COMMENT='广告机设备数据表';
/*!40101 SET character_set_client = @saved_cs_client */;

--
-- Dumping data for table `ad_device_datas`
--

LOCK TABLES `ad_device_datas` WRITE;
/*!40000 ALTER TABLE `ad_device_datas` DISABLE KEYS */;
/*!40000 ALTER TABLE `ad_device_datas` ENABLE KEYS */;
UNLOCK TABLES;

--
-- Table structure for table `ad_device_events`
--

DROP TABLE IF EXISTS `ad_device_events`;
/*!40101 SET @saved_cs_client     = @@character_set_client */;
/*!40101 SET character_set_client = utf8 */;
CREATE TABLE `ad_device_events` (
  `id` int(10) unsigned NOT NULL AUTO_INCREMENT,
  `created_at` datetime DEFAULT NULL,
  `updated_at` datetime DEFAULT NULL,
  `deleted_at` datetime DEFAULT NULL,
  `device_id` int(10) NOT NULL COMMENT '设备id',
  `type_id` int(10) NOT NULL COMMENT '事件类型category',
  `content` char(255) DEFAULT NULL COMMENT '事件内容',
  PRIMARY KEY (`id`) USING BTREE,
  KEY `idx_ad_device_events_deleted_at` (`deleted_at`)
) ENGINE=InnoDB AUTO_INCREMENT=115 DEFAULT CHARSET=utf8 ROW_FORMAT=COMPACT COMMENT='广告机设备事件表';
/*!40101 SET character_set_client = @saved_cs_client */;

--
-- Dumping data for table `ad_device_events`
--

LOCK TABLES `ad_device_events` WRITE;
/*!40000 ALTER TABLE `ad_device_events` DISABLE KEYS */;
INSERT INTO `ad_device_events` VALUES (100,'2020-08-22 15:09:13','2020-08-22 15:09:13',NULL,102,165,'设备于 2020-08-22 15:09:12上线'),(101,'2020-08-22 15:17:29','2020-08-22 15:17:29',NULL,102,165,'设备于 2020-08-22 15:17:29上线'),(102,'2020-08-22 15:24:47','2020-08-22 15:24:47',NULL,102,164,'设备于 2020-08-22 15:24:47离线'),(103,'2020-08-22 15:32:58','2020-08-22 15:32:58',NULL,102,165,'设备于 2020-08-22 15:32:57上线'),(104,'2020-08-22 15:33:57','2020-08-22 15:33:57',NULL,102,164,'设备于 2020-08-22 15:33:57离线'),(105,'2020-08-22 15:35:30','2020-08-22 15:35:30',NULL,102,165,'设备于 2020-08-22 15:35:30上线'),(106,'2020-08-22 15:36:30','2020-08-22 15:36:30',NULL,102,164,'设备于 2020-08-22 15:36:30离线'),(107,'2020-08-22 15:38:31','2020-08-22 15:38:31',NULL,102,165,'设备于 2020-08-22 15:38:30上线'),(108,'2020-08-22 15:39:31','2020-08-22 15:39:31',NULL,102,164,'设备于 2020-08-22 15:39:30离线'),(109,'2020-08-22 15:49:47','2020-08-22 15:49:47',NULL,102,165,'设备于 2020-08-22 15:49:46上线'),(110,'2020-08-22 15:50:47','2020-08-22 15:50:47',NULL,102,164,'设备于 2020-08-22 15:50:46离线'),(111,'2020-08-22 15:52:21','2020-08-22 15:52:21',NULL,102,165,'设备于 2020-08-22 15:52:21上线'),(112,'2020-08-23 03:40:17','2020-08-23 03:40:17',NULL,102,164,'设备于 2020-08-23 03:40:16离线'),(113,'2020-08-23 21:27:37','2020-08-23 21:27:37',NULL,102,165,'设备于 2020-08-23 21:27:36上线'),(114,'2020-08-23 21:28:37','2020-08-23 21:28:37',NULL,102,164,'设备于 2020-08-23 21:28:36离线');
/*!40000 ALTER TABLE `ad_device_events` ENABLE KEYS */;
UNLOCK TABLES;

--
-- Table structure for table `ad_device_owners`
--

DROP TABLE IF EXISTS `ad_device_owners`;
/*!40101 SET @saved_cs_client     = @@character_set_client */;
/*!40101 SET character_set_client = utf8 */;
CREATE TABLE `ad_device_owners` (
  `ad_device_id` int(10) unsigned NOT NULL,
  `sys_user_id` int(10) unsigned NOT NULL,
  PRIMARY KEY (`ad_device_id`,`sys_user_id`)
) ENGINE=InnoDB DEFAULT CHARSET=latin1;
/*!40101 SET character_set_client = @saved_cs_client */;

--
-- Dumping data for table `ad_device_owners`
--

LOCK TABLES `ad_device_owners` WRITE;
/*!40000 ALTER TABLE `ad_device_owners` DISABLE KEYS */;
INSERT INTO `ad_device_owners` VALUES (102,11),(102,16),(102,17),(102,18),(102,45),(103,19),(103,52),(103,53),(104,10),(104,16),(104,17),(105,24),(105,41),(106,37),(106,38),(106,39);
/*!40000 ALTER TABLE `ad_device_owners` ENABLE KEYS */;
UNLOCK TABLES;

--
-- Table structure for table `ad_devices`
--

DROP TABLE IF EXISTS `ad_devices`;
/*!40101 SET @saved_cs_client     = @@character_set_client */;
/*!40101 SET character_set_client = utf8 */;
CREATE TABLE `ad_devices` (
  `id` int(10) unsigned NOT NULL AUTO_INCREMENT,
  `created_at` datetime DEFAULT NULL,
  `updated_at` datetime DEFAULT NULL,
  `deleted_at` datetime DEFAULT NULL,
  `type_id` int(10) NOT NULL COMMENT '电梯型号',
  `factory_id` int(10) NOT NULL COMMENT '生产商',
  `factory_time` datetime DEFAULT NULL COMMENT '出厂时间',
  `install_time` datetime DEFAULT NULL COMMENT '安装时间',
  `status_id` int(10) DEFAULT NULL COMMENT '设备状态类别',
  `online` tinyint(1) DEFAULT '0' COMMENT '设备是否在线',
  `last_offline_time` datetime DEFAULT NULL COMMENT '上次离线时间',
  `last_online_time` datetime DEFAULT NULL COMMENT '上次上线时间',
  PRIMARY KEY (`id`) USING BTREE,
  KEY `idx_ad_devices_deleted_at` (`deleted_at`)
) ENGINE=InnoDB AUTO_INCREMENT=107 DEFAULT CHARSET=utf8 ROW_FORMAT=COMPACT COMMENT='广告机设备表';
/*!40101 SET character_set_client = @saved_cs_client */;

--
-- Dumping data for table `ad_devices`
--

LOCK TABLES `ad_devices` WRITE;
/*!40000 ALTER TABLE `ad_devices` DISABLE KEYS */;
INSERT INTO `ad_devices` VALUES (102,'2020-08-13 16:36:29','2020-08-24 15:31:17',NULL,136,106,'2020-08-01 00:00:00','2020-08-12 00:00:00',138,0,'2020-08-22 15:39:31','2020-08-23 21:28:37'),(103,'2020-08-13 16:54:10','2020-08-13 16:54:10',NULL,136,110,'2020-08-01 00:00:00','2020-08-13 00:00:00',137,0,'2020-08-13 00:00:00','2020-08-13 00:00:00'),(104,'2020-08-13 16:55:22','2020-08-13 16:55:22',NULL,136,106,'2020-08-03 00:00:00','2020-08-04 00:00:00',139,0,'2020-08-04 00:00:00','2020-08-04 00:00:00'),(105,'2020-08-13 16:56:38','2020-08-13 16:56:38',NULL,136,115,'2020-08-03 00:00:00','2020-08-11 00:00:00',138,0,'2020-08-11 00:00:00','2020-08-11 00:00:00'),(106,'2020-08-16 17:42:18','2020-08-16 17:42:18',NULL,136,107,'2020-08-06 00:00:00','2020-08-14 00:00:00',139,0,'2020-08-14 00:00:00','2020-08-14 00:00:00');
/*!40000 ALTER TABLE `ad_devices` ENABLE KEYS */;
UNLOCK TABLES;

--
-- Table structure for table `address_tags`
--

DROP TABLE IF EXISTS `address_tags`;
/*!40101 SET @saved_cs_client     = @@character_set_client */;
/*!40101 SET character_set_client = utf8 */;
CREATE TABLE `address_tags` (
  `address_id` int(10) unsigned NOT NULL,
  `category_id` int(10) unsigned NOT NULL,
  PRIMARY KEY (`address_id`,`category_id`)
) ENGINE=InnoDB DEFAULT CHARSET=latin1;
/*!40101 SET character_set_client = @saved_cs_client */;

--
-- Dumping data for table `address_tags`
--

LOCK TABLES `address_tags` WRITE;
/*!40000 ALTER TABLE `address_tags` DISABLE KEYS */;
INSERT INTO `address_tags` VALUES (111,130),(112,124),(112,125),(112,126),(112,127),(112,128),(112,129),(112,134),(113,125),(113,126),(113,127),(113,128),(113,135),(114,125),(114,127),(114,128),(114,130),(115,124),(115,125),(115,127),(115,128),(115,129),(116,125),(116,127),(116,128),(116,129),(116,130),(117,125),(117,127),(117,128),(117,129),(117,130),(118,125),(118,127),(118,128),(118,129),(118,130),(119,128),(119,129),(120,125),(120,127),(120,128),(120,129),(120,130),(121,124),(121,127),(121,128),(122,125),(122,127),(122,128),(123,125),(123,130);
/*!40000 ALTER TABLE `address_tags` ENABLE KEYS */;
UNLOCK TABLES;

--
-- Table structure for table `addresses`
--

DROP TABLE IF EXISTS `addresses`;
/*!40101 SET @saved_cs_client     = @@character_set_client */;
/*!40101 SET character_set_client = utf8 */;
CREATE TABLE `addresses` (
  `id` int(10) unsigned NOT NULL AUTO_INCREMENT,
  `created_at` datetime DEFAULT NULL,
  `updated_at` datetime DEFAULT NULL,
  `deleted_at` datetime DEFAULT NULL,
  `region_id` int(10) NOT NULL COMMENT 'region id',
  `address_name` varchar(255) DEFAULT NULL COMMENT '地址，精确到类似小区级别',
  `location` varchar(255) DEFAULT NULL COMMENT 'geo location',
  `user_amount` int(10) unsigned NOT NULL DEFAULT '0' COMMENT 'user amount',
  PRIMARY KEY (`id`) USING BTREE,
  KEY `idx_addresses_deleted_at` (`deleted_at`)
) ENGINE=InnoDB AUTO_INCREMENT=124 DEFAULT CHARSET=utf8 ROW_FORMAT=COMPACT COMMENT='地址表';
/*!40101 SET character_set_client = @saved_cs_client */;

--
-- Dumping data for table `addresses`
--

LOCK TABLES `addresses` WRITE;
/*!40000 ALTER TABLE `addresses` DISABLE KEYS */;
INSERT INTO `addresses` VALUES (114,'2020-08-11 16:00:13','2020-08-11 16:00:13','2020-08-11 16:37:01',103,'东湖高新区光谷一路与湖口一路交汇处(光谷火车站东侧)统建天成美景','114.436551,30.484905',3000),(115,'2020-08-11 16:18:13','2020-08-11 16:18:13','2020-08-11 16:37:03',104,'新技术开发区关山一路74号保利花园(关山大道)','114.41495,30.500078',2000),(116,'2020-08-11 17:09:25','2020-08-11 17:09:25','2020-08-11 17:23:11',105,'新技术开发区关山一路74号保利花园(关山大道)','114.41495,30.500078',2000),(117,'2020-08-11 17:23:38','2020-08-11 17:23:38','2020-08-11 17:25:10',106,'新技术开发区关山一路74号保利花园(关山大道)','114.41495,30.500078',2000),(118,'2020-08-11 17:25:54','2020-08-11 17:25:54','2020-08-11 17:28:23',107,'新技术开发区关山一路74号保利花园(关山大道)','114.41495,30.500078',2000),(119,'2020-08-11 17:27:55','2020-08-11 17:27:55','2020-08-11 17:28:38',100,'万松街办事处解放大道688号武商广场6层asics(武商广场购物中心北区)','114.269915,30.580497',1111),(120,'2020-08-11 17:40:24','2020-08-24 15:31:17',NULL,102,'新技术开发区关山一路74号保利花园(关山大道)','114.41495,30.499504',2000),(121,'2020-08-11 17:41:14','2020-08-11 17:41:14',NULL,102,'东湖高新区民院路555号(当代学生公寓附近)当代曙光嘉园','114.398803,30.492495',1000),(122,'2020-08-11 17:42:38','2020-08-11 17:42:38',NULL,102,'关山大道369号金地·太阳城','114.414263,30.49073',2000),(123,'2020-08-11 17:43:46','2020-08-11 17:43:46',NULL,102,'关山大道和南湖大道交汇处(光谷创意大厦与光谷天地中间)江城雅居(建设中)','114.412767,30.479478',2000);
/*!40000 ALTER TABLE `addresses` ENABLE KEYS */;
UNLOCK TABLES;

--
-- Temporary table structure for view `authority_menu`
--

DROP TABLE IF EXISTS `authority_menu`;
/*!50001 DROP VIEW IF EXISTS `authority_menu`*/;
SET @saved_cs_client     = @@character_set_client;
SET character_set_client = utf8;
/*!50001 CREATE VIEW `authority_menu` AS SELECT
 1 AS `id`,
 1 AS `created_at`,
 1 AS `updated_at`,
 1 AS `deleted_at`,
 1 AS `menu_level`,
 1 AS `parent_id`,
 1 AS `path`,
 1 AS `name`,
 1 AS `hidden`,
 1 AS `component`,
 1 AS `title`,
 1 AS `icon`,
 1 AS `nick_name`,
 1 AS `sort`,
 1 AS `authority_id`,
 1 AS `menu_id`,
 1 AS `keep_alive`,
 1 AS `default_menu`*/;
SET character_set_client = @saved_cs_client;

--
-- Table structure for table `casbin_rule`
--

DROP TABLE IF EXISTS `casbin_rule`;
/*!40101 SET @saved_cs_client     = @@character_set_client */;
/*!40101 SET character_set_client = utf8 */;
CREATE TABLE `casbin_rule` (
  `p_type` varchar(100) DEFAULT NULL,
  `v0` varchar(100) DEFAULT NULL,
  `v1` varchar(100) DEFAULT NULL,
  `v2` varchar(100) DEFAULT NULL,
  `v3` varchar(100) DEFAULT NULL,
  `v4` varchar(100) DEFAULT NULL,
  `v5` varchar(100) DEFAULT NULL
) ENGINE=InnoDB DEFAULT CHARSET=utf8 ROW_FORMAT=COMPACT;
/*!40101 SET character_set_client = @saved_cs_client */;

--
-- Dumping data for table `casbin_rule`
--

LOCK TABLES `casbin_rule` WRITE;
/*!40000 ALTER TABLE `casbin_rule` DISABLE KEYS */;
INSERT INTO `casbin_rule` VALUES ('p','8881','/base/login','POST','','',''),('p','8881','/base/register','POST','','',''),('p','8881','/api/createApi','POST','','',''),('p','8881','/api/getApiList','POST','','',''),('p','8881','/api/getApiById','POST','','',''),('p','8881','/api/deleteApi','POST','','',''),('p','8881','/api/updateApi','POST','','',''),('p','8881','/api/getAllApis','POST','','',''),('p','8881','/authority/createAuthority','POST','','',''),('p','8881','/authority/deleteAuthority','POST','','',''),('p','8881','/authority/getAuthorityList','POST','','',''),('p','8881','/authority/setDataAuthority','POST','','',''),('p','8881','/menu/getMenu','POST','','',''),('p','8881','/menu/getMenuList','POST','','',''),('p','8881','/menu/addBaseMenu','POST','','',''),('p','8881','/menu/getBaseMenuTree','POST','','',''),('p','8881','/menu/addMenuAuthority','POST','','',''),('p','8881','/menu/getMenuAuthority','POST','','',''),('p','8881','/menu/deleteBaseMenu','POST','','',''),('p','8881','/menu/updateBaseMenu','POST','','',''),('p','8881','/menu/getBaseMenuById','POST','','',''),('p','8881','/user/changePassword','POST','','',''),('p','8881','/user/uploadHeaderImg','POST','','',''),('p','8881','/user/getInfoList','POST','','',''),('p','8881','/user/getUserList','POST','','',''),('p','8881','/user/setUserAuthority','POST','','',''),('p','8881','/fileUploadAndDownload/upload','POST','','',''),('p','8881','/fileUploadAndDownload/getFileList','POST','','',''),('p','8881','/fileUploadAndDownload/deleteFile','POST','','',''),('p','8881','/casbin/updateCasbin','POST','','',''),('p','8881','/casbin/getPolicyPathByAuthorityId','POST','','',''),('p','8881','/jwt/jsonInBlacklist','POST','','',''),('p','8881','/system/getSystemConfig','POST','','',''),('p','8881','/system/setSystemConfig','POST','','',''),('p','8881','/customer/customer','POST','','',''),('p','8881','/customer/customer','PUT','','',''),('p','8881','/customer/customer','DELETE','','',''),('p','8881','/customer/customer','GET','','',''),('p','8881','/customer/customerList','GET','','',''),('p','9528','/base/login','POST','','',''),('p','9528','/base/register','POST','','',''),('p','9528','/api/createApi','POST','','',''),('p','9528','/api/getApiList','POST','','',''),('p','9528','/api/getApiById','POST','','',''),('p','9528','/api/deleteApi','POST','','',''),('p','9528','/api/updateApi','POST','','',''),('p','9528','/api/getAllApis','POST','','',''),('p','9528','/authority/createAuthority','POST','','',''),('p','9528','/authority/deleteAuthority','POST','','',''),('p','9528','/authority/getAuthorityList','POST','','',''),('p','9528','/authority/setDataAuthority','POST','','',''),('p','9528','/menu/getMenu','POST','','',''),('p','9528','/menu/getMenuList','POST','','',''),('p','9528','/menu/addBaseMenu','POST','','',''),('p','9528','/menu/getBaseMenuTree','POST','','',''),('p','9528','/menu/addMenuAuthority','POST','','',''),('p','9528','/menu/getMenuAuthority','POST','','',''),('p','9528','/menu/deleteBaseMenu','POST','','',''),('p','9528','/menu/updateBaseMenu','POST','','',''),('p','9528','/menu/getBaseMenuById','POST','','',''),('p','9528','/user/changePassword','POST','','',''),('p','9528','/user/uploadHeaderImg','POST','','',''),('p','9528','/user/getInfoList','POST','','',''),('p','9528','/user/getUserList','POST','','',''),('p','9528','/user/setUserAuthority','POST','','',''),('p','9528','/fileUploadAndDownload/upload','POST','','',''),('p','9528','/fileUploadAndDownload/getFileList','POST','','',''),('p','9528','/fileUploadAndDownload/deleteFile','POST','','',''),('p','9528','/casbin/updateCasbin','POST','','',''),('p','9528','/casbin/getPolicyPathByAuthorityId','POST','','',''),('p','9528','/jwt/jsonInBlacklist','POST','','',''),('p','9528','/system/getSystemConfig','POST','','',''),('p','9528','/system/setSystemConfig','POST','','',''),('p','9528','/customer/customer','POST','','',''),('p','9528','/customer/customer','PUT','','',''),('p','9528','/customer/customer','DELETE','','',''),('p','9528','/customer/customer','GET','','',''),('p','9528','/customer/customerList','GET','','',''),('p','9528','/autoCode/createTemp','POST','','',''),('p','888','/base/login','POST','','',''),('p','888','/base/register','POST','','',''),('p','888','/api/createApi','POST','','',''),('p','888','/api/getApiList','POST','','',''),('p','888','/api/getApiById','POST','','',''),('p','888','/api/deleteApi','POST','','',''),('p','888','/api/updateApi','POST','','',''),('p','888','/api/getAllApis','POST','','',''),('p','888','/authority/createAuthority','POST','','',''),('p','888','/authority/deleteAuthority','POST','','',''),('p','888','/authority/getAuthorityList','POST','','',''),('p','888','/authority/setDataAuthority','POST','','',''),('p','888','/authority/updateAuthority','PUT','','',''),('p','888','/authority/copyAuthority','POST','','',''),('p','888','/menu/getMenu','POST','','',''),('p','888','/menu/getMenuList','POST','','',''),('p','888','/menu/addBaseMenu','POST','','',''),('p','888','/menu/getBaseMenuTree','POST','','',''),('p','888','/menu/addMenuAuthority','POST','','',''),('p','888','/menu/getMenuAuthority','POST','','',''),('p','888','/menu/deleteBaseMenu','POST','','',''),('p','888','/menu/updateBaseMenu','POST','','',''),('p','888','/menu/getBaseMenuById','POST','','',''),('p','888','/user/changePassword','POST','','',''),('p','888','/user/uploadHeaderImg','POST','','',''),('p','888','/user/getInfoList','POST','','',''),('p','888','/user/getUserList','POST','','',''),('p','888','/user/setUserAuthority','POST','','',''),('p','888','/user/deleteUser','DELETE','','',''),('p','888','/user/findUser','GET','','',''),('p','888','/user/deleteUserList','DELETE','','',''),('p','888','/user/createUser','POST','','',''),('p','888','/fileUploadAndDownload/upload','POST','','',''),('p','888','/fileUploadAndDownload/getFileList','POST','','',''),('p','888','/fileUploadAndDownload/deleteFile','POST','','',''),('p','888','/casbin/updateCasbin','POST','','',''),('p','888','/casbin/getPolicyPathByAuthorityId','POST','','',''),('p','888','/casbin/casbinTest/:pathParam','GET','','',''),('p','888','/jwt/jsonInBlacklist','POST','','',''),('p','888','/system/getSystemConfig','POST','','',''),('p','888','/system/setSystemConfig','POST','','',''),('p','888','/customer/customer','POST','','',''),('p','888','/customer/customer','PUT','','',''),('p','888','/customer/customer','DELETE','','',''),('p','888','/customer/customer','GET','','',''),('p','888','/customer/customerList','GET','','',''),('p','888','/autoCode/createTemp','POST','','',''),('p','888','/autoCode/getTables','GET','','',''),('p','888','/autoCode/getDB','GET','','',''),('p','888','/autoCode/getColume','GET','','',''),('p','888','/sysDictionaryDetail/createSysDictionaryDetail','POST','','',''),('p','888','/sysDictionaryDetail/deleteSysDictionaryDetail','DELETE','','',''),('p','888','/sysDictionaryDetail/updateSysDictionaryDetail','PUT','','',''),('p','888','/sysDictionaryDetail/findSysDictionaryDetail','GET','','',''),('p','888','/sysDictionaryDetail/getSysDictionaryDetailList','GET','','',''),('p','888','/sysDictionary/createSysDictionary','POST','','',''),('p','888','/sysDictionary/deleteSysDictionary','DELETE','','',''),('p','888','/sysDictionary/updateSysDictionary','PUT','','',''),('p','888','/sysDictionary/findSysDictionary','GET','','',''),('p','888','/sysDictionary/getSysDictionaryList','GET','','',''),('p','888','/sysOperationRecord/createSysOperationRecord','POST','','',''),('p','888','/sysOperationRecord/deleteSysOperationRecord','DELETE','','',''),('p','888','/sysOperationRecord/updateSysOperationRecord','PUT','','',''),('p','888','/sysOperationRecord/findSysOperationRecord','GET','','',''),('p','888','/sysOperationRecord/getSysOperationRecordList','GET','','',''),('p','888','/sysOperationRecord/deleteSysOperationRecordByIds','DELETE','','',''),('p','888','/subject/getSubjectById','POST','','',''),('p','888','/subject/getSubjectList','POST','','',''),('p','888','/subject/createSubject','POST','','',''),('p','888','/subject/updateSubject','POST','','',''),('p','888','/subject/deleteSubject','POST','','',''),('p','888','/subject/getAllSubjects','POST','','',''),('p','888','/categories/createCategories','POST','','',''),('p','888','/categories/deleteCategories','DELETE','','',''),('p','888','/categories/deleteCategoriesByIds','DELETE','','',''),('p','888','/categories/updateCategories','PUT','','',''),('p','888','/categories/findCategories','GET','','',''),('p','888','/categories/getCategoriesList','GET','','',''),('p','888','/company/createCompany','POST','','',''),('p','888','/company/deleteCompany','DELETE','','',''),('p','888','/company/deleteCompanyByIds','DELETE','','',''),('p','888','/company/updateCompany','PUT','','',''),('p','888','/company/findCompany','GET','','',''),('p','888','/company/getCompanyList','GET','','',''),('p','888','/region/createRegion','POST','','',''),('p','888','/region/deleteRegion','DELETE','','',''),('p','888','/region/deleteRegionByIds','DELETE','','',''),('p','888','/region/updateRegion','PUT','','',''),('p','888','/region/findRegion','GET','','',''),('p','888','/region/getRegionList','GET','','',''),('p','888','/address/createAddress','POST','','',''),('p','888','/address/deleteAddress','DELETE','','',''),('p','888','/address/deleteAddressByIds','DELETE','','',''),('p','888','/address/updateAddress','PUT','','',''),('p','888','/address/findAddress','GET','','',''),('p','888','/address/getAddressList','GET','','',''),('p','888','/lift/createLift','POST','','',''),('p','888','/lift/deleteLift','DELETE','','',''),('p','888','/lift/deleteLiftByIds','DELETE','','',''),('p','888','/lift/updateLift','PUT','','',''),('p','888','/lift/findLift','GET','','',''),('p','888','/lift/getLiftList','GET','','',''),('p','888','/liftModel/createLiftModel','POST','','',''),('p','888','/liftModel/deleteLiftModel','DELETE','','',''),('p','888','/liftModel/deleteLiftModelByIds','DELETE','','',''),('p','888','/liftModel/updateLiftModel','PUT','','',''),('p','888','/liftModel/findLiftModel','GET','','',''),('p','888','/liftModel/getLiftModelList','GET','','',''),('p','888','/userAdmin/createUserAdmin','POST','','',''),('p','888','/userAdmin/deleteUserAdmin','DELETE','','',''),('p','888','/userAdmin/deleteUserAdminByIds','DELETE','','',''),('p','888','/userAdmin/updateUserAdmin','PUT','','',''),('p','888','/userAdmin/findUserAdmin','GET','','',''),('p','888','/userAdmin/getUserAdminList','GET','','',''),('p','888','/adDeviceData/createAdDeviceData','POST','','',''),('p','888','/adDeviceData/deleteAdDeviceData','DELETE','','',''),('p','888','/adDeviceData/deleteAdDeviceDataByIds','DELETE','','',''),('p','888','/adDeviceData/updateAdDeviceData','PUT','','',''),('p','888','/adDeviceData/findAdDeviceData','GET','','',''),('p','888','/adDeviceData/getAdDeviceDataList','GET','','',''),('p','888','/adDeviceConfig/createAdDeviceConfig','POST','','',''),('p','888','/adDeviceConfig/deleteAdDeviceConfig','DELETE','','',''),('p','888','/adDeviceConfig/deleteAdDeviceConfigByIds','DELETE','','',''),('p','888','/adDeviceConfig/updateAdDeviceConfig','PUT','','',''),('p','888','/adDeviceConfig/findAdDeviceConfig','GET','','',''),('p','888','/adDeviceConfig/getAdDeviceConfigList','GET','','',''),('p','888','/adDeviceEvent/createAdDeviceEvent','POST','','',''),('p','888','/adDeviceEvent/deleteAdDeviceEvent','DELETE','','',''),('p','888','/adDeviceEvent/deleteAdDeviceEventByIds','DELETE','','',''),('p','888','/adDeviceEvent/updateAdDeviceEvent','PUT','','',''),('p','888','/adDeviceEvent/findAdDeviceEvent','GET','','',''),('p','888','/adDeviceEvent/getAdDeviceEventList','GET','','',''),('p','888','/adDevice/createAdDevice','POST','','',''),('p','888','/adDevice/deleteAdDevice','DELETE','','',''),('p','888','/adDevice/deleteAdDeviceByIds','DELETE','','',''),('p','888','/adDevice/updateAdDevice','PUT','','',''),('p','888','/adDevice/findAdDevice','GET','','',''),('p','888','/adDevice/getAdDeviceList','GET','','',''),('p','888','/liftChange/createLiftChange','POST','','',''),('p','888','/liftChange/deleteLiftChange','DELETE','','',''),('p','888','/liftChange/deleteLiftChangeByIds','DELETE','','',''),('p','888','/liftChange/updateLiftChange','PUT','','',''),('p','888','/liftChange/findLiftChange','GET','','',''),('p','888','/liftChange/getLiftChangeList','GET','','',''),('p','888','/liftRecord/createLiftRecord','POST','','',''),('p','888','/liftRecord/deleteLiftRecord','DELETE','','',''),('p','888','/liftRecord/deleteLiftRecordByIds','DELETE','','',''),('p','888','/liftRecord/updateLiftRecord','PUT','','',''),('p','888','/liftRecord/findLiftRecord','GET','','',''),('p','888','/liftRecord/getLiftRecordList','GET','','',''),('p','888','/liftTrouble/createLiftTrouble','POST','','',''),('p','888','/liftTrouble/deleteLiftTrouble','DELETE','','',''),('p','888','/liftTrouble/deleteLiftTroubleByIds','DELETE','','',''),('p','888','/liftTrouble/updateLiftTrouble','PUT','','',''),('p','888','/liftTrouble/findLiftTrouble','GET','','',''),('p','888','/liftTrouble/getLiftTroubleList','GET','','','');
/*!40000 ALTER TABLE `casbin_rule` ENABLE KEYS */;
UNLOCK TABLES;

--
-- Table structure for table `categories`
--

DROP TABLE IF EXISTS `categories`;
/*!40101 SET @saved_cs_client     = @@character_set_client */;
/*!40101 SET character_set_client = utf8 */;
CREATE TABLE `categories` (
  `id` int(10) unsigned NOT NULL AUTO_INCREMENT,
  `created_at` datetime DEFAULT NULL,
  `updated_at` datetime DEFAULT NULL,
  `deleted_at` datetime DEFAULT NULL,
  `category_subject_id` int(10) NOT NULL COMMENT '类别主体id',
  `category_name` varchar(50) DEFAULT NULL COMMENT '公司类别名',
  PRIMARY KEY (`id`) USING BTREE,
  KEY `idx_categories_deleted_at` (`deleted_at`)
) ENGINE=InnoDB AUTO_INCREMENT=166 DEFAULT CHARSET=utf8 ROW_FORMAT=COMPACT COMMENT='电梯类别表';
/*!40101 SET character_set_client = @saved_cs_client */;

--
-- Dumping data for table `categories`
--

LOCK TABLES `categories` WRITE;
/*!40000 ALTER TABLE `categories` DISABLE KEYS */;
INSERT INTO `categories` VALUES (101,'2020-07-30 14:39:09','2020-08-24 15:31:17',NULL,100,'住宅客梯'),(102,'2020-07-30 17:05:44','2020-07-30 17:05:44',NULL,100,'住宅货梯'),(103,'2020-07-30 17:06:15','2020-07-30 17:06:15',NULL,100,'住宅扶梯'),(104,'2020-07-30 17:06:57','2020-07-30 17:06:57',NULL,100,'商场客梯'),(105,'2020-07-30 17:07:06','2020-07-30 17:07:06',NULL,100,'商场货梯'),(106,'2020-07-30 17:07:19','2020-07-30 17:07:19',NULL,100,'商场扶梯'),(107,'2020-07-30 17:08:45','2020-07-30 17:08:45',NULL,100,'医院客梯'),(108,'2020-07-30 17:09:00','2020-07-30 17:09:00',NULL,100,'医院货梯'),(109,'2020-07-30 17:09:11','2020-07-30 17:09:11',NULL,100,'医院扶梯'),(110,'2020-07-30 17:10:24','2020-07-30 17:10:24',NULL,100,'写字楼客梯'),(111,'2020-07-30 17:10:33','2020-07-30 17:10:33',NULL,100,'写字楼货梯'),(112,'2020-07-30 17:11:54','2020-07-30 17:11:54',NULL,100,'政府单位客梯'),(113,'2020-07-30 17:12:03','2020-07-30 17:12:03',NULL,100,'政府单位货梯'),(114,'2020-07-30 17:14:50','2020-07-30 17:14:50',NULL,101,'运营平台'),(115,'2020-07-30 17:16:21','2020-08-24 15:18:38',NULL,101,'物业'),(116,'2020-07-30 17:16:40','2020-08-24 15:18:38',NULL,101,'维保公司'),(117,'2020-07-30 17:17:15','2020-07-30 17:17:15',NULL,101,'电梯生产商'),(118,'2020-07-30 17:18:20','2020-08-24 15:18:38',NULL,101,'电梯年检单位'),(119,'2020-07-30 17:18:37','2020-08-24 15:18:38',NULL,101,'电梯安装公司'),(120,'2020-07-30 17:19:01','2020-07-30 17:19:01',NULL,101,'监督单位'),(121,'2020-07-30 17:19:21','2020-07-30 17:19:21',NULL,101,'电梯使用单位'),(122,'2020-08-03 19:57:12','2020-08-03 19:57:12','2020-08-12 14:05:25',0,''),(123,'2020-08-04 13:33:54','2020-08-04 13:33:54',NULL,107,'公务员'),(124,'2020-08-04 13:58:15','2020-08-11 17:41:14',NULL,107,'教师'),(125,'2020-08-04 13:58:25','2020-08-11 17:43:46',NULL,107,'白领'),(126,'2020-08-04 13:58:34','2020-08-05 10:24:22',NULL,107,'交警'),(127,'2020-08-04 13:58:43','2020-08-11 17:42:38',NULL,107,'老年人'),(128,'2020-08-04 13:58:59','2020-08-11 17:42:38',NULL,107,'婴幼儿'),(129,'2020-08-04 13:59:09','2020-08-11 17:40:24',NULL,107,'中学生'),(130,'2020-08-04 13:59:16','2020-08-11 17:43:46',NULL,107,'大学生'),(131,'2020-08-04 15:56:36','2020-08-04 15:56:36','2020-08-12 14:05:45',0,''),(132,'2020-08-04 16:22:53','2020-08-04 16:22:53','2020-08-12 14:05:32',0,''),(133,'2020-08-04 16:26:40','2020-08-04 16:26:40','2020-08-12 14:05:34',0,''),(134,'2020-08-05 10:23:24','2020-08-05 10:23:24','2020-08-12 14:05:35',0,''),(135,'2020-08-05 10:24:22','2020-08-05 10:24:22','2020-08-12 14:05:38',0,''),(136,'2020-08-13 14:24:22','2020-08-13 14:24:22',NULL,109,'ad_4g_100'),(137,'2020-08-13 14:25:38','2020-08-13 14:25:38',NULL,110,'测试'),(138,'2020-08-13 14:25:46','2020-08-13 14:25:46',NULL,110,'正常'),(139,'2020-08-13 14:25:57','2020-08-13 14:25:57',NULL,110,'检修'),(140,'2020-08-13 14:26:27','2020-08-13 14:26:27',NULL,110,'异常'),(141,'2020-08-13 14:31:13','2020-08-13 14:31:13',NULL,111,'正常'),(142,'2020-08-22 10:32:43','2020-08-22 10:32:43',NULL,112,'冲顶'),(143,'2020-08-22 10:33:11','2020-08-22 10:33:11',NULL,112,'蹲地'),(144,'2020-08-22 10:33:39','2020-08-22 10:33:39','2020-08-22 10:44:45',112,'超速'),(145,'2020-08-22 10:34:53','2020-08-22 10:34:53',NULL,112,'正常'),(146,'2020-08-22 10:39:08','2020-08-22 10:39:08',NULL,112,'非平层停止'),(147,'2020-08-22 10:39:53','2020-08-22 10:39:53','2020-08-22 10:43:11',112,'运行不稳'),(148,'2020-08-22 10:40:46','2020-08-22 10:40:46',NULL,112,'驻停抖动'),(149,'2020-08-22 10:41:54','2020-08-22 10:41:54',NULL,112,'电动车进入轿厢'),(150,'2020-08-22 10:42:38','2020-08-22 10:42:38',NULL,112,'轿厢内人员打闹'),(151,'2020-08-22 10:42:59','2020-08-22 10:42:59',NULL,112,'轿厢内人员跌倒'),(152,'2020-08-22 10:43:26','2020-08-22 10:43:26',NULL,112,'上行不平稳'),(153,'2020-08-22 10:43:37','2020-08-22 10:43:37',NULL,112,'下行不平稳'),(154,'2020-08-22 10:44:16','2020-08-22 10:44:16',NULL,112,'上行失速'),(155,'2020-08-22 10:44:27','2020-08-22 10:44:27',NULL,112,'下行失速'),(156,'2020-08-22 10:44:59','2020-08-22 10:44:59',NULL,112,'上行超速'),(157,'2020-08-22 10:45:09','2020-08-22 10:45:09',NULL,112,'下行超速'),(158,'2020-08-22 10:46:38','2020-08-22 10:46:38',NULL,113,'正常关闭'),(159,'2020-08-22 10:46:51','2020-08-22 10:46:51',NULL,113,'无法关闭'),(160,'2020-08-22 10:47:04','2020-08-22 10:47:04',NULL,113,'平层开门'),(161,'2020-08-22 10:47:17','2020-08-22 10:47:17',NULL,113,'非平层开门'),(162,'2020-08-22 10:48:03','2020-08-22 10:48:03',NULL,113,'平层关门'),(163,'2020-08-22 10:48:12','2020-08-22 10:48:12',NULL,113,'非平层关门'),(164,'2020-08-22 14:24:59','2020-08-22 14:24:59',NULL,114,'离线'),(165,'2020-08-22 14:25:09','2020-08-22 14:25:09',NULL,114,'上线');
/*!40000 ALTER TABLE `categories` ENABLE KEYS */;
UNLOCK TABLES;

--
-- Table structure for table `category_subjects`
--

DROP TABLE IF EXISTS `category_subjects`;
/*!40101 SET @saved_cs_client     = @@character_set_client */;
/*!40101 SET character_set_client = utf8 */;
CREATE TABLE `category_subjects` (
  `id` int(10) unsigned NOT NULL AUTO_INCREMENT,
  `created_at` datetime DEFAULT NULL,
  `updated_at` datetime DEFAULT NULL,
  `deleted_at` datetime DEFAULT NULL,
  `subject_name` varchar(50) DEFAULT NULL COMMENT '类别主体名',
  PRIMARY KEY (`id`) USING BTREE,
  KEY `idx_category_subjects_deleted_at` (`deleted_at`)
) ENGINE=InnoDB AUTO_INCREMENT=115 DEFAULT CHARSET=utf8 ROW_FORMAT=COMPACT COMMENT='类别主体表，电梯/公司/记录/......';
/*!40101 SET character_set_client = @saved_cs_client */;

--
-- Dumping data for table `category_subjects`
--

LOCK TABLES `category_subjects` WRITE;
/*!40000 ALTER TABLE `category_subjects` DISABLE KEYS */;
INSERT INTO `category_subjects` VALUES (100,'2020-07-30 10:22:39','2020-07-30 17:12:55',NULL,'电梯使用场景'),(101,'2020-07-30 10:23:20','2020-07-30 10:23:20',NULL,'公司类别'),(102,'2020-07-30 10:24:48','2020-07-30 16:51:36',NULL,'用户电梯关系'),(103,'2020-07-30 10:25:12','2020-07-30 17:13:10',NULL,'电梯记录'),(104,'2020-07-30 10:25:35','2020-07-30 16:51:41',NULL,'电梯故障来源'),(105,'2020-07-30 10:26:03','2020-07-30 16:51:46',NULL,'电梯故障解除方式'),(106,'2020-07-30 10:26:22','2020-07-30 16:51:49',NULL,'电梯故障原因'),(107,'2020-08-04 13:33:32','2020-08-11 17:43:46',NULL,'地址标签'),(108,'2020-08-12 14:00:23','2020-08-12 14:00:23','2020-08-12 14:12:33','用户类别'),(109,'2020-08-13 14:17:38','2020-08-13 14:17:38',NULL,'智能设备型号'),(110,'2020-08-13 14:25:03','2020-08-13 14:25:03',NULL,'智能设备状态'),(111,'2020-08-13 14:30:58','2020-08-13 14:30:58',NULL,'公司状态'),(112,'2020-08-22 10:32:27','2020-08-22 10:32:27',NULL,'电梯数据故障分析'),(113,'2020-08-22 10:46:26','2020-08-22 10:46:26',NULL,'电梯厢门状态'),(114,'2020-08-22 14:24:06','2020-08-22 14:24:06',NULL,'智能设备事件');
/*!40000 ALTER TABLE `category_subjects` ENABLE KEYS */;
UNLOCK TABLES;

--
-- Table structure for table `companies`
--

DROP TABLE IF EXISTS `companies`;
/*!40101 SET @saved_cs_client     = @@character_set_client */;
/*!40101 SET character_set_client = utf8 */;
CREATE TABLE `companies` (
  `id` int(10) unsigned NOT NULL AUTO_INCREMENT,
  `created_at` datetime DEFAULT NULL,
  `updated_at` datetime DEFAULT NULL,
  `deleted_at` datetime DEFAULT NULL,
  `full_name` varchar(50) DEFAULT NULL COMMENT '公司全称',
  `alias` varchar(50) DEFAULT NULL COMMENT '公司简称',
  `legal_person` varchar(50) DEFAULT NULL COMMENT '法人信息',
  `phone_number` varchar(20) DEFAULT NULL COMMENT '联系方式',
  `status` varchar(20) DEFAULT '正常营业' COMMENT '公司状态',
  `reg_code` varchar(20) DEFAULT NULL COMMENT '工商注册号',
  `org_code` varchar(20) DEFAULT NULL COMMENT '组织机构号',
  `credit_code` varchar(20) DEFAULT NULL COMMENT '统一信用代码',
  `tax_code` varchar(20) DEFAULT NULL COMMENT '纳税人识别号',
  `address` varchar(255) DEFAULT NULL COMMENT '注册地址',
  `category_id` int(10) NOT NULL COMMENT '电梯类别',
  PRIMARY KEY (`id`) USING BTREE,
  KEY `idx_companies_deleted_at` (`deleted_at`)
) ENGINE=InnoDB AUTO_INCREMENT=122 DEFAULT CHARSET=utf8 ROW_FORMAT=COMPACT COMMENT='公司表';
/*!40101 SET character_set_client = @saved_cs_client */;

--
-- Dumping data for table `companies`
--

LOCK TABLES `companies` WRITE;
/*!40000 ALTER TABLE `companies` DISABLE KEYS */;
INSERT INTO `companies` VALUES (106,'2020-08-08 09:49:55','2020-08-24 15:18:38',NULL,'武汉智能电梯有限公司','武汉智能电梯有限公司','陈纯星','027-87928666','正常营业','420111000041704','178092678','91420111178092678B','91420111178092678B','湖北省武汉市洪山区武珞路718号',119),(107,'2020-08-08 09:55:43','2020-08-13 16:36:29',NULL,'武汉华美东菱电梯有限公司','武汉华美东菱电梯有限公司','戴俭勤','027-88082935','正常营业','420100000230772','71195427-3','91420100711954273A','91420100711954273A','湖北省武汉市洪山区花山镇附5号',117),(108,'2020-08-08 09:59:32','2020-08-24 14:39:01',NULL,'武汉博瑞通达电梯有限公司','博瑞通达','宋保山','027-88229959','正常营业','420111000163221','56835045X','9142011156835045XL','9142011156835045XL','湖北省武汉市洪山区和平街金地自在城(K2地块6期)A单元15层4-6号',119),(109,'2020-08-08 10:03:22','2020-08-10 15:37:50',NULL,'武汉星奥电梯有限公司','星奥电梯','黄亮平','027-83536667','正常营业','420111000363899','303529227','91420111303529227Y','91420111303529227Y','湖北省武汉市江汉区经济开发区江兴路25号A栋新金科技企业孵化器A704,A705室',119),(110,'2020-08-08 10:09:17','2020-08-13 16:54:10',NULL,'武汉利科电梯有限公司','利科电梯','曾怀池','13135672966','正常营业','420102000132629','555021198','91420116555021198J','91420116555021198J','湖北省武汉市黄陂区三里桥街发展大道特一号9栋1单元',117),(111,'2020-08-08 10:12:07','2020-08-08 10:12:07',NULL,'武汉奥星电梯有限公司','奥星电梯','邓友运','027-83551522','正常营业','420102000016383','764645052','91420102764645052B','91420102764645052B','湖北省武汉市江岸区二七路89号东立国际二期19栋1层29室',119),(112,'2020-08-08 10:14:50','2020-08-08 10:14:50',NULL,'武汉九井电梯有限公司','九井电梯','崔锐','13657223390','正常营业','420000000011766','728301279','914200007283012799','914200007283012799','湖北省武汉市洪山区岳家嘴公务员小区14栋801室',119),(113,'2020-08-08 10:19:54','2020-08-24 15:18:38',NULL,'武汉惠之美物业服务有限公司','惠之美物业','胡国平','027-59318888','正常营业','420100000085835','724664128','914201127246641280','914201127246641280','湖北省武汉市东西湖区银湖科技产业开发园18号',115),(114,'2020-08-08 10:24:16','2020-08-08 10:24:16',NULL,'湖北中楚物业股份有限公司','中楚物业','成学荣','027-51817371','正常营业','420106000048107','679115081','91420106679115081N','91420106679115081N','湖北省武汉市武昌区中南路3号领秀中南26层5号',115),(115,'2020-08-08 10:26:52','2020-08-13 16:56:38',NULL,'泛海物业管理武汉有限公司','泛海物业','郑翼龙','027-83871999','正常营业','420100000192187','55501107X','9142010055501107XX','9142010055501107XX','湖北省武汉市江汉区云彩路198号泛海城市广场写字楼8层',115),(116,'2020-08-08 10:30:13','2020-08-24 15:18:38',NULL,'湖北一江电梯维保服务有限公司','一江电梯','张波','13006127460','正常营业','4201160000107971','347255512','91420116347255512B','91420116347255512B','湖北省武汉市江岸区金桥大道20号中胜村K1地块1号办公栋4',116),(117,'2020-08-08 10:32:57','2020-08-16 17:42:18',NULL,'武汉中汇日安电梯维保工程有限公司','中汇日安电梯','王法玲','0','正常营业','0','MA49G5AB7','91420100MA49G5AB7Q','91420100MA49G5AB7Q','湖北省武汉市东湖高新技术开发区华师园北路18号博瀚科技光电产业园',116),(118,'2020-08-08 10:36:43','2020-08-24 15:18:38',NULL,'武汉市特种设备监督检验所','武汉市特种设备监督检验所','邹少俊','0','正常营业','0','0','12420100717957600G','12420100717957600G','湖北省武汉市江岸区惠济二路11-2号',118),(119,'2020-08-08 10:39:29','2020-08-08 10:39:29',NULL,'武汉产品质量监督检验所','武汉产品质量监督检验所','林建国','0','正常营业','0','0','12420100441354365Y','12420100441354365Y','湖北省武汉市东西湖区金银湖东二路5号',120),(120,'2020-08-08 10:42:59','2020-08-08 10:42:59',NULL,'开世艺商业管理武汉有限公司','K11','朱滨','027-87676765','正常营业','420100400101364','MA4KU8MA0','91420100MA4KU8MQ0K','91420100MA4KU8MQ0K','湖北省武汉市东湖高新技术开发区关山大道特一号',121),(121,'2020-08-08 10:46:02','2020-08-08 10:46:02',NULL,'华中科技大学','华中大','李元元','0','正常营业','0','0','12100000441626842D','12100000441626842D','湖北省武汉市洪山区珞瑜路1037号',114);
/*!40000 ALTER TABLE `companies` ENABLE KEYS */;
UNLOCK TABLES;

--
-- Table structure for table `exa_customers`
--

DROP TABLE IF EXISTS `exa_customers`;
/*!40101 SET @saved_cs_client     = @@character_set_client */;
/*!40101 SET character_set_client = utf8 */;
CREATE TABLE `exa_customers` (
  `id` int(10) unsigned NOT NULL AUTO_INCREMENT,
  `created_at` timestamp NULL DEFAULT NULL,
  `updated_at` timestamp NULL DEFAULT NULL,
  `deleted_at` timestamp NULL DEFAULT NULL,
  `customer_name` varchar(255) COLLATE utf8mb4_bin DEFAULT NULL COMMENT '客户名',
  `customer_phone_data` varchar(255) CHARACTER SET utf8 DEFAULT NULL COMMENT '客户电话',
  `sys_user_id` int(10) unsigned DEFAULT NULL COMMENT '负责员工id',
  `sys_user_authority_id` varchar(255) CHARACTER SET utf8 DEFAULT NULL COMMENT '负责员工角色',
  PRIMARY KEY (`id`) USING BTREE,
  KEY `idx_exa_customers_deleted_at` (`deleted_at`) USING BTREE
) ENGINE=InnoDB AUTO_INCREMENT=2 DEFAULT CHARSET=utf8mb4 COLLATE=utf8mb4_bin ROW_FORMAT=COMPACT;
/*!40101 SET character_set_client = @saved_cs_client */;

--
-- Dumping data for table `exa_customers`
--

LOCK TABLES `exa_customers` WRITE;
/*!40000 ALTER TABLE `exa_customers` DISABLE KEYS */;
INSERT INTO `exa_customers` VALUES (1,'2020-02-25 10:01:48','2020-04-10 04:29:29',NULL,'测试客户','1761111111',10,'888');
/*!40000 ALTER TABLE `exa_customers` ENABLE KEYS */;
UNLOCK TABLES;

--
-- Table structure for table `exa_file_chunks`
--

DROP TABLE IF EXISTS `exa_file_chunks`;
/*!40101 SET @saved_cs_client     = @@character_set_client */;
/*!40101 SET character_set_client = utf8 */;
CREATE TABLE `exa_file_chunks` (
  `id` int(10) unsigned NOT NULL AUTO_INCREMENT,
  `created_at` timestamp NULL DEFAULT NULL,
  `updated_at` timestamp NULL DEFAULT NULL,
  `deleted_at` timestamp NULL DEFAULT NULL,
  `exa_file_id` int(10) unsigned DEFAULT NULL COMMENT '文件id',
  `file_chunk_path` varchar(255) DEFAULT NULL COMMENT '切片路径',
  `file_chunk_number` int(11) DEFAULT NULL COMMENT '切片标号',
  PRIMARY KEY (`id`) USING BTREE,
  KEY `idx_exa_file_chunks_deleted_at` (`deleted_at`) USING BTREE
) ENGINE=InnoDB DEFAULT CHARSET=utf8 ROW_FORMAT=COMPACT;
/*!40101 SET character_set_client = @saved_cs_client */;

--
-- Dumping data for table `exa_file_chunks`
--

LOCK TABLES `exa_file_chunks` WRITE;
/*!40000 ALTER TABLE `exa_file_chunks` DISABLE KEYS */;
/*!40000 ALTER TABLE `exa_file_chunks` ENABLE KEYS */;
UNLOCK TABLES;

--
-- Table structure for table `exa_file_upload_and_downloads`
--

DROP TABLE IF EXISTS `exa_file_upload_and_downloads`;
/*!40101 SET @saved_cs_client     = @@character_set_client */;
/*!40101 SET character_set_client = utf8 */;
CREATE TABLE `exa_file_upload_and_downloads` (
  `id` int(10) unsigned NOT NULL AUTO_INCREMENT,
  `created_at` timestamp NULL DEFAULT NULL,
  `updated_at` timestamp NULL DEFAULT NULL,
  `deleted_at` timestamp NULL DEFAULT NULL,
  `name` varchar(255) DEFAULT NULL COMMENT '文件名',
  `url` varchar(255) DEFAULT NULL COMMENT '文件URL',
  `tag` varchar(255) DEFAULT NULL COMMENT '文件类型',
  `key` varchar(255) DEFAULT NULL COMMENT '标记',
  PRIMARY KEY (`id`) USING BTREE,
  KEY `idx_file_upload_and_downloads_deleted_at` (`deleted_at`) USING BTREE,
  KEY `idx_exa_file_upload_and_downloads_deleted_at` (`deleted_at`) USING BTREE
) ENGINE=InnoDB AUTO_INCREMENT=21 DEFAULT CHARSET=utf8 ROW_FORMAT=COMPACT;
/*!40101 SET character_set_client = @saved_cs_client */;

--
-- Dumping data for table `exa_file_upload_and_downloads`
--

LOCK TABLES `exa_file_upload_and_downloads` WRITE;
/*!40000 ALTER TABLE `exa_file_upload_and_downloads` DISABLE KEYS */;
INSERT INTO `exa_file_upload_and_downloads` VALUES (17,'2020-04-26 03:51:39','2020-04-26 03:51:39',NULL,'10.png','http://qmplusimg.henrongyi.top/158787308910.png','png','158787308910.png'),(19,'2020-04-27 07:48:38','2020-04-27 07:48:38',NULL,'logo.png','http://qmplusimg.henrongyi.top/1587973709logo.png','png','1587973709logo.png'),(20,'2020-08-24 09:46:16','2020-08-24 09:46:16',NULL,'studio.png','http://qmplusimg.henrongyi.top/1598262375studio.png','png','1598262375studio.png');
/*!40000 ALTER TABLE `exa_file_upload_and_downloads` ENABLE KEYS */;
UNLOCK TABLES;

--
-- Table structure for table `exa_files`
--

DROP TABLE IF EXISTS `exa_files`;
/*!40101 SET @saved_cs_client     = @@character_set_client */;
/*!40101 SET character_set_client = utf8 */;
CREATE TABLE `exa_files` (
  `id` int(10) unsigned NOT NULL AUTO_INCREMENT,
  `created_at` timestamp NULL DEFAULT NULL,
  `updated_at` timestamp NULL DEFAULT NULL,
  `deleted_at` timestamp NULL DEFAULT NULL,
  `file_name` varchar(255) DEFAULT NULL COMMENT '文件名',
  `file_md5` varchar(255) DEFAULT NULL COMMENT '文件md5',
  `file_path` varchar(255) DEFAULT NULL COMMENT '文件路径',
  `chunk_total` int(11) DEFAULT NULL COMMENT '切片总数',
  `is_finish` tinyint(1) DEFAULT NULL COMMENT '是否完整',
  PRIMARY KEY (`id`) USING BTREE,
  KEY `idx_exa_files_deleted_at` (`deleted_at`) USING BTREE
) ENGINE=InnoDB DEFAULT CHARSET=utf8 ROW_FORMAT=COMPACT;
/*!40101 SET character_set_client = @saved_cs_client */;

--
-- Dumping data for table `exa_files`
--

LOCK TABLES `exa_files` WRITE;
/*!40000 ALTER TABLE `exa_files` DISABLE KEYS */;
/*!40000 ALTER TABLE `exa_files` ENABLE KEYS */;
UNLOCK TABLES;

--
-- Table structure for table `jwt_blacklists`
--

DROP TABLE IF EXISTS `jwt_blacklists`;
/*!40101 SET @saved_cs_client     = @@character_set_client */;
/*!40101 SET character_set_client = utf8 */;
CREATE TABLE `jwt_blacklists` (
  `id` int(10) unsigned NOT NULL AUTO_INCREMENT,
  `created_at` timestamp NULL DEFAULT NULL,
  `updated_at` timestamp NULL DEFAULT NULL,
  `deleted_at` timestamp NULL DEFAULT NULL,
  `jwt` text COMMENT 'jwt',
  PRIMARY KEY (`id`) USING BTREE,
  KEY `idx_jwt_blacklists_deleted_at` (`deleted_at`) USING BTREE
) ENGINE=InnoDB AUTO_INCREMENT=17 DEFAULT CHARSET=utf8 ROW_FORMAT=COMPACT;
/*!40101 SET character_set_client = @saved_cs_client */;

--
-- Dumping data for table `jwt_blacklists`
--

LOCK TABLES `jwt_blacklists` WRITE;
/*!40000 ALTER TABLE `jwt_blacklists` DISABLE KEYS */;
INSERT INTO `jwt_blacklists` VALUES (1,'2020-08-14 05:46:00','2020-08-14 05:46:00',NULL,'eyJhbGciOiJIUzI1NiIsInR5cCI6IkpXVCJ9.eyJVVUlEIjoiY2UwZDY2ODUtYzE1Zi00MTI2LWE1YjQtODkwYmM5ZDIzNTZkIiwiSUQiOjEwLCJOaWNrTmFtZSI6IkRaIiwiQXV0aG9yaXR5SWQiOiI4ODgiLCJleHAiOjE1OTc2NTkyMTIsImlzcyI6InFtUGx1cyIsIm5iZiI6MTU5NzA1MzQxMn0.Dkz8aGg-IgicW-cQxCYxhdcLi2P4tqcN88m-coZrpAM'),(2,'2020-08-14 06:31:03','2020-08-14 06:31:03',NULL,'eyJhbGciOiJIUzI1NiIsInR5cCI6IkpXVCJ9.eyJVVUlEIjoiY2UwZDY2ODUtYzE1Zi00MTI2LWE1YjQtODkwYmM5ZDIzNTZkIiwiSUQiOjEwLCJOaWNrTmFtZSI6IkRaIiwiQXV0aG9yaXR5SWQiOiI4ODgiLCJleHAiOjE1OTc5OTEzMzgsImlzcyI6InFtUGx1cyIsIm5iZiI6MTU5NzM4NTUzOH0.eIPxlmXEGiNtSBjq3QEcQvyGzHR0sJF2sD6VVGIPfFU'),(3,'2020-08-14 06:33:41','2020-08-14 06:33:41',NULL,'eyJhbGciOiJIUzI1NiIsInR5cCI6IkpXVCJ9.eyJVVUlEIjoiY2UwZDY2ODUtYzE1Zi00MTI2LWE1YjQtODkwYmM5ZDIzNTZkIiwiSUQiOjEwLCJOaWNrTmFtZSI6IkRaIiwiQXV0aG9yaXR5SWQiOiI4ODgiLCJleHAiOjE1OTc5OTE0NzgsImlzcyI6InFtUGx1cyIsIm5iZiI6MTU5NzM4NTY3OH0.p7llD3TSF7BqwiKetCbMpKxE39-v1gqjTxpwXhlJjSw'),(4,'2020-08-14 06:51:21','2020-08-14 06:51:21',NULL,'eyJhbGciOiJIUzI1NiIsInR5cCI6IkpXVCJ9.eyJVVUlEIjoiY2UwZDY2ODUtYzE1Zi00MTI2LWE1YjQtODkwYmM5ZDIzNTZkIiwiSUQiOjEwLCJOaWNrTmFtZSI6IkRaIiwiQXV0aG9yaXR5SWQiOiI4ODgiLCJleHAiOjE1OTc5OTE2MjgsImlzcyI6InFtUGx1cyIsIm5iZiI6MTU5NzM4NTgyOH0.3qFKd8ntnaJLuNpIU8FUkOiI6O6-eg2e_zqRca8qS6E'),(5,'2020-08-14 06:54:24','2020-08-14 06:54:24',NULL,'eyJhbGciOiJIUzI1NiIsInR5cCI6IkpXVCJ9.eyJVVUlEIjoiY2UwZDY2ODUtYzE1Zi00MTI2LWE1YjQtODkwYmM5ZDIzNTZkIiwiSUQiOjEwLCJOaWNrTmFtZSI6IkRaIiwiQXV0aG9yaXR5SWQiOiI4ODgiLCJleHAiOjE1OTc5OTI2OTEsImlzcyI6InFtUGx1cyIsIm5iZiI6MTU5NzM4Njg5MX0.dFj4hjGXlVVvIYbmEUes904mHSDg6ULkwYb41aPVjTw'),(6,'2020-08-14 07:01:26','2020-08-14 07:01:26',NULL,'eyJhbGciOiJIUzI1NiIsInR5cCI6IkpXVCJ9.eyJVVUlEIjoiY2UwZDY2ODUtYzE1Zi00MTI2LWE1YjQtODkwYmM5ZDIzNTZkIiwiSUQiOjEwLCJOaWNrTmFtZSI6IkRaIiwiQXV0aG9yaXR5SWQiOiI4ODgiLCJleHAiOjE1OTc5OTI4NzQsImlzcyI6InFtUGx1cyIsIm5iZiI6MTU5NzM4NzA3NH0.1RKrvsKGZSAVTw49JWG3uDWCJJp__Db8tgSNr-O1gYU'),(7,'2020-08-14 07:21:10','2020-08-14 07:21:10',NULL,'eyJhbGciOiJIUzI1NiIsInR5cCI6IkpXVCJ9.eyJVVUlEIjoiY2UwZDY2ODUtYzE1Zi00MTI2LWE1YjQtODkwYmM5ZDIzNTZkIiwiSUQiOjEwLCJOaWNrTmFtZSI6IkRaIiwiQXV0aG9yaXR5SWQiOiI4ODgiLCJleHAiOjE1OTc5OTM0MjksImlzcyI6InFtUGx1cyIsIm5iZiI6MTU5NzM4NzYyOX0.di16TPWWXFpkJM3JAzcZ6g6hI24LkaSsuDmG0JvLjoY'),(8,'2020-08-14 07:30:27','2020-08-14 07:30:27',NULL,'eyJhbGciOiJIUzI1NiIsInR5cCI6IkpXVCJ9.eyJVVUlEIjoiY2UwZDY2ODUtYzE1Zi00MTI2LWE1YjQtODkwYmM5ZDIzNTZkIiwiSUQiOjEwLCJOaWNrTmFtZSI6IkRaIiwiQXV0aG9yaXR5SWQiOiI4ODgiLCJleHAiOjE1OTc5OTQ2NzMsImlzcyI6InFtUGx1cyIsIm5iZiI6MTU5NzM4ODg3M30.J5KSe986eA-u6oXfmxlqnobrgmzYnDSSSKbaD4jhPk4'),(9,'2020-08-14 07:50:05','2020-08-14 07:50:05',NULL,'eyJhbGciOiJIUzI1NiIsInR5cCI6IkpXVCJ9.eyJVVUlEIjoiY2UwZDY2ODUtYzE1Zi00MTI2LWE1YjQtODkwYmM5ZDIzNTZkIiwiSUQiOjEwLCJOaWNrTmFtZSI6IkRaIiwiQXV0aG9yaXR5SWQiOiI4ODgiLCJleHAiOjE1OTc5OTUwMzgsImlzcyI6InFtUGx1cyIsIm5iZiI6MTU5NzM4OTIzOH0.tIlWO-2nQ91dzRMcvZ8yCVfQGa9X2pS4fJPQd8J1RTE'),(10,'2020-08-14 08:41:18','2020-08-14 08:41:18',NULL,'eyJhbGciOiJIUzI1NiIsInR5cCI6IkpXVCJ9.eyJVVUlEIjoiY2UwZDY2ODUtYzE1Zi00MTI2LWE1YjQtODkwYmM5ZDIzNTZkIiwiSUQiOjEwLCJOaWNrTmFtZSI6IkRaIiwiQXV0aG9yaXR5SWQiOiI4ODgiLCJleHAiOjE1OTc5OTYyNjUsImlzcyI6InFtUGx1cyIsIm5iZiI6MTU5NzM5MDQ2NX0.OMfSk2CO2-w2wxErrGPRpACzU0suSNoGhmzGJkBJdpM'),(11,'2020-08-14 08:47:56','2020-08-14 08:47:56',NULL,'eyJhbGciOiJIUzI1NiIsInR5cCI6IkpXVCJ9.eyJVVUlEIjoiY2UwZDY2ODUtYzE1Zi00MTI2LWE1YjQtODkwYmM5ZDIzNTZkIiwiSUQiOjEwLCJOaWNrTmFtZSI6IkRaIiwiQXV0aG9yaXR5SWQiOiI4ODgiLCJleHAiOjE1OTc5OTkyODgsImlzcyI6InFtUGx1cyIsIm5iZiI6MTU5NzM5MzQ4OH0.fG9gOLAl9LnyzNmmA-OtmHt5X4gCkKR0mf8N0XJHEgk'),(12,'2020-08-14 08:49:34','2020-08-14 08:49:34',NULL,'eyJhbGciOiJIUzI1NiIsInR5cCI6IkpXVCJ9.eyJVVUlEIjoiY2UwZDY2ODUtYzE1Zi00MTI2LWE1YjQtODkwYmM5ZDIzNTZkIiwiSUQiOjEwLCJOaWNrTmFtZSI6IkRaIiwiQXV0aG9yaXR5SWQiOiI4ODgiLCJleHAiOjE1OTc5OTk3MDIsImlzcyI6InFtUGx1cyIsIm5iZiI6MTU5NzM5MzkwMn0.z7RrMPb4y8mvCBimfkjQ03XmQbwKDqE-QZVuV5CMITk'),(13,'2020-08-14 08:52:13','2020-08-14 08:52:13',NULL,'eyJhbGciOiJIUzI1NiIsInR5cCI6IkpXVCJ9.eyJVVUlEIjoiY2UwZDY2ODUtYzE1Zi00MTI2LWE1YjQtODkwYmM5ZDIzNTZkIiwiSUQiOjEwLCJOaWNrTmFtZSI6IkRaIiwiQXV0aG9yaXR5SWQiOiI4ODgiLCJleHAiOjE1OTc5OTk3ODYsImlzcyI6InFtUGx1cyIsIm5iZiI6MTU5NzM5Mzk4Nn0.dWeIKjqK7rg1MmJClwPhMKwDvT3a9biDZDoZoROaSDQ'),(14,'2020-08-14 09:02:56','2020-08-14 09:02:56',NULL,'eyJhbGciOiJIUzI1NiIsInR5cCI6IkpXVCJ9.eyJVVUlEIjoiY2UwZDY2ODUtYzE1Zi00MTI2LWE1YjQtODkwYmM5ZDIzNTZkIiwiSUQiOjEwLCJOaWNrTmFtZSI6IkRaIiwiQXV0aG9yaXR5SWQiOiI4ODgiLCJleHAiOjE1OTc5OTk5NDIsImlzcyI6InFtUGx1cyIsIm5iZiI6MTU5NzM5NDE0Mn0.CoS3UobAxJksH7DctSj5p1JX-wCxK1UTA845MB9WV7A'),(15,'2020-08-15 11:59:16','2020-08-15 11:59:16',NULL,'eyJhbGciOiJIUzI1NiIsInR5cCI6IkpXVCJ9.eyJVVUlEIjoiY2UwZDY2ODUtYzE1Zi00MTI2LWE1YjQtODkwYmM5ZDIzNTZkIiwiSUQiOjEwLCJOaWNrTmFtZSI6IkRaIiwiQXV0aG9yaXR5SWQiOiI4ODgiLCJleHAiOjE1OTgwNjIwNTksImlzcyI6InFtUGx1cyIsIm5iZiI6MTU5NzQ1NjI1OX0.lKavR1uMhxEHGk1W8XjWhK6W0-tI_qclViN0Ft77Rlc'),(16,'2020-08-15 12:28:41','2020-08-15 12:28:41',NULL,'eyJhbGciOiJIUzI1NiIsInR5cCI6IkpXVCJ9.eyJVVUlEIjoiY2UwZDY2ODUtYzE1Zi00MTI2LWE1YjQtODkwYmM5ZDIzNTZkIiwiSUQiOjEwLCJOaWNrTmFtZSI6IkRaIiwiQXV0aG9yaXR5SWQiOiI4ODgiLCJleHAiOjE1OTgwOTc1ODMsImlzcyI6InFtUGx1cyIsIm5iZiI6MTU5NzQ5MTc4M30.x4C-VKP4sVNeGvaregfOq2TXeXOiHX01BCMZvCW4Pls');
/*!40000 ALTER TABLE `jwt_blacklists` ENABLE KEYS */;
UNLOCK TABLES;

--
-- Table structure for table `lift_changes`
--

DROP TABLE IF EXISTS `lift_changes`;
/*!40101 SET @saved_cs_client     = @@character_set_client */;
/*!40101 SET character_set_client = utf8 */;
CREATE TABLE `lift_changes` (
  `id` int(10) unsigned NOT NULL AUTO_INCREMENT,
  `created_at` datetime DEFAULT NULL,
  `updated_at` datetime DEFAULT NULL,
  `deleted_at` datetime DEFAULT NULL,
  `lift_id` int(10) unsigned NOT NULL COMMENT '电梯id',
  `content` varchar(255) DEFAULT NULL COMMENT '变更内容',
  PRIMARY KEY (`id`) USING BTREE,
  KEY `idx_lift_changes_deleted_at` (`deleted_at`)
) ENGINE=InnoDB AUTO_INCREMENT=8 DEFAULT CHARSET=utf8 ROW_FORMAT=COMPACT COMMENT='电梯变更表';
/*!40101 SET character_set_client = @saved_cs_client */;

--
-- Dumping data for table `lift_changes`
--

LOCK TABLES `lift_changes` WRITE;
/*!40000 ALTER TABLE `lift_changes` DISABLE KEYS */;
INSERT INTO `lift_changes` VALUES (1,'2020-08-24 14:34:18','2020-08-24 14:34:18',NULL,1,'nick name changes from [保利花园0001] to [保利花园0002], '),(2,'2020-08-24 15:18:38','2020-08-24 15:18:38',NULL,1,'owner changes from [武汉惠之美物业服务有限公司] to [武汉惠之美物业服务有限公司], '),(3,'2020-08-24 15:31:17','2020-08-24 15:31:17','2020-08-24 16:00:08',1,'owner changes from [武汉惠之美物业服务有限公司] to [], '),(4,'2020-08-24 15:38:59','2020-08-24 15:38:59','2020-08-24 16:00:10',1,'installer changes from [武汉智能电梯有限公司] to [], maintainer changes from [湖北一江电梯维保服务有限公司] to [], checker changes from [武汉市特种设备监督检验所] to [], owner changes from [泛海物业管理武汉有限公司] to [], lift category changes from [住宅客梯] to [], '),(5,'2020-08-24 15:44:46','2020-08-24 15:44:46','2020-08-24 16:00:13',1,'installer changes from [武汉华美东菱电梯有限公司] to [], maintainer changes from [武汉奥星电梯有限公司] to [], checker changes from [湖北中楚物业股份有限公司] to [], owner changes from [武汉九井电梯有限公司] to [], lift address changes from [新技术开发区关山一路74号保利花园(关山大道)] to [], '),(6,'2020-08-24 15:50:05','2020-08-24 15:50:05','2020-08-24 16:00:16',1,'maintainer changes from [武汉惠之美物业服务有限公司] to [], owner changes from [武汉奥星电梯有限公司] to [], lift address changes from [东湖高新区民院路555号(当代学生公寓附近)当代曙光嘉园] to [], '),(7,'2020-08-24 15:55:50','2020-08-24 15:55:50',NULL,1,'maintainer changes from [武汉奥星电梯有限公司] to [武汉博瑞通达电梯有限公司], owner changes from [武汉星奥电梯有限公司] to [湖北中楚物业股份有限公司], ');
/*!40000 ALTER TABLE `lift_changes` ENABLE KEYS */;
UNLOCK TABLES;

--
-- Table structure for table `lift_models`
--

DROP TABLE IF EXISTS `lift_models`;
/*!40101 SET @saved_cs_client     = @@character_set_client */;
/*!40101 SET character_set_client = utf8 */;
CREATE TABLE `lift_models` (
  `id` int(10) unsigned NOT NULL AUTO_INCREMENT,
  `created_at` datetime DEFAULT NULL,
  `updated_at` datetime DEFAULT NULL,
  `deleted_at` datetime DEFAULT NULL,
  `factory_id` int(10) unsigned DEFAULT NULL COMMENT '电梯生产商id',
  `brand` varchar(50) DEFAULT NULL COMMENT '电梯品牌',
  `modal` varchar(50) DEFAULT NULL COMMENT '电梯型号',
  `load` int(11) DEFAULT NULL COMMENT '电梯载重',
  PRIMARY KEY (`id`) USING BTREE,
  KEY `idx_lift_models_deleted_at` (`deleted_at`)
) ENGINE=InnoDB AUTO_INCREMENT=5 DEFAULT CHARSET=utf8 ROW_FORMAT=COMPACT COMMENT='电梯型号表';
/*!40101 SET character_set_client = @saved_cs_client */;

--
-- Dumping data for table `lift_models`
--

LOCK TABLES `lift_models` WRITE;
/*!40000 ALTER TABLE `lift_models` DISABLE KEYS */;
INSERT INTO `lift_models` VALUES (1,'2020-08-10 15:17:20','2020-08-24 15:31:17',NULL,109,'奥的斯','TECE-300VF',1000),(2,'2020-08-10 15:37:11','2020-08-10 15:37:11',NULL,107,'奥的斯','TECE-60VF',500),(3,'2020-08-10 15:37:38','2020-08-10 15:37:50',NULL,109,'奥的斯','E311',800),(4,'2020-08-10 15:38:20','2020-08-10 15:38:20',NULL,111,'奥的斯','TECE-3VF',600);
/*!40000 ALTER TABLE `lift_models` ENABLE KEYS */;
UNLOCK TABLES;

--
-- Table structure for table `lift_records`
--

DROP TABLE IF EXISTS `lift_records`;
/*!40101 SET @saved_cs_client     = @@character_set_client */;
/*!40101 SET character_set_client = utf8 */;
CREATE TABLE `lift_records` (
  `id` int(10) unsigned NOT NULL AUTO_INCREMENT,
  `created_at` datetime DEFAULT NULL,
  `updated_at` datetime DEFAULT NULL,
  `deleted_at` datetime DEFAULT NULL,
  `lift_id` int(10) unsigned NOT NULL COMMENT '电梯id',
  `category_id` int(10) unsigned NOT NULL COMMENT '记录类别',
  `images` varchar(255) DEFAULT NULL COMMENT '图片记录',
  `content` varchar(255) DEFAULT NULL COMMENT '文字记录',
  `start_time` timestamp NULL DEFAULT NULL COMMENT '开始时间',
  `end_time` timestamp NULL DEFAULT NULL COMMENT '结束时间',
  `worker_id` int(10) unsigned NOT NULL COMMENT '操作人员',
  `recorder_id` int(10) unsigned NOT NULL COMMENT '记录人员',
  PRIMARY KEY (`id`) USING BTREE,
  KEY `idx_lift_records_deleted_at` (`deleted_at`)
) ENGINE=InnoDB DEFAULT CHARSET=utf8 ROW_FORMAT=COMPACT COMMENT='电梯操作记录';
/*!40101 SET character_set_client = @saved_cs_client */;

--
-- Dumping data for table `lift_records`
--

LOCK TABLES `lift_records` WRITE;
/*!40000 ALTER TABLE `lift_records` DISABLE KEYS */;
/*!40000 ALTER TABLE `lift_records` ENABLE KEYS */;
UNLOCK TABLES;

--
-- Table structure for table `lift_troubles`
--

DROP TABLE IF EXISTS `lift_troubles`;
/*!40101 SET @saved_cs_client     = @@character_set_client */;
/*!40101 SET character_set_client = utf8 */;
CREATE TABLE `lift_troubles` (
  `id` int(10) unsigned NOT NULL AUTO_INCREMENT,
  `created_at` datetime DEFAULT NULL,
  `updated_at` datetime DEFAULT NULL,
  `deleted_at` datetime DEFAULT NULL,
  `lift_id` int(10) unsigned NOT NULL COMMENT '电梯id',
  `from_category_id` int(10) unsigned NOT NULL COMMENT '故障来源类别',
  `start_time` timestamp NULL DEFAULT NULL COMMENT '故障开始时间',
  `start_user_id` int(10) DEFAULT NULL COMMENT '发起故障人员',
  `response_time` timestamp NULL DEFAULT NULL COMMENT '故障响应时间',
  `response_user_id` int(10) DEFAULT NULL COMMENT '故障响应人员',
  `scene_time` timestamp NULL DEFAULT NULL COMMENT '达到现场时间',
  `scene_user_id` int(10) DEFAULT NULL COMMENT '达到现场人员',
  `fix_time` timestamp NULL DEFAULT NULL COMMENT '解除故障时间',
  `fix_user_id` int(10) DEFAULT NULL COMMENT '解除故障人员',
  `fix_category_id` int(10) unsigned DEFAULT NULL COMMENT '解除故障方式类别',
  `reason_category_id` int(10) unsigned DEFAULT NULL COMMENT '故障原因类别',
  `content` varchar(255) DEFAULT NULL COMMENT '故障详情',
  `progress` int(10) unsigned NOT NULL DEFAULT '1' COMMENT '故障进度',
  `recorder_id` int(10) unsigned NOT NULL COMMENT '记录人员',
  `feedback_content` varchar(255) DEFAULT NULL COMMENT '反馈内容',
  `feedback_rate` int(10) unsigned NOT NULL DEFAULT '100' COMMENT '反馈评分',
  PRIMARY KEY (`id`) USING BTREE,
  KEY `idx_lift_troubles_deleted_at` (`deleted_at`)
) ENGINE=InnoDB DEFAULT CHARSET=utf8 ROW_FORMAT=COMPACT COMMENT='电梯故障记录';
/*!40101 SET character_set_client = @saved_cs_client */;

--
-- Dumping data for table `lift_troubles`
--

LOCK TABLES `lift_troubles` WRITE;
/*!40000 ALTER TABLE `lift_troubles` DISABLE KEYS */;
/*!40000 ALTER TABLE `lift_troubles` ENABLE KEYS */;
UNLOCK TABLES;

--
-- Table structure for table `lifts`
--

DROP TABLE IF EXISTS `lifts`;
/*!40101 SET @saved_cs_client     = @@character_set_client */;
/*!40101 SET character_set_client = utf8 */;
CREATE TABLE `lifts` (
  `id` int(10) unsigned NOT NULL AUTO_INCREMENT,
  `created_at` datetime DEFAULT NULL,
  `updated_at` datetime DEFAULT NULL,
  `deleted_at` datetime DEFAULT NULL,
  `nick_name` varchar(255) DEFAULT NULL COMMENT '电梯别名',
  `code` varchar(255) DEFAULT NULL COMMENT '电梯编号',
  `installer_id` int(10) unsigned DEFAULT NULL COMMENT '电梯安装公司id',
  `maintainer_id` int(10) unsigned DEFAULT NULL COMMENT '电梯维保公司id',
  `checker_id` int(10) unsigned DEFAULT NULL COMMENT '电梯年检公司id',
  `owner_id` int(10) unsigned DEFAULT NULL COMMENT '电梯使用公司id',
  `factory_time` timestamp NULL DEFAULT NULL COMMENT '电梯出厂时间',
  `install_time` timestamp NULL DEFAULT NULL COMMENT '电梯安装时间',
  `check_time` timestamp NULL DEFAULT NULL COMMENT '电梯年检时间',
  `lift_model_id` int(10) unsigned DEFAULT NULL COMMENT '电梯型号',
  `category_id` int(10) NOT NULL COMMENT '电梯类别',
  `floor_count` int(11) NOT NULL COMMENT '总楼层',
  `location` varchar(255) DEFAULT NULL COMMENT 'geo location',
  `address_id` int(10) DEFAULT NULL COMMENT '地址id',
  `building` varchar(50) DEFAULT NULL COMMENT '楼栋',
  `cell` int(11) DEFAULT NULL COMMENT '单元',
  `ad_device_id` int(10) unsigned DEFAULT NULL COMMENT '广告机设备id',
  PRIMARY KEY (`id`) USING BTREE,
  KEY `idx_lifts_deleted_at` (`deleted_at`)
) ENGINE=InnoDB AUTO_INCREMENT=2 DEFAULT CHARSET=utf8 ROW_FORMAT=COMPACT COMMENT='电梯表';
/*!40101 SET character_set_client = @saved_cs_client */;

--
-- Dumping data for table `lifts`
--

LOCK TABLES `lifts` WRITE;
/*!40000 ALTER TABLE `lifts` DISABLE KEYS */;
INSERT INTO `lifts` VALUES (1,'2020-08-14 10:06:07','2020-08-24 15:55:50',NULL,'保利花园0002','WH027DHGX000001',109,108,109,114,'2020-08-04 16:00:00','2020-08-11 16:00:00','2020-08-19 16:00:00',3,101,18,'114.414274,30.498866',122,'1',1,102);
/*!40000 ALTER TABLE `lifts` ENABLE KEYS */;
UNLOCK TABLES;

--
-- Table structure for table `regions`
--

DROP TABLE IF EXISTS `regions`;
/*!40101 SET @saved_cs_client     = @@character_set_client */;
/*!40101 SET character_set_client = utf8 */;
CREATE TABLE `regions` (
  `id` int(10) unsigned NOT NULL AUTO_INCREMENT,
  `created_at` datetime DEFAULT NULL,
  `updated_at` datetime DEFAULT NULL,
  `deleted_at` datetime DEFAULT NULL,
  `province` varchar(50) DEFAULT NULL COMMENT '省份',
  `city` varchar(50) DEFAULT NULL COMMENT '城市',
  `district` varchar(50) DEFAULT NULL COMMENT '行政区',
  PRIMARY KEY (`id`) USING BTREE,
  KEY `idx_regions_deleted_at` (`deleted_at`)
) ENGINE=InnoDB AUTO_INCREMENT=112 DEFAULT CHARSET=utf8 ROW_FORMAT=COMPACT COMMENT='区域表';
/*!40101 SET character_set_client = @saved_cs_client */;

--
-- Dumping data for table `regions`
--

LOCK TABLES `regions` WRITE;
/*!40000 ALTER TABLE `regions` DISABLE KEYS */;
INSERT INTO `regions` VALUES (100,'2020-07-31 15:46:33','2020-07-31 17:46:02',NULL,'湖北省','武汉市','东西湖区'),(101,'2020-07-31 16:46:50','2020-07-31 16:46:50',NULL,'湖北省','武汉市','江岸区'),(102,'2020-08-04 14:13:02','2020-08-24 15:31:17',NULL,'湖北省','武汉市','东湖高新区'),(103,'2020-08-11 16:00:13','2020-08-11 16:00:13','2020-08-11 16:32:43','湖北省','武汉市',''),(104,'2020-08-11 16:18:13','2020-08-11 16:18:13','2020-08-11 16:32:40','湖北省','武汉市',''),(105,'2020-08-11 17:09:25','2020-08-11 17:09:25','2020-08-11 17:18:18','湖北省','武汉市','东湖高新区'),(106,'2020-08-11 17:23:38','2020-08-11 17:23:38','2020-08-11 17:25:14','湖北省','武汉市','东湖高新区'),(107,'2020-08-11 17:25:54','2020-08-11 17:25:54','2020-08-11 17:28:19','湖北省','武汉市','江岸区'),(108,'2020-08-11 17:34:07','2020-08-11 17:34:07',NULL,'湖北省','武汉市','江夏区'),(109,'2020-08-11 17:38:33','2020-08-11 17:38:33',NULL,'湖北省','武汉市','青山区'),(110,'2020-08-11 17:39:05','2020-08-11 17:39:05',NULL,'湖北省','武汉市','江汉区'),(111,'2020-08-11 17:39:53','2020-08-11 17:39:53',NULL,'湖北省','武汉市','黄陂区');
/*!40000 ALTER TABLE `regions` ENABLE KEYS */;
UNLOCK TABLES;

--
-- Table structure for table `sys_apis`
--

DROP TABLE IF EXISTS `sys_apis`;
/*!40101 SET @saved_cs_client     = @@character_set_client */;
/*!40101 SET character_set_client = utf8 */;
CREATE TABLE `sys_apis` (
  `id` int(10) unsigned NOT NULL AUTO_INCREMENT,
  `created_at` timestamp NULL DEFAULT NULL,
  `updated_at` timestamp NULL DEFAULT NULL,
  `deleted_at` timestamp NULL DEFAULT NULL,
  `authority_id` int(10) unsigned DEFAULT NULL COMMENT '角色id',
  `path` varchar(255) DEFAULT NULL COMMENT '路由path',
  `description` varchar(255) DEFAULT NULL COMMENT '路由描述',
  `api_group` varchar(255) DEFAULT NULL COMMENT '路由分组',
  `method` varchar(255) DEFAULT 'POST' COMMENT '请求方法',
  PRIMARY KEY (`id`) USING BTREE,
  KEY `idx_apis_deleted_at` (`deleted_at`) USING BTREE,
  KEY `idx_sys_apis_deleted_at` (`deleted_at`) USING BTREE
) ENGINE=InnoDB AUTO_INCREMENT=211 DEFAULT CHARSET=utf8 ROW_FORMAT=COMPACT;
/*!40101 SET character_set_client = @saved_cs_client */;

--
-- Dumping data for table `sys_apis`
--

LOCK TABLES `sys_apis` WRITE;
/*!40000 ALTER TABLE `sys_apis` DISABLE KEYS */;
INSERT INTO `sys_apis` VALUES (1,'2019-09-28 03:23:49','2019-09-28 09:06:16',NULL,NULL,'/base/login','用户登录','base','POST'),(2,'2019-09-28 03:32:46','2019-09-28 09:06:11',NULL,NULL,'/base/register','用户注册','base','POST'),(3,'2019-09-28 03:33:41','2020-05-10 08:33:48',NULL,NULL,'/api/createApi','创建api','api','POST'),(4,'2019-09-28 06:09:04','2019-09-28 09:05:59',NULL,NULL,'/api/getApiList','获取api列表','api','POST'),(5,'2019-09-28 06:15:50','2019-09-28 09:05:53',NULL,NULL,'/api/getApiById','获取api详细信息','api','POST'),(7,'2019-09-28 06:19:26','2019-09-28 09:05:44',NULL,NULL,'/api/deleteApi','删除Api','api','POST'),(8,'2019-09-28 06:19:48','2019-09-28 09:05:39',NULL,NULL,'/api/updateApi','更新Api','api','POST'),(10,'2019-09-30 07:05:38','2019-09-30 07:05:38',NULL,NULL,'/api/getAllApis','获取所有api','api','POST'),(11,'2019-09-30 07:23:09','2019-09-30 07:23:09',NULL,NULL,'/authority/createAuthority','创建角色','authority','POST'),(12,'2019-09-30 07:23:33','2019-09-30 07:23:33',NULL,NULL,'/authority/deleteAuthority','删除角色','authority','POST'),(13,'2019-09-30 07:23:57','2019-09-30 07:23:57',NULL,NULL,'/authority/getAuthorityList','获取角色列表','authority','POST'),(14,'2019-09-30 07:24:20','2019-09-30 07:24:20',NULL,NULL,'/menu/getMenu','获取菜单树','menu','POST'),(15,'2019-09-30 07:24:50','2019-09-30 07:24:50',NULL,NULL,'/menu/getMenuList','分页获取基础menu列表','menu','POST'),(16,'2019-09-30 07:25:07','2019-09-30 07:25:07',NULL,NULL,'/menu/addBaseMenu','新增菜单','menu','POST'),(17,'2019-09-30 07:25:25','2019-09-30 07:25:25',NULL,NULL,'/menu/getBaseMenuTree','获取用户动态路由','menu','POST'),(18,'2019-09-30 07:25:53','2019-09-30 07:25:53',NULL,NULL,'/menu/addMenuAuthority','增加menu和角色关联关系','menu','POST'),(19,'2019-09-30 07:26:20','2019-09-30 07:26:20',NULL,NULL,'/menu/getMenuAuthority','获取指定角色menu','menu','POST'),(20,'2019-09-30 07:26:43','2019-09-30 07:26:43',NULL,NULL,'/menu/deleteBaseMenu','删除菜单','menu','POST'),(21,'2019-09-30 07:28:05','2019-09-30 07:28:05',NULL,NULL,'/menu/updateBaseMenu','更新菜单','menu','POST'),(22,'2019-09-30 07:28:21','2019-09-30 07:28:21',NULL,NULL,'/menu/getBaseMenuById','根据id获取菜单','menu','POST'),(23,'2019-09-30 07:29:19','2019-09-30 07:29:19',NULL,NULL,'/user/changePassword','修改密码','user','POST'),(24,'2019-09-30 07:29:33','2019-09-30 07:29:33',NULL,NULL,'/user/uploadHeaderImg','上传头像','user','POST'),(25,'2019-09-30 07:30:00','2019-09-30 07:30:00',NULL,NULL,'/user/getInfoList','分页获取用户列表','user','POST'),(28,'2019-10-09 07:15:17','2019-10-09 07:17:07',NULL,NULL,'/user/getUserList','获取用户列表','user','POST'),(29,'2019-10-09 15:01:40','2019-10-09 15:01:40',NULL,NULL,'/user/setUserAuthority','修改用户角色','user','POST'),(30,'2019-10-26 12:14:38','2019-10-26 12:14:38',NULL,NULL,'/fileUploadAndDownload/upload','文件上传示例','fileUploadAndDownload','POST'),(31,'2019-10-26 12:14:59','2019-10-26 12:14:59',NULL,NULL,'/fileUploadAndDownload/getFileList','获取上传文件列表','fileUploadAndDownload','POST'),(32,'2019-12-12 05:28:47','2019-12-12 05:28:47',NULL,NULL,'/casbin/updateCasbin','更改角色api权限','casbin','POST'),(33,'2019-12-12 05:28:59','2019-12-12 05:28:59',NULL,NULL,'/casbin/getPolicyPathByAuthorityId','获取权限列表','casbin','POST'),(34,'2019-12-12 09:02:15','2019-12-12 09:02:15',NULL,NULL,'/fileUploadAndDownload/deleteFile','删除文件','fileUploadAndDownload','POST'),(35,'2019-12-28 10:18:07','2019-12-28 10:18:07',NULL,NULL,'/jwt/jsonInBlacklist','jwt加入黑名单','jwt','POST'),(36,'2020-01-06 09:56:36','2020-01-06 09:56:36',NULL,NULL,'/authority/setDataAuthority','设置角色资源权限','authority','POST'),(37,'2020-01-13 06:04:05','2020-01-13 06:04:05',NULL,NULL,'/system/getSystemConfig','获取配置文件内容','system','POST'),(38,'2020-01-13 07:02:06','2020-01-13 07:02:06',NULL,NULL,'/system/setSystemConfig','设置配置文件内容','system','POST'),(39,'2020-02-25 07:32:39','2020-02-25 07:32:39',NULL,NULL,'/customer/customer','创建客户','customer','POST'),(40,'2020-02-25 07:32:51','2020-02-25 07:34:56',NULL,NULL,'/customer/customer','更新客户','customer','PUT'),(41,'2020-02-25 07:33:57','2020-02-25 07:33:57',NULL,NULL,'/customer/customer','删除客户','customer','DELETE'),(42,'2020-02-25 07:36:48','2020-02-25 07:37:16',NULL,NULL,'/customer/customer','获取单一客户','customer','GET'),(43,'2020-02-25 07:37:06','2020-02-25 07:37:06',NULL,NULL,'/customer/customerList','获取客户列表','customer','GET'),(44,'2020-03-12 06:36:54','2020-03-12 06:56:50',NULL,NULL,'/casbin/casbinTest/:pathParam','RESTFUL模式测试','casbin','GET'),(45,'2020-03-29 15:01:28','2020-03-29 15:01:28',NULL,NULL,'/autoCode/createTemp','自动化代码','autoCode','POST'),(46,'2020-04-15 04:46:58','2020-04-15 04:46:58',NULL,NULL,'/authority/updateAuthority','更新角色信息','authority','PUT'),(47,'2020-04-20 07:14:25','2020-04-20 07:14:25',NULL,NULL,'/authority/copyAuthority','拷贝角色','authority','POST'),(64,'2020-05-10 08:44:25','2020-05-10 08:44:25',NULL,NULL,'/user/deleteUser','删除用户','user','DELETE'),(81,'2020-06-23 10:40:50','2020-06-23 10:40:50',NULL,NULL,'/sysDictionaryDetail/createSysDictionaryDetail','新增字典内容','sysDictionaryDetail','POST'),(82,'2020-06-23 10:40:50','2020-06-23 10:40:50',NULL,NULL,'/sysDictionaryDetail/deleteSysDictionaryDetail','删除字典内容','sysDictionaryDetail','DELETE'),(83,'2020-06-23 10:40:50','2020-06-23 10:40:50',NULL,NULL,'/sysDictionaryDetail/updateSysDictionaryDetail','更新字典内容','sysDictionaryDetail','PUT'),(84,'2020-06-23 10:40:50','2020-06-23 10:40:50',NULL,NULL,'/sysDictionaryDetail/findSysDictionaryDetail','根据ID获取字典内容','sysDictionaryDetail','GET'),(85,'2020-06-23 10:40:50','2020-06-23 10:40:50',NULL,NULL,'/sysDictionaryDetail/getSysDictionaryDetailList','获取字典内容列表','sysDictionaryDetail','GET'),(86,'2020-06-23 10:48:13','2020-06-23 10:48:13',NULL,NULL,'/sysDictionary/createSysDictionary','新增字典','sysDictionary','POST'),(87,'2020-06-23 10:48:13','2020-06-23 10:48:13',NULL,NULL,'/sysDictionary/deleteSysDictionary','删除字典','sysDictionary','DELETE'),(88,'2020-06-23 10:48:13','2020-06-23 10:48:13',NULL,NULL,'/sysDictionary/updateSysDictionary','更新字典','sysDictionary','PUT'),(89,'2020-06-23 10:48:13','2020-06-23 10:48:13',NULL,NULL,'/sysDictionary/findSysDictionary','根据ID获取字典','sysDictionary','GET'),(90,'2020-06-23 10:48:13','2020-06-23 10:48:13',NULL,NULL,'/sysDictionary/getSysDictionaryList','获取字典列表','sysDictionary','GET'),(91,'2020-06-29 05:21:35','2020-06-29 05:21:35',NULL,NULL,'/sysOperationRecord/createSysOperationRecord','新增操作记录','sysOperationRecord','POST'),(92,'2020-06-29 05:21:35','2020-06-29 05:21:35',NULL,NULL,'/sysOperationRecord/deleteSysOperationRecord','删除操作记录','sysOperationRecord','DELETE'),(93,'2020-06-29 05:21:35','2020-06-29 05:21:35',NULL,NULL,'/sysOperationRecord/updateSysOperationRecord','更新操作记录','sysOperationRecord','PUT'),(94,'2020-06-29 05:21:35','2020-06-29 05:21:35',NULL,NULL,'/sysOperationRecord/findSysOperationRecord','根据ID获取操作记录','sysOperationRecord','GET'),(95,'2020-06-29 05:21:35','2020-06-29 05:21:35',NULL,NULL,'/sysOperationRecord/getSysOperationRecordList','获取操作记录列表','sysOperationRecord','GET'),(96,'2020-07-05 06:34:20','2020-07-05 06:34:20',NULL,NULL,'/autoCode/getTables','获取数据库表','autoCode','GET'),(97,'2020-07-05 07:02:07','2020-07-05 07:02:07',NULL,NULL,'/autoCode/getDB','获取所有数据库','autoCode','GET'),(98,'2020-07-05 08:32:08','2020-07-05 08:32:08',NULL,NULL,'/autoCode/getColume','获取所选table的所有字段','autoCode','GET'),(99,'2020-07-07 07:59:53','2020-07-07 07:59:53',NULL,NULL,'/sysOperationRecord/deleteSysOperationRecordByIds','批量删除操作历史','sysOperationRecord','DELETE'),(106,'2020-07-30 02:13:21','2020-07-30 02:13:21',NULL,NULL,'/subject/getSubjectById','getSubjectById','subject','POST'),(107,'2020-07-30 02:13:38','2020-07-30 02:13:38',NULL,NULL,'/subject/getSubjectList','getSubjectList','subject','POST'),(108,'2020-07-30 02:13:54','2020-07-30 02:13:54',NULL,NULL,'/subject/createSubject','createSubject','subject','POST'),(109,'2020-07-30 02:14:12','2020-07-30 02:14:12',NULL,NULL,'/subject/updateSubject','updateSubject','subject','POST'),(110,'2020-07-30 02:14:26','2020-07-30 02:14:26',NULL,NULL,'/subject/deleteSubject','deleteSubject','subject','POST'),(111,'2020-07-30 02:14:41','2020-07-30 02:14:41',NULL,NULL,'/subject/getAllSubjects','getAllSubjects','subject','POST'),(112,'2020-07-30 02:31:55','2020-07-30 02:31:55',NULL,NULL,'/categories/createCategories','新增categories表','categories','POST'),(113,'2020-07-30 02:31:55','2020-07-30 02:31:55',NULL,NULL,'/categories/deleteCategories','删除categories表','categories','DELETE'),(114,'2020-07-30 02:31:55','2020-07-30 02:31:55',NULL,NULL,'/categories/deleteCategoriesByIds','批量删除categories表','categories','DELETE'),(115,'2020-07-30 02:31:55','2020-07-30 02:31:55',NULL,NULL,'/categories/updateCategories','更新categories表','categories','PUT'),(116,'2020-07-30 02:31:56','2020-07-30 02:31:56',NULL,NULL,'/categories/findCategories','根据ID获取categories表','categories','GET'),(117,'2020-07-30 02:31:56','2020-07-30 02:31:56',NULL,NULL,'/categories/getCategoriesList','获取categories表列表','categories','GET'),(118,'2020-07-30 09:53:38','2020-07-30 09:53:38',NULL,NULL,'/company/createCompany','新增company表','company','POST'),(119,'2020-07-30 09:53:38','2020-07-30 09:53:38',NULL,NULL,'/company/deleteCompany','删除company表','company','DELETE'),(120,'2020-07-30 09:53:38','2020-07-30 09:53:38',NULL,NULL,'/company/deleteCompanyByIds','批量删除company表','company','DELETE'),(121,'2020-07-30 09:53:38','2020-07-30 09:53:38',NULL,NULL,'/company/updateCompany','更新company表','company','PUT'),(122,'2020-07-30 09:53:38','2020-07-30 09:53:38',NULL,NULL,'/company/findCompany','根据ID获取company表','company','GET'),(123,'2020-07-30 09:53:38','2020-07-30 09:53:38',NULL,NULL,'/company/getCompanyList','获取company表列表','company','GET'),(124,'2020-07-31 05:47:42','2020-07-31 05:47:42',NULL,NULL,'/region/createRegion','新增region表','region','POST'),(125,'2020-07-31 05:47:42','2020-07-31 05:47:42',NULL,NULL,'/region/deleteRegion','删除region表','region','DELETE'),(126,'2020-07-31 05:47:42','2020-07-31 05:47:42',NULL,NULL,'/region/deleteRegionByIds','批量删除region表','region','DELETE'),(127,'2020-07-31 05:47:42','2020-07-31 05:47:42',NULL,NULL,'/region/updateRegion','更新region表','region','PUT'),(128,'2020-07-31 05:47:42','2020-07-31 05:47:42',NULL,NULL,'/region/findRegion','根据ID获取region表','region','GET'),(129,'2020-07-31 05:47:42','2020-07-31 05:47:42',NULL,NULL,'/region/getRegionList','获取region表列表','region','GET'),(130,'2020-08-03 10:25:35','2020-08-03 10:25:35',NULL,NULL,'/address/createAddress','新增address表','address','POST'),(131,'2020-08-03 10:25:35','2020-08-03 10:25:35',NULL,NULL,'/address/deleteAddress','删除address表','address','DELETE'),(132,'2020-08-03 10:25:35','2020-08-03 10:25:35',NULL,NULL,'/address/deleteAddressByIds','批量删除address表','address','DELETE'),(133,'2020-08-03 10:25:35','2020-08-03 10:25:35',NULL,NULL,'/address/updateAddress','更新address表','address','PUT'),(134,'2020-08-03 10:25:35','2020-08-03 10:25:35',NULL,NULL,'/address/findAddress','根据ID获取address表','address','GET'),(135,'2020-08-03 10:25:35','2020-08-03 10:25:35',NULL,NULL,'/address/getAddressList','获取address表列表','address','GET'),(136,'2020-08-10 03:29:15','2020-08-10 03:29:15',NULL,NULL,'/lift/createLift','新增lift表','lift','POST'),(137,'2020-08-10 03:29:15','2020-08-10 03:29:15',NULL,NULL,'/lift/deleteLift','删除lift表','lift','DELETE'),(138,'2020-08-10 03:29:15','2020-08-10 03:29:15',NULL,NULL,'/lift/deleteLiftByIds','批量删除lift表','lift','DELETE'),(139,'2020-08-10 03:29:15','2020-08-10 03:29:15',NULL,NULL,'/lift/updateLift','更新lift表','lift','PUT'),(140,'2020-08-10 03:29:15','2020-08-10 03:29:15',NULL,NULL,'/lift/findLift','根据ID获取lift表','lift','GET'),(141,'2020-08-10 03:29:15','2020-08-10 03:29:15',NULL,NULL,'/lift/getLiftList','获取lift表列表','lift','GET'),(142,'2020-08-10 05:10:53','2020-08-10 05:10:53',NULL,NULL,'/liftModel/createLiftModel','新增liftModel表','liftModel','POST'),(143,'2020-08-10 05:10:53','2020-08-10 05:10:53',NULL,NULL,'/liftModel/deleteLiftModel','删除liftModel表','liftModel','DELETE'),(144,'2020-08-10 05:10:53','2020-08-10 05:10:53',NULL,NULL,'/liftModel/deleteLiftModelByIds','批量删除liftModel表','liftModel','DELETE'),(145,'2020-08-10 05:10:53','2020-08-10 05:10:53',NULL,NULL,'/liftModel/updateLiftModel','更新liftModel表','liftModel','PUT'),(146,'2020-08-10 05:10:53','2020-08-10 05:10:53',NULL,NULL,'/liftModel/findLiftModel','根据ID获取liftModel表','liftModel','GET'),(147,'2020-08-10 05:10:53','2020-08-10 05:10:53',NULL,NULL,'/liftModel/getLiftModelList','获取liftModel表列表','liftModel','GET'),(148,'2020-08-10 09:25:07','2020-08-10 09:25:07','2020-08-10 09:26:27',NULL,'/userAdmin/createUserAdmin','新增userAdmin表','userAdmin','POST'),(149,'2020-08-10 09:25:08','2020-08-10 09:25:08','2020-08-10 09:26:29',NULL,'/userAdmin/deleteUserAdmin','删除userAdmin表','userAdmin','DELETE'),(150,'2020-08-10 09:25:08','2020-08-10 09:25:08','2020-08-10 09:26:32',NULL,'/userAdmin/deleteUserAdminByIds','批量删除userAdmin表','userAdmin','DELETE'),(151,'2020-08-10 09:25:08','2020-08-10 09:25:08','2020-08-10 09:26:34',NULL,'/userAdmin/updateUserAdmin','更新userAdmin表','userAdmin','PUT'),(152,'2020-08-10 09:25:08','2020-08-10 09:25:08','2020-08-10 09:26:36',NULL,'/userAdmin/findUserAdmin','根据ID获取userAdmin表','userAdmin','GET'),(153,'2020-08-10 09:25:08','2020-08-10 09:25:08','2020-08-10 09:26:38',NULL,'/userAdmin/getUserAdminList','获取userAdmin表列表','userAdmin','GET'),(154,'2020-08-10 09:26:51','2020-08-10 09:26:51',NULL,NULL,'/userAdmin/createUserAdmin','新增userAdmin表','userAdmin','POST'),(155,'2020-08-10 09:26:51','2020-08-10 09:26:51',NULL,NULL,'/userAdmin/deleteUserAdmin','删除userAdmin表','userAdmin','DELETE'),(156,'2020-08-10 09:26:51','2020-08-10 09:26:51',NULL,NULL,'/userAdmin/deleteUserAdminByIds','批量删除userAdmin表','userAdmin','DELETE'),(157,'2020-08-10 09:26:51','2020-08-10 09:26:51',NULL,NULL,'/userAdmin/updateUserAdmin','更新userAdmin表','userAdmin','PUT'),(158,'2020-08-10 09:26:51','2020-08-10 09:26:51',NULL,NULL,'/userAdmin/findUserAdmin','根据ID获取userAdmin表','userAdmin','GET'),(159,'2020-08-10 09:26:52','2020-08-10 09:26:52',NULL,NULL,'/userAdmin/getUserAdminList','获取userAdmin表列表','userAdmin','GET'),(160,'2020-08-12 06:37:15','2020-08-12 06:37:15',NULL,NULL,'/adDeviceData/createAdDeviceData','新增adDeviceData表','adDeviceData','POST'),(161,'2020-08-12 06:37:15','2020-08-12 06:37:15',NULL,NULL,'/adDeviceData/deleteAdDeviceData','删除adDeviceData表','adDeviceData','DELETE'),(162,'2020-08-12 06:37:15','2020-08-12 06:37:15',NULL,NULL,'/adDeviceData/deleteAdDeviceDataByIds','批量删除adDeviceData表','adDeviceData','DELETE'),(163,'2020-08-12 06:37:15','2020-08-12 06:37:15',NULL,NULL,'/adDeviceData/updateAdDeviceData','更新adDeviceData表','adDeviceData','PUT'),(164,'2020-08-12 06:37:15','2020-08-12 06:37:15',NULL,NULL,'/adDeviceData/findAdDeviceData','根据ID获取adDeviceData表','adDeviceData','GET'),(165,'2020-08-12 06:37:15','2020-08-12 06:37:15',NULL,NULL,'/adDeviceData/getAdDeviceDataList','获取adDeviceData表列表','adDeviceData','GET'),(166,'2020-08-12 06:42:41','2020-08-12 06:42:41',NULL,NULL,'/adDeviceConfig/createAdDeviceConfig','新增adDeviceConfig表','adDeviceConfig','POST'),(167,'2020-08-12 06:42:41','2020-08-12 06:42:41',NULL,NULL,'/adDeviceConfig/deleteAdDeviceConfig','删除adDeviceConfig表','adDeviceConfig','DELETE'),(168,'2020-08-12 06:42:42','2020-08-12 06:42:42',NULL,NULL,'/adDeviceConfig/deleteAdDeviceConfigByIds','批量删除adDeviceConfig表','adDeviceConfig','DELETE'),(169,'2020-08-12 06:42:42','2020-08-12 06:42:42',NULL,NULL,'/adDeviceConfig/updateAdDeviceConfig','更新adDeviceConfig表','adDeviceConfig','PUT'),(170,'2020-08-12 06:42:42','2020-08-12 06:42:42',NULL,NULL,'/adDeviceConfig/findAdDeviceConfig','根据ID获取adDeviceConfig表','adDeviceConfig','GET'),(171,'2020-08-12 06:42:42','2020-08-12 06:42:42',NULL,NULL,'/adDeviceConfig/getAdDeviceConfigList','获取adDeviceConfig表列表','adDeviceConfig','GET'),(172,'2020-08-12 06:43:42','2020-08-12 06:43:42',NULL,NULL,'/adDeviceEvent/createAdDeviceEvent','新增adDeviceEvent表','adDeviceEvent','POST'),(173,'2020-08-12 06:43:42','2020-08-12 06:43:42',NULL,NULL,'/adDeviceEvent/deleteAdDeviceEvent','删除adDeviceEvent表','adDeviceEvent','DELETE'),(174,'2020-08-12 06:43:42','2020-08-12 06:43:42',NULL,NULL,'/adDeviceEvent/deleteAdDeviceEventByIds','批量删除adDeviceEvent表','adDeviceEvent','DELETE'),(175,'2020-08-12 06:43:43','2020-08-12 06:43:43',NULL,NULL,'/adDeviceEvent/updateAdDeviceEvent','更新adDeviceEvent表','adDeviceEvent','PUT'),(176,'2020-08-12 06:43:43','2020-08-12 06:43:43',NULL,NULL,'/adDeviceEvent/findAdDeviceEvent','根据ID获取adDeviceEvent表','adDeviceEvent','GET'),(177,'2020-08-12 06:43:43','2020-08-12 06:43:43',NULL,NULL,'/adDeviceEvent/getAdDeviceEventList','获取adDeviceEvent表列表','adDeviceEvent','GET'),(178,'2020-08-12 06:44:12','2020-08-12 06:44:12',NULL,NULL,'/adDevice/createAdDevice','新增adDevice表','adDevice','POST'),(179,'2020-08-12 06:44:12','2020-08-12 06:44:12',NULL,NULL,'/adDevice/deleteAdDevice','删除adDevice表','adDevice','DELETE'),(180,'2020-08-12 06:44:12','2020-08-12 06:44:12',NULL,NULL,'/adDevice/deleteAdDeviceByIds','批量删除adDevice表','adDevice','DELETE'),(181,'2020-08-12 06:44:12','2020-08-12 06:44:12',NULL,NULL,'/adDevice/updateAdDevice','更新adDevice表','adDevice','PUT'),(182,'2020-08-12 06:44:12','2020-08-12 06:44:12',NULL,NULL,'/adDevice/findAdDevice','根据ID获取adDevice表','adDevice','GET'),(183,'2020-08-12 06:44:12','2020-08-12 06:44:12',NULL,NULL,'/adDevice/getAdDeviceList','获取adDevice表列表','adDevice','GET'),(184,'2020-08-12 06:44:46','2020-08-12 06:44:46',NULL,NULL,'/liftChange/createLiftChange','新增liftChange表','liftChange','POST'),(185,'2020-08-12 06:44:46','2020-08-12 06:44:46',NULL,NULL,'/liftChange/deleteLiftChange','删除liftChange表','liftChange','DELETE'),(186,'2020-08-12 06:44:47','2020-08-12 06:44:47',NULL,NULL,'/liftChange/deleteLiftChangeByIds','批量删除liftChange表','liftChange','DELETE'),(187,'2020-08-12 06:44:47','2020-08-12 06:44:47',NULL,NULL,'/liftChange/updateLiftChange','更新liftChange表','liftChange','PUT'),(188,'2020-08-12 06:44:47','2020-08-12 06:44:47',NULL,NULL,'/liftChange/findLiftChange','根据ID获取liftChange表','liftChange','GET'),(189,'2020-08-12 06:44:47','2020-08-12 06:44:47',NULL,NULL,'/liftChange/getLiftChangeList','获取liftChange表列表','liftChange','GET'),(190,'2020-08-12 06:45:03','2020-08-12 06:45:03',NULL,NULL,'/liftRecord/createLiftRecord','新增liftRecord表','liftRecord','POST'),(191,'2020-08-12 06:45:03','2020-08-12 06:45:03',NULL,NULL,'/liftRecord/deleteLiftRecord','删除liftRecord表','liftRecord','DELETE'),(192,'2020-08-12 06:45:03','2020-08-12 06:45:03',NULL,NULL,'/liftRecord/deleteLiftRecordByIds','批量删除liftRecord表','liftRecord','DELETE'),(193,'2020-08-12 06:45:03','2020-08-12 06:45:03',NULL,NULL,'/liftRecord/updateLiftRecord','更新liftRecord表','liftRecord','PUT'),(194,'2020-08-12 06:45:03','2020-08-12 06:45:03',NULL,NULL,'/liftRecord/findLiftRecord','根据ID获取liftRecord表','liftRecord','GET'),(195,'2020-08-12 06:45:03','2020-08-12 06:45:03',NULL,NULL,'/liftRecord/getLiftRecordList','获取liftRecord表列表','liftRecord','GET'),(196,'2020-08-12 06:45:20','2020-08-12 06:45:20',NULL,NULL,'/liftTrouble/createLiftTrouble','新增liftTrouble表','liftTrouble','POST'),(197,'2020-08-12 06:45:20','2020-08-12 06:45:20',NULL,NULL,'/liftTrouble/deleteLiftTrouble','删除liftTrouble表','liftTrouble','DELETE'),(198,'2020-08-12 06:45:20','2020-08-12 06:45:20',NULL,NULL,'/liftTrouble/deleteLiftTroubleByIds','批量删除liftTrouble表','liftTrouble','DELETE'),(199,'2020-08-12 06:45:20','2020-08-12 06:45:20',NULL,NULL,'/liftTrouble/updateLiftTrouble','更新liftTrouble表','liftTrouble','PUT'),(200,'2020-08-12 06:45:20','2020-08-12 06:45:20',NULL,NULL,'/liftTrouble/findLiftTrouble','根据ID获取liftTrouble表','liftTrouble','GET'),(201,'2020-08-12 06:45:20','2020-08-12 06:45:20',NULL,NULL,'/liftTrouble/getLiftTroubleList','获取liftTrouble表列表','liftTrouble','GET'),(202,'2020-08-12 09:21:55','2020-08-12 09:21:55',NULL,NULL,'/user/findUser','find a user by id','user','GET'),(203,'2020-08-12 09:22:30','2020-08-12 09:22:30',NULL,NULL,'/user/deleteUserList','del user list','user','DELETE'),(204,'2020-08-12 09:23:01','2020-08-12 09:23:01',NULL,NULL,'/user/createUser','create user by admin','user','POST'),(205,'2020-08-23 02:03:38','2020-08-23 02:03:38',NULL,NULL,'/userLift/createUserLifts','新增userLift表','userLift','POST'),(206,'2020-08-23 02:03:38','2020-08-23 02:03:38',NULL,NULL,'/userLift/deleteUserLifts','删除userLift表','userLift','DELETE'),(207,'2020-08-23 02:03:38','2020-08-23 02:03:38',NULL,NULL,'/userLift/deleteUserLiftsByIds','批量删除userLift表','userLift','DELETE'),(208,'2020-08-23 02:03:38','2020-08-23 02:03:38',NULL,NULL,'/userLift/updateUserLifts','更新userLift表','userLift','PUT'),(209,'2020-08-23 02:03:38','2020-08-23 02:03:38',NULL,NULL,'/userLift/findUserLifts','根据ID获取userLift表','userLift','GET'),(210,'2020-08-23 02:03:38','2020-08-23 02:03:38',NULL,NULL,'/userLift/getUserLiftsList','获取userLift表列表','userLift','GET');
/*!40000 ALTER TABLE `sys_apis` ENABLE KEYS */;
UNLOCK TABLES;

--
-- Table structure for table `sys_authorities`
--

DROP TABLE IF EXISTS `sys_authorities`;
/*!40101 SET @saved_cs_client     = @@character_set_client */;
/*!40101 SET character_set_client = utf8 */;
CREATE TABLE `sys_authorities` (
  `authority_id` varchar(255) NOT NULL COMMENT '角色id',
  `authority_name` varchar(255) DEFAULT NULL COMMENT '角色名',
  `parent_id` varchar(255) DEFAULT NULL COMMENT '父角色',
  `created_at` datetime DEFAULT NULL,
  `updated_at` datetime DEFAULT NULL,
  `deleted_at` datetime DEFAULT NULL,
  PRIMARY KEY (`authority_id`) USING BTREE,
  UNIQUE KEY `authority_id` (`authority_id`) USING BTREE,
  KEY `idx_sys_authorities_deleted_at` (`deleted_at`) USING BTREE
) ENGINE=InnoDB DEFAULT CHARSET=utf8 ROW_FORMAT=COMPACT;
/*!40101 SET character_set_client = @saved_cs_client */;

--
-- Dumping data for table `sys_authorities`
--

LOCK TABLES `sys_authorities` WRITE;
/*!40000 ALTER TABLE `sys_authorities` DISABLE KEYS */;
INSERT INTO `sys_authorities` VALUES ('101','普通用户','0','2020-08-12 18:21:34','2020-08-24 15:00:43',NULL),('201','公司管理帐号','0','2020-08-12 18:23:11','2020-08-12 18:31:19',NULL),('210','公司员工','201','2020-08-12 18:29:30','2020-08-13 11:01:40',NULL),('301','监督单位管理帐号','0','2020-08-12 18:23:38','2020-08-13 11:02:57',NULL),('310','监督单位员工','301','2020-08-13 11:03:27','2020-08-13 11:03:27',NULL),('401','运营平台管理帐号','0','2020-08-12 18:25:37','2020-08-13 11:03:55',NULL),('410','运营平台员工','401','2020-08-13 11:04:11','2020-08-13 11:04:11',NULL),('501','物业管理帐号','0','2020-08-12 18:27:36','2020-08-13 11:02:23',NULL),('510','物业员工','501','2020-08-12 18:28:30','2020-08-12 18:28:30',NULL),('888','超级管理员','0','2020-04-04 11:44:56','2020-08-24 15:00:43',NULL),('8881','普通用户子角色','888','2020-04-04 11:44:56','2020-04-24 10:16:42',NULL),('9528','测试角色','0','2020-04-04 11:44:56','2020-08-13 16:36:29',NULL);
/*!40000 ALTER TABLE `sys_authorities` ENABLE KEYS */;
UNLOCK TABLES;

--
-- Table structure for table `sys_authority_menus`
--

DROP TABLE IF EXISTS `sys_authority_menus`;
/*!40101 SET @saved_cs_client     = @@character_set_client */;
/*!40101 SET character_set_client = utf8 */;
CREATE TABLE `sys_authority_menus` (
  `sys_authority_authority_id` varchar(255) NOT NULL COMMENT '角色id',
  `sys_base_menu_id` int(10) unsigned NOT NULL DEFAULT '0' COMMENT '菜单id',
  PRIMARY KEY (`sys_authority_authority_id`,`sys_base_menu_id`) USING BTREE,
  KEY `sys_authority_authority_id` (`sys_authority_authority_id`) USING BTREE
) ENGINE=InnoDB DEFAULT CHARSET=latin1 ROW_FORMAT=COMPACT;
/*!40101 SET character_set_client = @saved_cs_client */;

--
-- Dumping data for table `sys_authority_menus`
--

LOCK TABLES `sys_authority_menus` WRITE;
/*!40000 ALTER TABLE `sys_authority_menus` DISABLE KEYS */;
INSERT INTO `sys_authority_menus` VALUES ('101',1),('888',1),('888',2),('888',3),('888',4),('888',5),('888',6),('888',17),('888',18),('888',19),('888',20),('888',21),('888',22),('888',23),('888',26),('888',33),('888',34),('888',38),('888',40),('888',41),('888',42),('888',50),('888',51),('888',52),('888',54),('888',55),('888',56),('888',57),('888',58),('888',59),('888',60),('888',61),('888',62),('888',63),('888',64),('888',65),('888',66),('888',67),('888',68),('888',71),('888',72),('888',73),('888',74),('888',75),('888',76),('8881',1),('8881',2),('8881',18),('8881',38),('8881',40),('8881',41),('8881',42),('9528',1),('9528',2),('9528',3),('9528',4),('9528',5),('9528',6),('9528',17),('9528',18),('9528',19),('9528',20),('9528',21),('9528',22),('9528',23),('9528',26),('9528',33),('9528',34),('9528',38),('9528',40),('9528',41),('9528',42);
/*!40000 ALTER TABLE `sys_authority_menus` ENABLE KEYS */;
UNLOCK TABLES;

--
-- Table structure for table `sys_base_menus`
--

DROP TABLE IF EXISTS `sys_base_menus`;
/*!40101 SET @saved_cs_client     = @@character_set_client */;
/*!40101 SET character_set_client = utf8 */;
CREATE TABLE `sys_base_menus` (
  `id` int(10) unsigned NOT NULL AUTO_INCREMENT,
  `created_at` timestamp NULL DEFAULT NULL,
  `updated_at` timestamp NULL DEFAULT NULL,
  `deleted_at` timestamp NULL DEFAULT NULL,
  `menu_level` int(10) unsigned DEFAULT NULL COMMENT '菜单等级（暂未使用）',
  `parent_id` int(10) unsigned DEFAULT NULL COMMENT '父菜单id',
  `path` varchar(255) DEFAULT NULL COMMENT '菜单path（路由path）',
  `name` varchar(255) DEFAULT NULL COMMENT '菜单name（路由name）',
  `hidden` tinyint(1) DEFAULT NULL COMMENT '是否在列表隐藏',
  `component` varchar(255) DEFAULT NULL COMMENT '组件位置',
  `title` varchar(255) DEFAULT NULL COMMENT '显示名字',
  `icon` varchar(255) DEFAULT NULL COMMENT '显示图标',
  `nick_name` varchar(255) DEFAULT NULL COMMENT '菜单别名',
  `sort` int(255) DEFAULT NULL COMMENT '排序',
  `keep_alive` tinyint(1) DEFAULT NULL COMMENT '是否缓存菜单内容',
  `default_menu` tinyint(1) DEFAULT NULL COMMENT '默认菜单（暂未使用）',
  PRIMARY KEY (`id`) USING BTREE,
  KEY `idx_base_menus_deleted_at` (`deleted_at`) USING BTREE,
  KEY `idx_sys_base_menus_deleted_at` (`deleted_at`) USING BTREE
) ENGINE=InnoDB AUTO_INCREMENT=77 DEFAULT CHARSET=utf8 ROW_FORMAT=COMPACT;
/*!40101 SET character_set_client = @saved_cs_client */;

--
-- Dumping data for table `sys_base_menus`
--

LOCK TABLES `sys_base_menus` WRITE;
/*!40000 ALTER TABLE `sys_base_menus` DISABLE KEYS */;
INSERT INTO `sys_base_menus` VALUES (1,'2019-09-19 14:05:18','2020-05-30 07:43:06',NULL,0,0,'dashboard','dashboard',0,'view/dashboard/index.vue','仪表盘','setting','仪表盘',1,0,0),(2,'2019-09-19 14:06:17','2020-07-31 01:49:33',NULL,0,0,'about','about',0,'view/about/index.vue','关于我们','info','测试菜单',80,0,0),(3,'2019-09-19 14:06:38','2020-07-31 01:49:07',NULL,0,0,'admin','superAdmin',0,'view/superAdmin/index.vue','超级管理员','user-solid','超级管理员',30,0,0),(4,'2019-09-19 14:11:53','2020-05-30 07:43:25',NULL,0,3,'authority','authority',0,'view/superAdmin/authority/authority.vue','角色管理','s-custom','角色管理',1,0,0),(5,'2019-09-19 14:13:18','2020-04-30 09:45:27',NULL,0,3,'menu','menu',0,'view/superAdmin/menu/menu.vue','菜单管理','s-order','菜单管理',2,1,0),(6,'2019-09-19 14:13:36','2020-04-24 02:16:43',NULL,0,3,'api','api',0,'view/superAdmin/api/api.vue','api管理','s-platform','api管理',3,1,0),(17,'2019-10-09 07:12:29','2020-04-24 02:16:43',NULL,0,3,'user','user',0,'view/superAdmin/user/user.vue','用户管理','coordinate','用户管理',4,0,0),(18,'2019-10-15 14:27:22','2020-07-31 01:49:19',NULL,0,0,'person','person',1,'view/person/person.vue','个人信息','message-solid','个人信息',50,0,0),(19,'2019-10-20 03:14:42','2020-07-31 01:49:29',NULL,0,0,'example','example',0,'view/example/index.vue','示例文件','s-management','示例文件',70,0,0),(20,'2019-10-20 03:18:11','2020-04-24 02:16:42',NULL,0,19,'table','table',0,'view/example/table/table.vue','表格示例','s-order','表格示例',1,0,0),(21,'2019-10-20 03:19:52','2020-04-24 02:16:43',NULL,0,19,'form','form',0,'view/example/form/form.vue','表单示例','document','表单示例',2,0,0),(22,'2019-10-20 03:22:19','2020-04-24 02:16:43',NULL,0,19,'rte','rte',0,'view/example/rte/rte.vue','富文本编辑器','reading','富文本编辑器',3,0,0),(23,'2019-10-20 03:23:39','2020-04-24 02:16:43',NULL,0,19,'excel','excel',0,'view/example/excel/excel.vue','excel导入导出','s-marketing','excel导入导出',4,0,0),(26,'2019-10-20 03:27:02','2020-04-24 02:16:43',NULL,0,19,'upload','upload',0,'view/example/upload/upload.vue','上传下载','upload','上传下载',5,0,0),(33,'2020-02-17 08:20:47','2020-04-24 02:16:43',NULL,0,19,'breakpoint','breakpoint',0,'view/example/breakpoint/breakpoint.vue','断点续传','upload','断点续传',6,0,0),(34,'2020-02-24 11:48:37','2020-04-24 02:16:43',NULL,0,19,'customer','customer',0,'view/example/customer/customer.vue','客户列表（资源示例）','s-custom','客户列表（资源示例）',7,0,0),(38,'2020-03-29 13:31:03','2020-07-31 01:49:24',NULL,0,0,'systemTools','systemTools',0,'view/systemTools/index.vue','系统工具','s-cooperation','系统工具',60,0,0),(40,'2020-03-29 13:35:10','2020-05-03 13:38:49',NULL,0,38,'autoCode','autoCode',0,'view/systemTools/autoCode/index.vue','代码生成器','cpu','代码生成器',1,1,0),(41,'2020-03-29 13:36:26','2020-05-03 13:38:43',NULL,0,38,'formCreate','formCreate',0,'view/systemTools/formCreate/index.vue','表单生成器','magic-stick','表单生成器',2,1,0),(42,'2020-04-02 06:19:36','2020-04-24 02:16:43',NULL,0,38,'system','system',0,'view/systemTools/system/system.vue','系统配置','s-operation','系统配置',3,0,0),(45,'2020-04-29 09:19:34','2020-07-31 01:48:56',NULL,0,0,'iconList','iconList',0,'view/iconList/index.vue','图标集合','star-on',NULL,20,0,0),(50,'2020-06-24 11:49:54','2020-06-28 12:34:47',NULL,0,3,'dictionary','dictionary',0,'view/superAdmin/dictionary/sysDictionary.vue','字典管理','notebook-2',NULL,5,0,0),(51,'2020-06-24 11:51:33','2020-06-28 12:35:04',NULL,0,3,'dictionaryDetail/:id','dictionaryDetail',1,'view/superAdmin/dictionary/sysDictionaryDetail.vue','字典详情','s-order',NULL,1,0,0),(52,'2020-06-29 05:31:17','2020-07-07 08:05:34',NULL,0,3,'operation','operation',0,'view/superAdmin/operation/sysOperationRecord.vue','操作历史','time',NULL,6,0,0),(54,'2020-07-30 02:05:03','2020-07-31 01:49:13',NULL,0,0,'category','category',0,'view/category/index.vue','类别管理','s-order',NULL,40,0,0),(55,'2020-07-30 02:06:20','2020-07-30 02:18:19',NULL,0,54,'subject','categorySubject',0,'view/category/subject/subject.vue','类别主体','s-shop',NULL,1,0,0),(56,'2020-07-30 02:08:20','2020-07-30 08:56:59',NULL,0,54,'categories','categoryItem',0,'view/category/categories/categories.vue','类别列表','money',NULL,2,0,0),(57,'2020-07-31 01:50:56','2020-07-31 01:51:10',NULL,0,0,'company','company',0,'view/company/index.vue','公司管理','school',NULL,35,0,0),(58,'2020-07-31 01:53:14','2020-07-31 01:55:10',NULL,0,57,'list','list',0,'view/company/list/list.vue','公司列表','s-fold',NULL,1,0,0),(59,'2020-07-31 01:58:12','2020-07-31 01:58:12',NULL,0,57,'employee','employee',0,'view/company/employee/employee.vue','员工管理','s-custom',NULL,2,0,0),(60,'2020-07-31 05:53:49','2020-07-31 05:53:49',NULL,0,0,'address','address',0,'view/address/index.vue','地址管理','add-location',NULL,45,0,0),(61,'2020-07-31 05:54:58','2020-07-31 05:54:58',NULL,0,60,'region','region',0,'view/address/region/region.vue','区域划分','notebook-1',NULL,1,0,0),(62,'2020-07-31 06:00:03','2020-07-31 06:00:03',NULL,0,60,'addressList','addressList',0,'view/address/list/address.vue','常用地址','medal-1',NULL,2,0,0),(63,'2020-08-10 03:20:05','2020-08-10 03:20:05',NULL,0,0,'lift','lift',0,'view/lift/index.vue','电梯管理','school',NULL,37,0,0),(64,'2020-08-10 03:21:31','2020-08-10 03:21:31',NULL,0,63,'list','liftList',0,'view/lift/list/list.vue','电梯列表','s-fold',NULL,0,0,0),(65,'2020-08-10 03:22:57','2020-08-10 03:22:57',NULL,0,63,'model','liftModel',0,'view/lift/model/model.vue','型号管理','setting',NULL,1,0,0),(66,'2020-08-10 03:23:57','2020-08-10 03:23:57',NULL,0,63,'change','liftChange',0,'view/lift/change/change.vue','信息变更历史','info',NULL,2,0,0),(67,'2020-08-10 03:25:19','2020-08-10 03:25:19',NULL,0,63,'record','liftRecord',0,'view/lift/record/record.vue','维保记录','s-cooperation',NULL,3,0,0),(68,'2020-08-10 03:27:05','2020-08-10 03:27:05',NULL,0,63,'trouble','liftTrouble',0,'view/lift/trouble/trouble.vue','故障救援记录','s-management',NULL,4,0,0),(69,'2020-08-10 09:32:17','2020-08-10 09:32:42','2020-08-12 02:42:54',0,0,'user','userHub',0,'view/user/index.vue','用户管理','user-solid',NULL,21,0,0),(70,'2020-08-10 09:34:06','2020-08-10 09:34:06','2020-08-12 02:42:48',0,69,'list','userList',0,'view/user/list/list.vue','用户列表','s-order',NULL,0,0,0),(71,'2020-08-12 06:27:00','2020-08-12 06:27:00',NULL,0,0,'sdevice','sdevice',0,'view/sdevice/index.vue','智能设备管理','goods',NULL,38,0,0),(72,'2020-08-12 06:27:43','2020-08-12 06:29:56',NULL,0,71,'list','sdeviceList',0,'view/sdevice/list/list.vue','设备列表','s-tools',NULL,0,0,0),(73,'2020-08-12 06:28:48','2020-08-12 06:30:03',NULL,0,71,'config','sdeviceConfig',0,'view/sdevice/config/config.vue','设备配置','s-flag',NULL,1,0,0),(74,'2020-08-12 06:29:47','2020-08-12 06:29:47',NULL,0,71,'event','sdeviceEvent',0,'view/sdevice/event/event.vue','设备事件','setting',NULL,2,0,0),(75,'2020-08-12 06:31:06','2020-08-12 06:31:06',NULL,0,71,'data','sdeviceData',0,'view/sdevice/data/data.vue','运行数据','picture-outline-round',NULL,3,0,0),(76,'2020-08-15 01:43:29','2020-08-15 02:05:57',NULL,0,63,'liftDetail/:id','liftDetail',1,'view/lift/list/liftDetail.vue','电梯详情','setting',NULL,8,0,0);
/*!40000 ALTER TABLE `sys_base_menus` ENABLE KEYS */;
UNLOCK TABLES;

--
-- Table structure for table `sys_data_authority_id`
--

DROP TABLE IF EXISTS `sys_data_authority_id`;
/*!40101 SET @saved_cs_client     = @@character_set_client */;
/*!40101 SET character_set_client = utf8 */;
CREATE TABLE `sys_data_authority_id` (
  `sys_authority_authority_id` varchar(255) NOT NULL COMMENT '角色id',
  `data_authority_id` varchar(255) NOT NULL COMMENT '拥有的资源角色id',
  PRIMARY KEY (`sys_authority_authority_id`,`data_authority_id`) USING BTREE,
  KEY `sys_authority_authority_id` (`sys_authority_authority_id`) USING BTREE,
  KEY `data_authority_id` (`data_authority_id`) USING BTREE
) ENGINE=InnoDB DEFAULT CHARSET=latin1 ROW_FORMAT=COMPACT;
/*!40101 SET character_set_client = @saved_cs_client */;

--
-- Dumping data for table `sys_data_authority_id`
--

LOCK TABLES `sys_data_authority_id` WRITE;
/*!40000 ALTER TABLE `sys_data_authority_id` DISABLE KEYS */;
INSERT INTO `sys_data_authority_id` VALUES ('888','888'),('888','8881'),('888','9528'),('888222','888'),('888222','8881'),('888222','9528'),('8883','888'),('8883','8881'),('8883','9528'),('9528','8881'),('9528','9528');
/*!40000 ALTER TABLE `sys_data_authority_id` ENABLE KEYS */;
UNLOCK TABLES;

--
-- Table structure for table `sys_dictionaries`
--

DROP TABLE IF EXISTS `sys_dictionaries`;
/*!40101 SET @saved_cs_client     = @@character_set_client */;
/*!40101 SET character_set_client = utf8 */;
CREATE TABLE `sys_dictionaries` (
  `id` int(10) unsigned NOT NULL AUTO_INCREMENT,
  `created_at` datetime DEFAULT NULL,
  `updated_at` datetime DEFAULT NULL,
  `deleted_at` datetime DEFAULT NULL,
  `name` varchar(255) DEFAULT NULL COMMENT '字典名（中）',
  `type` varchar(255) DEFAULT NULL COMMENT '字典名（英）',
  `status` tinyint(1) DEFAULT NULL COMMENT '状态',
  `desc` varchar(255) DEFAULT NULL COMMENT '描述',
  PRIMARY KEY (`id`) USING BTREE,
  KEY `idx_sys_dictionaries_deleted_at` (`deleted_at`) USING BTREE
) ENGINE=InnoDB AUTO_INCREMENT=8 DEFAULT CHARSET=utf8 ROW_FORMAT=COMPACT;
/*!40101 SET character_set_client = @saved_cs_client */;

--
-- Dumping data for table `sys_dictionaries`
--

LOCK TABLES `sys_dictionaries` WRITE;
/*!40000 ALTER TABLE `sys_dictionaries` DISABLE KEYS */;
INSERT INTO `sys_dictionaries` VALUES (2,'2020-06-24 20:44:00','2020-06-24 20:44:00',NULL,'性别','sex',1,'性别字典'),(3,'2020-07-05 15:27:31','2020-07-05 15:27:31',NULL,'数据库int类型','int',1,'int类型对应的数据库类型'),(4,'2020-07-05 15:33:07','2020-07-05 16:07:18',NULL,'数据库时间日期类型','time.Time',1,'数据库时间日期类型'),(5,'2020-07-05 15:34:23','2020-07-05 15:52:45',NULL,'数据库浮点型','float64',1,'数据库浮点型'),(6,'2020-07-05 15:35:05','2020-07-05 15:35:05',NULL,'数据库字符串','string',1,'数据库字符串'),(7,'2020-07-05 15:36:48','2020-07-05 15:36:48',NULL,'数据库bool类型','bool',1,'数据库bool类型');
/*!40000 ALTER TABLE `sys_dictionaries` ENABLE KEYS */;
UNLOCK TABLES;

--
-- Table structure for table `sys_dictionary_details`
--

DROP TABLE IF EXISTS `sys_dictionary_details`;
/*!40101 SET @saved_cs_client     = @@character_set_client */;
/*!40101 SET character_set_client = utf8 */;
CREATE TABLE `sys_dictionary_details` (
  `id` int(10) unsigned NOT NULL AUTO_INCREMENT,
  `created_at` datetime DEFAULT NULL,
  `updated_at` datetime DEFAULT NULL,
  `deleted_at` datetime DEFAULT NULL,
  `label` varchar(255) DEFAULT NULL COMMENT '展示值',
  `value` int(11) DEFAULT NULL COMMENT '字典值',
  `status` tinyint(1) DEFAULT NULL COMMENT '启用状态',
  `sort` int(11) DEFAULT NULL COMMENT '排序标记',
  `sys_dictionary_id` int(11) DEFAULT NULL COMMENT '关联标记',
  PRIMARY KEY (`id`) USING BTREE,
  KEY `idx_sys_dictionary_details_deleted_at` (`deleted_at`) USING BTREE
) ENGINE=InnoDB AUTO_INCREMENT=38 DEFAULT CHARSET=utf8 ROW_FORMAT=COMPACT;
/*!40101 SET character_set_client = @saved_cs_client */;

--
-- Dumping data for table `sys_dictionary_details`
--

LOCK TABLES `sys_dictionary_details` WRITE;
/*!40000 ALTER TABLE `sys_dictionary_details` DISABLE KEYS */;
INSERT INTO `sys_dictionary_details` VALUES (12,'2020-07-05 15:31:41','2020-07-05 15:31:41',NULL,'smallint',1,1,1,3),(13,'2020-07-05 15:31:52','2020-07-05 15:31:52',NULL,'mediumint',2,1,2,3),(14,'2020-07-05 15:32:04','2020-07-05 15:32:04',NULL,'int',3,1,3,3),(15,'2020-07-05 15:32:11','2020-07-05 15:32:11',NULL,'bigint',4,1,4,3),(19,'2020-07-05 15:33:16','2020-07-05 15:33:16',NULL,'data',0,1,0,4),(20,'2020-07-05 15:33:21','2020-07-05 15:33:21',NULL,'time',1,1,1,4),(21,'2020-07-05 15:33:25','2020-07-05 15:33:25',NULL,'year',2,1,2,4),(22,'2020-07-05 15:33:35','2020-07-05 15:33:35',NULL,'datetime',3,1,3,4),(23,'2020-07-05 15:33:42','2020-07-05 15:33:42',NULL,'timestamp',5,1,5,4),(24,'2020-07-05 15:34:30','2020-07-05 15:34:30',NULL,'float',0,1,0,5),(25,'2020-07-05 15:34:35','2020-07-05 15:34:35',NULL,'double',1,1,1,5),(26,'2020-07-05 15:34:41','2020-07-05 15:34:41',NULL,'decimal',2,1,2,5),(27,'2020-07-05 15:37:45','2020-07-05 15:37:45',NULL,'tinyint',0,1,0,7),(28,'2020-07-05 15:53:25','2020-07-05 15:53:25',NULL,'char',0,1,0,6),(29,'2020-07-05 15:53:29','2020-07-05 15:53:29',NULL,'varchar',1,1,1,6),(30,'2020-07-05 15:53:35','2020-07-05 15:53:35',NULL,'tinyblob',2,1,2,6),(31,'2020-07-05 15:53:40','2020-07-05 15:53:40',NULL,'tinytext',3,1,3,6),(32,'2020-07-05 15:53:48','2020-07-05 15:53:48',NULL,'text',4,1,4,6),(33,'2020-07-05 15:53:55','2020-07-05 15:53:55',NULL,'blob',5,1,5,6),(34,'2020-07-05 15:54:02','2020-07-05 15:54:02',NULL,'mediumblob',6,1,6,6),(35,'2020-07-05 15:54:09','2020-07-05 15:54:09',NULL,'mediumtext',7,1,7,6),(36,'2020-07-05 15:54:16','2020-07-05 15:54:16',NULL,'longblob',8,1,8,6),(37,'2020-07-05 15:54:24','2020-07-05 15:54:24',NULL,'longtext',9,1,9,6);
/*!40000 ALTER TABLE `sys_dictionary_details` ENABLE KEYS */;
UNLOCK TABLES;

--
-- Table structure for table `sys_operation_records`
--

DROP TABLE IF EXISTS `sys_operation_records`;
/*!40101 SET @saved_cs_client     = @@character_set_client */;
/*!40101 SET character_set_client = utf8 */;
CREATE TABLE `sys_operation_records` (
  `id` int(10) unsigned NOT NULL AUTO_INCREMENT,
  `created_at` datetime DEFAULT NULL,
  `updated_at` datetime DEFAULT NULL,
  `deleted_at` datetime DEFAULT NULL,
  `ip` varchar(255) COLLATE utf8mb4_bin DEFAULT NULL COMMENT '请求ip',
  `method` varchar(255) COLLATE utf8mb4_bin DEFAULT NULL COMMENT '请求方法',
  `path` varchar(255) COLLATE utf8mb4_bin DEFAULT NULL COMMENT '请求路由',
  `status` int(11) DEFAULT NULL COMMENT '状态',
  `latency` bigint(20) DEFAULT NULL,
  `agent` varchar(255) COLLATE utf8mb4_bin DEFAULT NULL,
  `error_message` varchar(255) COLLATE utf8mb4_bin DEFAULT NULL,
  `body` text COLLATE utf8mb4_bin COMMENT '请求Body',
  `user_id` int(11) DEFAULT NULL COMMENT '用户id',
  `resp` text COLLATE utf8mb4_bin COMMENT '响应Body',
  PRIMARY KEY (`id`) USING BTREE,
  KEY `idx_sys_operation_records_deleted_at` (`deleted_at`) USING BTREE
) ENGINE=InnoDB AUTO_INCREMENT=8250 DEFAULT CHARSET=utf8mb4 COLLATE=utf8mb4_bin ROW_FORMAT=COMPACT;
/*!40101 SET character_set_client = @saved_cs_client */;

--
-- Table structure for table `sys_users`
--

DROP TABLE IF EXISTS `sys_users`;
/*!40101 SET @saved_cs_client     = @@character_set_client */;
/*!40101 SET character_set_client = utf8 */;
CREATE TABLE `sys_users` (
  `id` int(10) unsigned NOT NULL AUTO_INCREMENT,
  `created_at` datetime DEFAULT NULL,
  `updated_at` datetime DEFAULT NULL,
  `deleted_at` datetime DEFAULT NULL,
  `uuid` varbinary(255) DEFAULT NULL COMMENT 'uuid',
  `phone_number` varchar(20) NOT NULL COMMENT '登陆手机号',
  `password` varchar(255) DEFAULT NULL COMMENT '登陆密码',
  `real_name` varchar(255) DEFAULT NULL COMMENT '用户真名',
  `nick_name` varchar(255) DEFAULT NULL COMMENT '用户昵称',
  `avatar` varchar(255) DEFAULT NULL COMMENT '用户头像',
  `company_id` int(10) unsigned NOT NULL COMMENT '用户所属公司id',
  `address` varchar(255) DEFAULT NULL COMMENT '用户住址',
  `authority_id` varchar(255) DEFAULT '888' COMMENT '用户角色ID',
  PRIMARY KEY (`id`) USING BTREE,
  KEY `idx_sys_users_deleted_at` (`deleted_at`)
) ENGINE=InnoDB AUTO_INCREMENT=57 DEFAULT CHARSET=utf8 ROW_FORMAT=COMPACT COMMENT='用户表';
/*!40101 SET character_set_client = @saved_cs_client */;

--
-- Dumping data for table `sys_users`
--

LOCK TABLES `sys_users` WRITE;
/*!40000 ALTER TABLE `sys_users` DISABLE KEYS */;
INSERT INTO `sys_users` VALUES (10,'2019-09-13 09:23:46','2020-08-13 16:55:22',NULL,_binary 'ce0d6685-c15f-4126-a5b4-890bc9d2356d','17612732732','96e79218965eb72c92a549dd5a330112','Doctor Zhang','DZ','http://qmplusimg.henrongyi.top/1571627762timg.jpg',106,'湖北省武汉市洪山区武珞路718号','888'),(11,'2019-09-13 09:27:29','2020-08-15 21:27:27',NULL,_binary 'fd6ef79b-944c-4888-8377-abe2d2608858','18827375697','96e79218965eb72c92a549dd5a330112','Master Zhan','MZ','http://qmplusimg.henrongyi.top/1572075907logo.png',107,'湖北省武汉市洪山区武珞路718号','888'),(12,'2020-08-12 17:24:42','2020-08-12 17:24:42','2020-08-12 17:28:44',_binary '75d34046-b1d0-4dd5-8b8a-54d31b172642','17616666666','96e79218965eb72c92a549dd5a330112','ZhanWenjie','ZW','',106,'','超级管理员'),(13,'2020-08-12 17:29:32','2020-08-12 17:29:32','2020-08-12 17:32:45',_binary '1c03afae-f8b0-46bf-ad55-1e943a50810c','17612732733','96e79218965eb72c92a549dd5a330112','ZhanWenjie','ZW','',106,'湖北省武汉市东湖高新区软件园A1','超级管理员'),(14,'2020-08-12 17:33:12','2020-08-12 17:33:12','2020-08-12 17:36:30',_binary '25b7d08b-e3fe-47af-b0da-395e8a49c7f1','17612732733','96e79218965eb72c92a549dd5a330112','ZhanWenjie','ZW','',106,'湖北省武汉市东湖高新区软件园A1','888'),(15,'2020-08-12 17:37:18','2020-08-12 17:37:18','2020-08-12 17:38:53',_binary '540569a0-4c33-4708-8eaf-d822e4d737d3','17612732733','96e79218965eb72c92a549dd5a330112','ZhanWenjie','ZWJ','',106,'湖北省武汉市东湖高新区软件园A1','888'),(16,'2020-08-12 17:39:27','2020-08-24 15:00:43',NULL,_binary '80be32b5-19ac-4678-8761-c506e4e5c498','17612732733','','ZhanWenJie','ZWJ','',106,'湖北省武汉市东湖高新区软件园A1','888'),(17,'2020-08-12 18:10:57','2020-08-24 15:00:43',NULL,_binary '5fa70237-f7d5-49a2-bb15-b81a4e5589e3','17612732734','','ZhanWenjie','zww','',106,'湖北省武汉市东湖高新区软件园A1','101'),(18,'2020-08-13 11:52:21','2020-08-24 14:39:01',NULL,_binary '792f7ff9-e399-4e00-8a29-f933dd3cd3e4','17612732736','','张多多','ZDD','',108,'湖北省武汉市东湖高新区软件园A1','101'),(19,'2020-08-13 13:21:36','2020-08-13 16:54:10',NULL,_binary '76f14d60-8bd4-4cf1-92cd-6a702db82b51','17612372737','96e79218965eb72c92a549dd5a330112','张而儿','张而儿','',110,'湖北省武汉市东湖高新区软件园A1','101'),(20,'2020-08-13 13:22:51','2020-08-13 13:22:51',NULL,_binary 'b7f4364d-636e-4f38-abf3-2e45b2e2e18c','17612732738','96e79218965eb72c92a549dd5a330112','张三三','张三三','',111,'湖北省武汉市东湖高新区软件园A1','101'),(21,'2020-08-13 13:23:11','2020-08-13 13:23:11',NULL,_binary 'a521ceb7-8093-4673-8f77-4c4bdc0c5635','17612732739','96e79218965eb72c92a549dd5a330112','张思思','张思思','',112,'湖北省武汉市东湖高新区软件园A1','101'),(22,'2020-08-13 13:23:39','2020-08-13 13:23:39',NULL,_binary '33fdf351-4506-46fb-b362-7d4131a59a16','17612732730','96e79218965eb72c92a549dd5a330112','张呜呜','张呜呜','',113,'湖北省武汉市东湖高新区软件园A1','101'),(23,'2020-08-13 13:24:10','2020-08-13 13:24:10',NULL,_binary '3d50389d-7613-4d3f-a168-c0f0d06a28a9','17612732720','96e79218965eb72c92a549dd5a330112','张溜溜','张溜溜','',114,'湖北省武汉市东湖高新区软件园A1','101'),(24,'2020-08-13 13:24:33','2020-08-13 16:56:38',NULL,_binary '80180576-32a0-44af-b52b-3533753f61f4','17612732721','96e79218965eb72c92a549dd5a330112','長期期','長期期','',115,'湖北省武汉市东湖高新区软件园A1','101'),(25,'2020-08-13 13:24:57','2020-08-13 13:24:57',NULL,_binary '2ebc9aec-7681-4bc5-96a5-e5ea8b94c685','17612732723','96e79218965eb72c92a549dd5a330112','张爸爸','张爸爸','',116,'湖北省武汉市东湖高新区软件园A1','101'),(26,'2020-08-13 13:25:24','2020-08-13 13:25:24',NULL,_binary 'b58ab252-1293-4af4-8431-e2ccca7fe1fe','17612732724','96e79218965eb72c92a549dd5a330112','张舅舅','张舅舅','',118,'湖北省武汉市东湖高新区软件园A1','101'),(27,'2020-08-13 13:30:23','2020-08-13 13:30:23',NULL,_binary 'e6ecaca7-b183-46d1-b0ac-7010b2d5de37','17612732726','96e79218965eb72c92a549dd5a330112','张灵灵','张灵灵','',121,'湖北省武汉市东湖高新区软件园A1','101'),(28,'2020-08-13 13:31:09','2020-08-13 13:31:09',NULL,_binary 'f18d1160-3184-47d3-8167-faeeb2361487','17612732727','96e79218965eb72c92a549dd5a330112','战栗栗','战栗栗','',120,'湖北省武汉市东湖高新区软件园A1','101'),(29,'2020-08-13 13:31:34','2020-08-13 13:31:34',NULL,_binary 'f5b58e2d-46e4-4a2b-a274-e04c0fc535a6','17612732728','96e79218965eb72c92a549dd5a330112','张衣衣','张衣衣','',121,'湖北省武汉市东湖高新区软件园A1','101'),(30,'2020-08-13 13:32:01','2020-08-13 13:32:01',NULL,_binary '4668e896-3221-4de1-bf48-fcf528431edb','17612732729','96e79218965eb72c92a549dd5a330112','战而儿','战而儿','',121,'湖北省武汉市东湖高新区软件园A1','101'),(31,'2020-08-13 13:32:22','2020-08-13 13:32:22',NULL,_binary '16ae8bac-c1b6-44f3-8e32-bbe2089872d9','17612732710','96e79218965eb72c92a549dd5a330112','战三三','战三三','',120,'湖北省武汉市东湖高新区软件园A1','101'),(32,'2020-08-13 13:32:47','2020-08-13 13:32:47',NULL,_binary '1b37ec4e-e0f7-4d1b-9f6f-91e7159f7cdd','17612732711','96e79218965eb72c92a549dd5a330112','战思思','战思思','',120,'湖北省武汉市东湖高新区软件园A1','101'),(33,'2020-08-13 13:33:07','2020-08-13 13:33:07',NULL,_binary 'f6ff69d1-5080-4f5e-a715-5789feefaa2e','17612732712','96e79218965eb72c92a549dd5a330112','战呜呜','战呜呜','',119,'湖北省武汉市东湖高新区软件园A1','101'),(34,'2020-08-13 13:33:27','2020-08-13 13:33:27',NULL,_binary '8fd19db0-2529-4c4c-b134-7f5e4b82238b','17612732713','96e79218965eb72c92a549dd5a330112','战溜溜','战溜溜','',119,'湖北省武汉市东湖高新区软件园A1','101'),(35,'2020-08-13 13:33:45','2020-08-13 13:33:45',NULL,_binary 'a051fca4-9810-4a62-85e7-b8c23ee75de5','17612732714','96e79218965eb72c92a549dd5a330112','战期期','战期期','',118,'湖北省武汉市东湖高新区软件园A1','101'),(36,'2020-08-13 13:34:11','2020-08-13 13:34:11',NULL,_binary '3b871e72-bfe3-4144-8eec-5565ae830020','17612732715','96e79218965eb72c92a549dd5a330112','里意义','里意义','',118,'湖北省武汉市东湖高新区软件园A1','101'),(37,'2020-08-13 13:34:40','2020-08-16 17:42:18',NULL,_binary '542ef454-202c-4c8d-b895-56f6fe039813','17612732716','','陈意义','陈意义','',117,'湖北省武汉市东湖高新区软件园A1','101'),(38,'2020-08-13 13:35:40','2020-08-16 17:42:18',NULL,_binary '28221003-9240-4f10-8134-3bfb8b9726a8','17612732719','','齐白石','齐白石','',113,'湖北省武汉市东湖高新区软件园A1','101'),(39,'2020-08-13 13:36:02','2020-08-16 17:42:18',NULL,_binary '52473279-566a-4eda-a753-117b825575fb','17612732740','','李白','李白','',113,'湖北省武汉市东湖高新区软件园A1','101'),(40,'2020-08-13 13:36:30','2020-08-13 13:36:30',NULL,_binary 'd20bdc1f-7a21-455c-b345-f549ccee8f13','17612732741','96e79218965eb72c92a549dd5a330112','李世民','李世民','',114,'湖北省武汉市东湖高新区软件园A1','101'),(41,'2020-08-13 13:36:51','2020-08-13 16:56:38',NULL,_binary '9f043e86-c535-49ef-adaa-8d57b099c078','17612732742','96e79218965eb72c92a549dd5a330112','杜甫','杜甫','',115,'湖北省武汉市东湖高新区软件园A1','101'),(42,'2020-08-13 13:38:40','2020-08-13 13:38:40',NULL,_binary '01081cfd-766e-4a8d-a269-4a9a21845caa','17612732743','96e79218965eb72c92a549dd5a330112','秦始皇','秦始皇','',112,'湖北省武汉市东湖高新区软件园A1','101'),(43,'2020-08-13 13:39:04','2020-08-13 13:39:04',NULL,_binary '9eab22fd-2c90-43d3-ad41-b59d905af10e','17612732744','96e79218965eb72c92a549dd5a330112','蒋介石','蒋介石','',111,'湖北省武汉市东湖高新区软件园A1','101'),(44,'2020-08-13 13:39:31','2020-08-13 13:39:31',NULL,_binary '24874785-4067-4bf4-8765-98bf027ea63b','17612732745','96e79218965eb72c92a549dd5a330112','李逵','李逵','',108,'湖北省武汉市东湖高新区软件园A1','101'),(45,'2020-08-13 13:39:51','2020-08-13 16:36:29',NULL,_binary 'de8d9d67-0805-4d6c-82dc-93a18df9332e','17612732746','96e79218965eb72c92a549dd5a330112','林冲','林冲','',107,'湖北省武汉市东湖高新区软件园A1','101'),(46,'2020-08-13 13:42:51','2020-08-13 13:42:51',NULL,_binary '4be899cb-53d9-4d7e-8d0d-052a860dc639','17612732750','96e79218965eb72c92a549dd5a330112','宋江','及时雨','',109,'湖北省武汉市东湖高新区软件园A1','101'),(47,'2020-08-13 13:43:25','2020-08-13 13:43:25',NULL,_binary 'c774a33b-0684-424b-90af-96fb8d4d338d','17612732751','96e79218965eb72c92a549dd5a330112','卢俊义','玉麒麟','',111,'湖北省武汉市东湖高新区软件园A1','101'),(48,'2020-08-13 13:44:11','2020-08-13 13:44:11',NULL,_binary 'bc9ab499-2a55-45eb-af10-a70795e1c9ea','17612732752','96e79218965eb72c92a549dd5a330112','吴用','智多星','',111,'湖北省武汉市东湖高新区软件园A1','101'),(49,'2020-08-13 13:46:49','2020-08-13 13:46:49',NULL,_binary '845bc667-1ac9-4906-939c-8f988129e022','17612732754','96e79218965eb72c92a549dd5a330112','公孙胜','入云龙','',117,'用户','101'),(50,'2020-08-13 13:48:12','2020-08-13 13:48:12',NULL,_binary '91dea90b-395a-40cf-b1d6-1e72f9696660','17612732756','96e79218965eb72c92a549dd5a330112','关胜','大刀','',117,'湖北省武汉市东湖高新区软件园A1','101'),(51,'2020-08-13 13:49:17','2020-08-13 13:49:17',NULL,_binary '1d3aa949-0a66-43c6-a98f-b0ca9f22ebf9','17612732757','96e79218965eb72c92a549dd5a330112','秦明','霹雳火','',119,'湖北省武汉市东湖高新区软件园','101'),(52,'2020-08-13 13:50:19','2020-08-13 16:54:10',NULL,_binary '5bbba958-7a99-4b80-b483-222b7dc091e4','17612732758','96e79218965eb72c92a549dd5a330112','呼延灼','双鞭','',110,'湖北省武汉市东湖高新区软件园A1','101'),(53,'2020-08-13 13:50:45','2020-08-13 16:54:10',NULL,_binary '7265559d-e9af-4dcf-bb33-d93ec25f56f4','17612732759','96e79218965eb72c92a549dd5a330112','花荣','小李广','',110,'湖北省武汉市东湖高新区软件园A1','101'),(54,'2020-08-13 13:51:56','2020-08-13 13:51:56',NULL,_binary 'a90f55f5-68d6-453f-8a8f-c273199d6d99','17612732760','96e79218965eb72c92a549dd5a330112','柴进','小旋风','',116,'湖北省武汉市东湖高新区软件园A1','101'),(55,'2020-08-13 13:52:48','2020-08-13 13:52:48',NULL,_binary '4a328a9d-79ab-472e-98ed-4be05bce3574','17612732762','96e79218965eb72c92a549dd5a330112','李应','扑天雕 ','',116,'湖北省武汉市东湖高新区软件园A1','101'),(56,'2020-08-13 13:53:47','2020-08-13 13:53:47',NULL,_binary '855a5f88-2433-49c3-8262-951b703a2aee','17612732763','96e79218965eb72c92a549dd5a330112','鲁智深','花和尚','',114,'湖北省武汉市东湖高新区软件园A1','101');
/*!40000 ALTER TABLE `sys_users` ENABLE KEYS */;
UNLOCK TABLES;

--
-- Table structure for table `sys_workflow_step_infos`
--

DROP TABLE IF EXISTS `sys_workflow_step_infos`;
/*!40101 SET @saved_cs_client     = @@character_set_client */;
/*!40101 SET character_set_client = utf8 */;
CREATE TABLE `sys_workflow_step_infos` (
  `id` int(10) unsigned NOT NULL AUTO_INCREMENT,
  `created_at` timestamp NULL DEFAULT NULL,
  `updated_at` timestamp NULL DEFAULT NULL,
  `deleted_at` timestamp NULL DEFAULT NULL,
  `workflow_id` int(10) unsigned DEFAULT NULL COMMENT '节点id',
  `is_strat` tinyint(1) DEFAULT NULL COMMENT '是否是开始节点',
  `step_name` varchar(255) DEFAULT NULL COMMENT '步骤name',
  `step_no` double DEFAULT NULL COMMENT '第几步',
  `step_authority_id` varchar(255) DEFAULT NULL COMMENT '可操作者角色',
  `is_end` tinyint(1) DEFAULT NULL COMMENT '是否是结尾',
  `sys_workflow_id` int(10) unsigned DEFAULT NULL COMMENT '关联工作流id',
  PRIMARY KEY (`id`) USING BTREE,
  KEY `idx_workflow_step_infos_deleted_at` (`deleted_at`) USING BTREE,
  KEY `idx_sys_workflow_step_infos_deleted_at` (`deleted_at`) USING BTREE
) ENGINE=InnoDB DEFAULT CHARSET=utf8 ROW_FORMAT=COMPACT;
/*!40101 SET character_set_client = @saved_cs_client */;

--
-- Dumping data for table `sys_workflow_step_infos`
--

LOCK TABLES `sys_workflow_step_infos` WRITE;
/*!40000 ALTER TABLE `sys_workflow_step_infos` DISABLE KEYS */;
/*!40000 ALTER TABLE `sys_workflow_step_infos` ENABLE KEYS */;
UNLOCK TABLES;

--
-- Table structure for table `sys_workflows`
--

DROP TABLE IF EXISTS `sys_workflows`;
/*!40101 SET @saved_cs_client     = @@character_set_client */;
/*!40101 SET character_set_client = utf8 */;
CREATE TABLE `sys_workflows` (
  `id` int(10) unsigned NOT NULL AUTO_INCREMENT,
  `created_at` datetime DEFAULT NULL,
  `updated_at` datetime DEFAULT NULL,
  `deleted_at` datetime DEFAULT NULL,
  `workflow_nick_name` varchar(255) DEFAULT NULL COMMENT '工作流中文名称',
  `workflow_name` varchar(255) DEFAULT NULL COMMENT '工作流英文名称',
  `workflow_description` varchar(255) DEFAULT NULL COMMENT '工作流描述',
  PRIMARY KEY (`id`) USING BTREE,
  KEY `idx_sys_workflows_deleted_at` (`deleted_at`) USING BTREE
) ENGINE=InnoDB DEFAULT CHARSET=utf8 ROW_FORMAT=COMPACT;
/*!40101 SET character_set_client = @saved_cs_client */;

--
-- Dumping data for table `sys_workflows`
--

LOCK TABLES `sys_workflows` WRITE;
/*!40000 ALTER TABLE `sys_workflows` DISABLE KEYS */;
/*!40000 ALTER TABLE `sys_workflows` ENABLE KEYS */;
UNLOCK TABLES;

--
-- Table structure for table `user_lifts`
--

DROP TABLE IF EXISTS `user_lifts`;
/*!40101 SET @saved_cs_client     = @@character_set_client */;
/*!40101 SET character_set_client = utf8 */;
CREATE TABLE `user_lifts` (
  `id` int(10) unsigned NOT NULL AUTO_INCREMENT,
  `created_at` datetime DEFAULT NULL,
  `updated_at` datetime DEFAULT NULL,
  `deleted_at` datetime DEFAULT NULL,
  `user_id` int(10) unsigned NOT NULL COMMENT '用户',
  `lift_id` int(10) unsigned NOT NULL COMMENT '电梯',
  `category_id` int(10) NOT NULL COMMENT '用户电梯关系类型',
  PRIMARY KEY (`id`) USING BTREE,
  KEY `idx_user_lifts_deleted_at` (`deleted_at`)
) ENGINE=InnoDB DEFAULT CHARSET=utf8 ROW_FORMAT=COMPACT COMMENT='用户电梯关系表';
/*!40101 SET character_set_client = @saved_cs_client */;

--
-- Dumping data for table `user_lifts`
--

LOCK TABLES `user_lifts` WRITE;
/*!40000 ALTER TABLE `user_lifts` DISABLE KEYS */;
/*!40000 ALTER TABLE `user_lifts` ENABLE KEYS */;
UNLOCK TABLES;

--
-- Final view structure for view `authority_menu`
--

/*!50001 DROP VIEW IF EXISTS `authority_menu`*/;
/*!50001 SET @saved_cs_client          = @@character_set_client */;
/*!50001 SET @saved_cs_results         = @@character_set_results */;
/*!50001 SET @saved_col_connection     = @@collation_connection */;
/*!50001 SET character_set_client      = utf8mb4 */;
/*!50001 SET character_set_results     = utf8mb4 */;
/*!50001 SET collation_connection      = utf8mb4_general_ci */;
/*!50001 CREATE ALGORITHM=UNDEFINED */
/*!50013 DEFINER=`root`@`localhost` SQL SECURITY DEFINER */
/*!50001 VIEW `authority_menu` AS select `sys_base_menus`.`id` AS `id`,`sys_base_menus`.`created_at` AS `created_at`,`sys_base_menus`.`updated_at` AS `updated_at`,`sys_base_menus`.`deleted_at` AS `deleted_at`,`sys_base_menus`.`menu_level` AS `menu_level`,`sys_base_menus`.`parent_id` AS `parent_id`,`sys_base_menus`.`path` AS `path`,`sys_base_menus`.`name` AS `name`,`sys_base_menus`.`hidden` AS `hidden`,`sys_base_menus`.`component` AS `component`,`sys_base_menus`.`title` AS `title`,`sys_base_menus`.`icon` AS `icon`,`sys_base_menus`.`nick_name` AS `nick_name`,`sys_base_menus`.`sort` AS `sort`,`sys_authority_menus`.`sys_authority_authority_id` AS `authority_id`,`sys_authority_menus`.`sys_base_menu_id` AS `menu_id`,`sys_base_menus`.`keep_alive` AS `keep_alive`,`sys_base_menus`.`default_menu` AS `default_menu` from (`sys_authority_menus` join `sys_base_menus` on((`sys_authority_menus`.`sys_base_menu_id` = `sys_base_menus`.`id`))) */;
/*!50001 SET character_set_client      = @saved_cs_client */;
/*!50001 SET character_set_results     = @saved_cs_results */;
/*!50001 SET collation_connection      = @saved_col_connection */;
/*!40103 SET TIME_ZONE=@OLD_TIME_ZONE */;

/*!40101 SET SQL_MODE=@OLD_SQL_MODE */;
/*!40014 SET FOREIGN_KEY_CHECKS=@OLD_FOREIGN_KEY_CHECKS */;
/*!40014 SET UNIQUE_CHECKS=@OLD_UNIQUE_CHECKS */;
/*!40101 SET CHARACTER_SET_CLIENT=@OLD_CHARACTER_SET_CLIENT */;
/*!40101 SET CHARACTER_SET_RESULTS=@OLD_CHARACTER_SET_RESULTS */;
/*!40101 SET COLLATION_CONNECTION=@OLD_COLLATION_CONNECTION */;
/*!40111 SET SQL_NOTES=@OLD_SQL_NOTES */;

-- Dump completed on 2020-08-24 18:04:30
